-- MySQL dump 10.13  Distrib 5.6.21, for Win32 (x86)
--
-- Host: localhost    Database: re-geoportal
-- ------------------------------------------------------
-- Server version	5.6.21

/*!40101 SET @OLD_CHARACTER_SET_CLIENT=@@CHARACTER_SET_CLIENT */;
/*!40101 SET @OLD_CHARACTER_SET_RESULTS=@@CHARACTER_SET_RESULTS */;
/*!40101 SET @OLD_COLLATION_CONNECTION=@@COLLATION_CONNECTION */;
/*!40101 SET NAMES utf8 */;
/*!40103 SET @OLD_TIME_ZONE=@@TIME_ZONE */;
/*!40103 SET TIME_ZONE='+00:00' */;
/*!40014 SET @OLD_UNIQUE_CHECKS=@@UNIQUE_CHECKS, UNIQUE_CHECKS=0 */;
/*!40014 SET @OLD_FOREIGN_KEY_CHECKS=@@FOREIGN_KEY_CHECKS, FOREIGN_KEY_CHECKS=0 */;
/*!40101 SET @OLD_SQL_MODE=@@SQL_MODE, SQL_MODE='NO_AUTO_VALUE_ON_ZERO' */;
/*!40111 SET @OLD_SQL_NOTES=@@SQL_NOTES, SQL_NOTES=0 */;

--
-- Table structure for table `ads`
--

DROP TABLE IF EXISTS `ads`;
/*!40101 SET @saved_cs_client     = @@character_set_client */;
/*!40101 SET character_set_client = utf8 */;
CREATE TABLE `ads` (
  `id` int(11) NOT NULL AUTO_INCREMENT,
  `code` varchar(45) COLLATE utf8_unicode_ci DEFAULT NULL,
  `title` varchar(45) COLLATE utf8_unicode_ci DEFAULT NULL,
  `type` varchar(45) COLLATE utf8_unicode_ci DEFAULT NULL,
  `description` varchar(160) COLLATE utf8_unicode_ci DEFAULT NULL,
  `width` varchar(15) COLLATE utf8_unicode_ci DEFAULT NULL,
  `height` varchar(15) COLLATE utf8_unicode_ci DEFAULT NULL,
  `link` varchar(160) COLLATE utf8_unicode_ci DEFAULT NULL,
  `repository_id` int(11) DEFAULT NULL,
  `is_activated` tinyint(1) DEFAULT '1',
  `is_hardlocked` tinyint(1) DEFAULT '0',
  `is_random` tinyint(1) DEFAULT '0',
  PRIMARY KEY (`id`)
) ENGINE=InnoDB AUTO_INCREMENT=5 DEFAULT CHARSET=utf8 COLLATE=utf8_unicode_ci;
/*!40101 SET character_set_client = @saved_cs_client */;

--
-- Dumping data for table `ads`
--

INSERT INTO `ads` VALUES (1,'Leaderboard','Jira','2','Leaderboard banner 728x90','728','90','https://www.atlassian.com',235,1,0,1),(3,'0','Volkswagen Golf','1','Volkswagen Golf banner','0','0','http://en.wikipedia.org/wiki/Volkswagen_Golf',238,1,0,1),(4,NULL,'webtechcon','0','webtechcon',NULL,NULL,'http://webtechcon.de',239,1,0,1);

--
-- Table structure for table `affilate_packages`
--

DROP TABLE IF EXISTS `affilate_packages`;
/*!40101 SET @saved_cs_client     = @@character_set_client */;
/*!40101 SET character_set_client = utf8 */;
CREATE TABLE `affilate_packages` (
  `id_affilate_packages` int(11) NOT NULL AUTO_INCREMENT,
  `user_id` int(11) DEFAULT NULL,
  `treefield_id` int(11) DEFAULT NULL,
  `date_last_payment` datetime DEFAULT NULL,
  `date_expire` datetime DEFAULT NULL,
  `paid_total` decimal(9,2) DEFAULT NULL,
  `currency` varchar(45) COLLATE utf8_unicode_ci DEFAULT NULL,
  PRIMARY KEY (`id_affilate_packages`)
) ENGINE=InnoDB AUTO_INCREMENT=2 DEFAULT CHARSET=utf8 COLLATE=utf8_unicode_ci;
/*!40101 SET character_set_client = @saved_cs_client */;

--
-- Dumping data for table `affilate_packages`
--

INSERT INTO `affilate_packages` VALUES (1,29,22,'2015-10-05 00:00:00','2015-10-29 00:00:00',30.00,'USD');

--
-- Table structure for table `agency_agent`
--

DROP TABLE IF EXISTS `agency_agent`;
/*!40101 SET @saved_cs_client     = @@character_set_client */;
/*!40101 SET character_set_client = utf8 */;
CREATE TABLE `agency_agent` (
  `id` int(11) NOT NULL AUTO_INCREMENT,
  `agency_id` int(11) DEFAULT NULL,
  `agent_id` int(11) DEFAULT NULL,
  PRIMARY KEY (`id`)
) ENGINE=InnoDB DEFAULT CHARSET=utf8 COLLATE=utf8_unicode_ci;
/*!40101 SET character_set_client = @saved_cs_client */;

--
-- Dumping data for table `agency_agent`
--


--
-- Table structure for table `backup`
--

DROP TABLE IF EXISTS `backup`;
/*!40101 SET @saved_cs_client     = @@character_set_client */;
/*!40101 SET character_set_client = utf8 */;
CREATE TABLE `backup` (
  `id` int(11) NOT NULL AUTO_INCREMENT,
  `date_created` datetime DEFAULT NULL,
  `sql_file` varchar(160) COLLATE utf8_unicode_ci DEFAULT NULL,
  `zip_file` varchar(160) COLLATE utf8_unicode_ci DEFAULT NULL,
  `script_version` varchar(45) COLLATE utf8_unicode_ci DEFAULT NULL,
  PRIMARY KEY (`id`)
) ENGINE=InnoDB DEFAULT CHARSET=utf8 COLLATE=utf8_unicode_ci;
/*!40101 SET character_set_client = @saved_cs_client */;

--
-- Dumping data for table `backup`
--


--
-- Table structure for table `cacher`
--

DROP TABLE IF EXISTS `cacher`;
/*!40101 SET @saved_cs_client     = @@character_set_client */;
/*!40101 SET character_set_client = utf8 */;
CREATE TABLE `cacher` (
  `id` int(11) NOT NULL AUTO_INCREMENT,
  `index_hash` varchar(40) COLLATE utf8_unicode_ci DEFAULT NULL,
  `index_real` varchar(100) COLLATE utf8_unicode_ci DEFAULT NULL,
  `value` text COLLATE utf8_unicode_ci,
  `expire_date` datetime DEFAULT NULL,
  PRIMARY KEY (`id`),
  UNIQUE KEY `index_chars_UNIQUE` (`index_hash`)
) ENGINE=InnoDB AUTO_INCREMENT=33 DEFAULT CHARSET=utf8 COLLATE=utf8_unicode_ci;
/*!40101 SET character_set_client = @saved_cs_client */;

--
-- Dumping data for table `cacher`
--

INSERT INTO `cacher` VALUES (31,'90f296016d429eb3ab7fc87af6c9d08c','zagreb','s:1537:\"{\n   \"results\" : [\n      {\n         \"address_components\" : [\n            {\n               \"long_name\" : \"Zagreb\",\n               \"short_name\" : \"Zagreb\",\n               \"types\" : [ \"locality\", \"political\" ]\n            },\n            {\n               \"long_name\" : \"City of Zagreb\",\n               \"short_name\" : \"City of Zagreb\",\n               \"types\" : [ \"administrative_area_level_1\", \"political\" ]\n            },\n            {\n               \"long_name\" : \"Croatia\",\n               \"short_name\" : \"HR\",\n               \"types\" : [ \"country\", \"political\" ]\n            }\n         ],\n         \"formatted_address\" : \"Zagreb, Croatia\",\n         \"geometry\" : {\n            \"bounds\" : {\n               \"northeast\" : {\n                  \"lat\" : 45.9395392,\n                  \"lng\" : 16.1069727\n               },\n               \"southwest\" : {\n                  \"lat\" : 45.7408527,\n                  \"lng\" : 15.8216904\n               }\n            },\n            \"location\" : {\n               \"lat\" : 45.8150108,\n               \"lng\" : 15.981919\n            },\n            \"location_type\" : \"APPROXIMATE\",\n            \"viewport\" : {\n               \"northeast\" : {\n                  \"lat\" : 45.9395392,\n                  \"lng\" : 16.1069727\n               },\n               \"southwest\" : {\n                  \"lat\" : 45.7408527,\n                  \"lng\" : 15.8216904\n               }\n            }\n         },\n         \"place_id\" : \"ChIJOcwCyZLWZUcRisL7KJYkRTo\",\n         \"types\" : [ \"locality\", \"political\" ]\n      }\n   ],\n   \"status\" : \"OK\"\n}\n\";','2023-05-23 18:09:16'),(32,'267640588a3983481a032894a50f0be6','croatia','s:1160:\"{\n   \"results\" : [\n      {\n         \"address_components\" : [\n            {\n               \"long_name\" : \"Croatia\",\n               \"short_name\" : \"HR\",\n               \"types\" : [ \"country\", \"political\" ]\n            }\n         ],\n         \"formatted_address\" : \"Croatia\",\n         \"geometry\" : {\n            \"bounds\" : {\n               \"northeast\" : {\n                  \"lat\" : 46.5552234,\n                  \"lng\" : 19.4480523\n               },\n               \"southwest\" : {\n                  \"lat\" : 42.3922402,\n                  \"lng\" : 13.4896912\n               }\n            },\n            \"location\" : {\n               \"lat\" : 45.1,\n               \"lng\" : 15.2\n            },\n            \"location_type\" : \"APPROXIMATE\",\n            \"viewport\" : {\n               \"northeast\" : {\n                  \"lat\" : 46.5552234,\n                  \"lng\" : 19.4480523\n               },\n               \"southwest\" : {\n                  \"lat\" : 42.3924451,\n                  \"lng\" : 13.4896912\n               }\n            }\n         },\n         \"place_id\" : \"ChIJ7ZXdCghBNBMRfxtm4STA86A\",\n         \"types\" : [ \"country\", \"political\" ]\n      }\n   ],\n   \"status\" : \"OK\"\n}\n\";','2023-12-07 19:14:59');

--
-- Table structure for table `ci_sessions`
--

DROP TABLE IF EXISTS `ci_sessions`;
/*!40101 SET @saved_cs_client     = @@character_set_client */;
/*!40101 SET character_set_client = utf8 */;
CREATE TABLE `ci_sessions` (
  `session_id` varchar(40) COLLATE utf8_unicode_ci NOT NULL DEFAULT '0',
  `ip_address` varchar(45) COLLATE utf8_unicode_ci NOT NULL DEFAULT '0',
  `user_agent` varchar(120) COLLATE utf8_unicode_ci NOT NULL,
  `last_activity` int(10) unsigned NOT NULL DEFAULT '0',
  `user_data` text COLLATE utf8_unicode_ci NOT NULL,
  PRIMARY KEY (`session_id`),
  KEY `last_activity_idx` (`last_activity`)
) ENGINE=MyISAM DEFAULT CHARSET=utf8 COLLATE=utf8_unicode_ci;
/*!40101 SET character_set_client = @saved_cs_client */;

--
-- Dumping data for table `ci_sessions`
--


--
-- Table structure for table `claim`
--

DROP TABLE IF EXISTS `claim`;
/*!40101 SET @saved_cs_client     = @@character_set_client */;
/*!40101 SET character_set_client = utf8 */;
CREATE TABLE `claim` (
  `id` int(11) NOT NULL AUTO_INCREMENT,
  `date_submit` datetime DEFAULT NULL,
  `name` varchar(45) DEFAULT NULL,
  `surname` varchar(64) DEFAULT NULL,
  `phone` varchar(45) DEFAULT NULL,
  `email` varchar(45) DEFAULT NULL,
  `model` varchar(45) DEFAULT NULL,
  `model_id` int(11) DEFAULT NULL,
  `message` text,
  `allow_contact` varchar(45) DEFAULT NULL,
  `repository_id` int(32) DEFAULT NULL,
  PRIMARY KEY (`id`)
) ENGINE=InnoDB DEFAULT CHARSET=utf8;
/*!40101 SET character_set_client = @saved_cs_client */;

--
-- Dumping data for table `claim`
--


--
-- Table structure for table `conversions`
--

DROP TABLE IF EXISTS `conversions`;
/*!40101 SET @saved_cs_client     = @@character_set_client */;
/*!40101 SET character_set_client = utf8 */;
CREATE TABLE `conversions` (
  `id` int(11) NOT NULL AUTO_INCREMENT,
  `currency_code` varchar(10) COLLATE utf8_unicode_ci DEFAULT NULL,
  `conversion_index` decimal(10,3) DEFAULT NULL,
  `currency_symbol` varchar(5) COLLATE utf8_unicode_ci DEFAULT NULL,
  PRIMARY KEY (`id`)
) ENGINE=InnoDB AUTO_INCREMENT=4 DEFAULT CHARSET=utf8 COLLATE=utf8_unicode_ci;
/*!40101 SET character_set_client = @saved_cs_client */;

--
-- Dumping data for table `conversions`
--

INSERT INTO `conversions` VALUES (1,'HRK',1.000,NULL),(2,'EUR',7.500,'â‚¬'),(3,'USD',6.500,'$');

--
-- Table structure for table `custom_templates`
--

DROP TABLE IF EXISTS `custom_templates`;
/*!40101 SET @saved_cs_client     = @@character_set_client */;
/*!40101 SET character_set_client = utf8 */;
CREATE TABLE `custom_templates` (
  `id` int(11) NOT NULL AUTO_INCREMENT,
  `theme` varchar(150) COLLATE utf8_unicode_ci DEFAULT NULL,
  `template_name` varchar(150) COLLATE utf8_unicode_ci DEFAULT NULL,
  `type` varchar(45) COLLATE utf8_unicode_ci DEFAULT NULL COMMENT 'RIGHT|LEFT',
  `widgets_order` text COLLATE utf8_unicode_ci,
  PRIMARY KEY (`id`)
) ENGINE=InnoDB AUTO_INCREMENT=6 DEFAULT CHARSET=utf8 COLLATE=utf8_unicode_ci;
/*!40101 SET character_set_client = @saved_cs_client */;

--
-- Dumping data for table `custom_templates`
--

INSERT INTO `custom_templates` VALUES (2,'bootstrap4','property page','LISTING','{  \"header\": [ ], \"top\": [ ], \"center\": [  \"center_slider_description\", \"center_amenities_indoor\", \"center_amenities_outdoor\", \"center_distances\", \"center_rates_table\", \"center_map-walkscore\", \"center_imagegallery\", \"center_facecomments\", \"center_otherlistings\" ], \"right\": [  \"right_overview\", \"right_print\", \"right_pdf\", \"right_property_energygas\", \"right_agent-details\", \"right_currency-conversions\", \"right_enquiry-form\", \"right_qrcode\", \"right_compare\" ], \"bottom\": [ ], \"footer\": [ ] }'),(4,'boomerang','boomerang-standard','RESULT_ITEM','{  \"center\":  {  \"id_57\":{\"f_id\":\"57\", \"f_title\":\"Size precise\", \"f_style\":\"display:none;\", \"f_class\":\"fa-building\", \"type\":\"INPUTBOX\"} ,\"id_32\":{\"f_id\":\"32\", \"f_title\":\"Parking\", \"f_style\":\"\", \"f_class\":\"fa-car\", \"type\":\"CHECKBOX\"} ,\"id_19\":{\"f_id\":\"19\", \"f_title\":\"Bathrooms\", \"f_style\":\"\", \"f_class\":\"fa-tint\", \"type\":\"INPUTBOX\"} } }'),(5,'bootstrap2-responsive','test','RIGHT','{  \"header\": [  \"header_loginmenu\", \"header_mainmenu\" ], \"top\": [  \"top_mapsearch_scale\" ], \"center\": [  \"center_recentproperties\", \"center_defaultcontent\" ], \"right\": [  \"right_agents\" ], \"bottom\": [  \"bottom_partners\" ], \"footer\": [  \"footer_logo\" ] }');

--
-- Table structure for table `dependent_field`
--

DROP TABLE IF EXISTS `dependent_field`;
/*!40101 SET @saved_cs_client     = @@character_set_client */;
/*!40101 SET character_set_client = utf8 */;
CREATE TABLE `dependent_field` (
  `id_dependent_field` int(11) NOT NULL AUTO_INCREMENT,
  `field_id` int(11) DEFAULT NULL COMMENT 'Dependent field/option id',
  `selected_index` int(11) DEFAULT NULL COMMENT 'Selected dropdown index',
  `selected_value` int(11) DEFAULT NULL COMMENT 'Dependent field value (not required)',
  `hidden_fields_list` text COLLATE utf8_unicode_ci COMMENT 'saparated with comma "1,2,3"',
  PRIMARY KEY (`id_dependent_field`)
) ENGINE=InnoDB AUTO_INCREMENT=3 DEFAULT CHARSET=utf8 COLLATE=utf8_unicode_ci;
/*!40101 SET character_set_client = @saved_cs_client */;

--
-- Dumping data for table `dependent_field`
--

INSERT INTO `dependent_field` VALUES (1,2,2,NULL,'39,19,20,58,53,59,60,21,22,23,24,25,28,29,31,52,11,30,27,33,32'),(2,64,18,NULL,'2,5,7,21,22,23,24,25,28,29');

--
-- Table structure for table `enquire`
--

DROP TABLE IF EXISTS `enquire`;
/*!40101 SET @saved_cs_client     = @@character_set_client */;
/*!40101 SET character_set_client = utf8 */;
CREATE TABLE `enquire` (
  `id` int(11) NOT NULL AUTO_INCREMENT,
  `property_id` int(11) DEFAULT NULL,
  `name_surname` varchar(45) COLLATE utf8_unicode_ci DEFAULT NULL,
  `phone` varchar(45) COLLATE utf8_unicode_ci DEFAULT NULL,
  `date` datetime DEFAULT NULL,
  `mail` varchar(45) COLLATE utf8_unicode_ci DEFAULT NULL,
  `message` text COLLATE utf8_unicode_ci,
  `readed` binary(1) DEFAULT '0',
  `address` text COLLATE utf8_unicode_ci,
  `fromdate` varchar(20) COLLATE utf8_unicode_ci DEFAULT NULL,
  `todate` varchar(20) COLLATE utf8_unicode_ci DEFAULT NULL,
  `last_reply` text COLLATE utf8_unicode_ci,
  `agent_id` int(11) DEFAULT NULL,
  `from_id` int(11) DEFAULT NULL,
  `to_id` int(11) DEFAULT NULL,
  `del_from` int(11) NOT NULL DEFAULT '0',
  `del_to` int(11) NOT NULL DEFAULT '0',
  `repository_id` int(32) DEFAULT NULL,
  PRIMARY KEY (`id`),
  KEY `fk_enquire_property1_idx` (`property_id`),
  CONSTRAINT `fk_enquire_property1` FOREIGN KEY (`property_id`) REFERENCES `property` (`id`) ON DELETE NO ACTION ON UPDATE NO ACTION
) ENGINE=InnoDB AUTO_INCREMENT=10 DEFAULT CHARSET=utf8 COLLATE=utf8_unicode_ci;
/*!40101 SET character_set_client = @saved_cs_client */;

--
-- Dumping data for table `enquire`
--

INSERT INTO `enquire` VALUES (1,9,'Hrvoje Trnovac','01234433','2014-02-07 11:10:31','info@moj-trnovec.com','I want to buy this property 1','0','Trnovec','','',NULL,NULL,NULL,NULL,0,0,NULL),(8,30,'Test user','+385959055516','2015-06-20 19:34:08','sanljiljan@geniuscript.com','Interested for this property','0','Cyro trento 23','2015-07-01','2015-07-08',NULL,NULL,NULL,NULL,0,0,NULL),(9,30,'Test user','+385959055516','2015-06-20 19:35:24','sanljiljan@geniuscript.com','Interested for this property','0','Cyro trento 23','2015-07-15','2015-07-22',NULL,NULL,NULL,NULL,0,0,NULL);

--
-- Table structure for table `favorites`
--

DROP TABLE IF EXISTS `favorites`;
/*!40101 SET @saved_cs_client     = @@character_set_client */;
/*!40101 SET character_set_client = utf8 */;
CREATE TABLE `favorites` (
  `id` int(11) NOT NULL AUTO_INCREMENT,
  `date_saved` datetime DEFAULT NULL,
  `lang_code` varchar(45) COLLATE utf8_unicode_ci DEFAULT 'en',
  `user_id` int(11) DEFAULT NULL,
  `property_id` int(11) DEFAULT NULL,
  `date_last_informed` datetime DEFAULT NULL,
  PRIMARY KEY (`id`)
) ENGINE=InnoDB AUTO_INCREMENT=23 DEFAULT CHARSET=utf8 COLLATE=utf8_unicode_ci;
/*!40101 SET character_set_client = @saved_cs_client */;

--
-- Dumping data for table `favorites`
--

INSERT INTO `favorites` VALUES (21,'2015-02-12 19:02:44','en',8,12,'2015-02-13 12:09:11'),(22,'2015-12-26 13:25:57','en',18,14,'2015-12-26 13:25:57');

--
-- Table structure for table `file`
--

DROP TABLE IF EXISTS `file`;
/*!40101 SET @saved_cs_client     = @@character_set_client */;
/*!40101 SET character_set_client = utf8 */;
CREATE TABLE `file` (
  `id` int(11) NOT NULL AUTO_INCREMENT,
  `order` int(11) DEFAULT NULL,
  `filename` varchar(200) COLLATE utf8_unicode_ci DEFAULT NULL,
  `filetype` varchar(45) COLLATE utf8_unicode_ci DEFAULT NULL,
  `repository_id` int(11) NOT NULL,
  `alt` varchar(100) COLLATE utf8_unicode_ci DEFAULT NULL,
  `description` text COLLATE utf8_unicode_ci,
  `title` varchar(255) COLLATE utf8_unicode_ci DEFAULT NULL,
  `link` varchar(255) COLLATE utf8_unicode_ci DEFAULT NULL,
  `listing_id` int(11) DEFAULT NULL,
  PRIMARY KEY (`id`),
  UNIQUE KEY `filename_UNIQUE` (`filename`),
  KEY `fk_file_repository1_idx` (`repository_id`),
  CONSTRAINT `fk_file_repository1` FOREIGN KEY (`repository_id`) REFERENCES `repository` (`id`) ON DELETE NO ACTION ON UPDATE NO ACTION
) ENGINE=InnoDB AUTO_INCREMENT=262 DEFAULT CHARSET=utf8 COLLATE=utf8_unicode_ci;
/*!40101 SET character_set_client = @saved_cs_client */;

--
-- Dumping data for table `file`
--

INSERT INTO `file` VALUES (1,1,'sandi.winter.jpg','image/jpeg',6,NULL,NULL,NULL,NULL,NULL),(2,2,'agent.jpg','image/jpeg',21,NULL,NULL,NULL,NULL,NULL),(15,10,'386182116_5e4c8542ab_b.jpg','image/jpeg',27,NULL,NULL,NULL,NULL,NULL),(16,11,'386178827_b3f160ebbf_b.jpg','image/jpeg',27,NULL,NULL,NULL,NULL,NULL),(17,12,'386178836_d28b943063_b.jpg','image/jpeg',27,NULL,NULL,NULL,NULL,NULL),(18,13,'386178822_3fef9a2f07_b.jpg','image/jpeg',27,NULL,NULL,NULL,NULL,NULL),(19,14,'431262909_a009e2897b_o.jpg','image/jpeg',28,NULL,NULL,NULL,NULL,NULL),(20,15,'431262907_bf66c3cd6f_o.jpg','image/jpeg',28,NULL,NULL,NULL,NULL,NULL),(21,16,'431262903_9d77804a5b_o.jpg','image/jpeg',28,NULL,NULL,NULL,NULL,NULL),(22,17,'431267985_286ac5c8cd_o.jpg','image/jpeg',28,NULL,NULL,NULL,NULL,NULL),(23,18,'431262910_33356f1671_o.jpg','image/jpeg',28,NULL,NULL,NULL,NULL,NULL),(24,2,'389938915_e18683c4f4_b.jpg','image/jpeg',29,NULL,NULL,NULL,NULL,NULL),(25,1,'389936596_72d6cba1b9_b.jpg','image/jpeg',29,NULL,NULL,NULL,NULL,NULL),(26,3,'389936590_6bcb246b9b_b.jpg','image/jpeg',29,NULL,NULL,NULL,NULL,NULL),(27,4,'389928265_ce3b505a52_b.jpg','image/jpeg',29,NULL,NULL,NULL,NULL,NULL),(28,2,'5388652594_ce85c25084_b.jpg','image/jpeg',30,NULL,NULL,NULL,NULL,NULL),(29,3,'5388046113_48d973bd16_b.jpg','image/jpeg',30,NULL,NULL,NULL,NULL,NULL),(30,4,'5388046911_533d2bcdec_b.jpg','image/jpeg',30,NULL,NULL,NULL,NULL,NULL),(31,5,'5388653730_73ea27ca08_b.jpg','image/jpeg',30,NULL,NULL,NULL,NULL,NULL),(32,1,'5388047921_efc5b357c8_b.jpg','image/jpeg',30,NULL,NULL,NULL,NULL,NULL),(33,2,'5388050983_0bf177bb8a_b.jpg','image/jpeg',31,NULL,NULL,NULL,NULL,NULL),(34,1,'5388050721_b84cf3a0a3_b.jpg','image/jpeg',31,NULL,NULL,NULL,NULL,NULL),(35,3,'5388658660_975a93b2ae_b.jpg','image/jpeg',31,NULL,NULL,NULL,NULL,NULL),(36,5,'5388053335_81ea378b09_b.jpg','image/jpeg',31,NULL,NULL,NULL,NULL,NULL),(37,4,'5388053637_ba77c0b486_b.jpg','image/jpeg',31,NULL,NULL,NULL,NULL,NULL),(38,2,'5388056665_86a3de4d36_b.jpg','image/jpeg',32,NULL,NULL,NULL,NULL,NULL),(39,3,'5388663918_f6767e53d0_b.jpg','image/jpeg',32,NULL,NULL,NULL,NULL,NULL),(40,1,'5388057701_5a618e8a9e_b.jpg','image/jpeg',32,NULL,NULL,NULL,NULL,NULL),(41,4,'5388058111_cbf80b7902_b.jpg','image/jpeg',32,NULL,NULL,NULL,NULL,NULL),(42,5,'5388056843_bdbfb5499a_b.jpg','image/jpeg',32,NULL,NULL,NULL,NULL,NULL),(43,1,'5388050419_e3ef95b8eb_b.jpg','image/jpeg',33,NULL,NULL,NULL,NULL,NULL),(44,2,'576752732_a5c79cbb1f_o.jpg','image/jpeg',33,NULL,NULL,NULL,NULL,NULL),(45,19,'147822442_014fc68a36_o.jpg','image/jpeg',34,NULL,NULL,NULL,NULL,NULL),(46,20,'5388654584_6c1d0f8475_b.jpg','image/jpeg',34,NULL,NULL,NULL,NULL,NULL),(47,21,'5388658984_edb1fcd5a4_b.jpg','image/jpeg',34,NULL,NULL,NULL,NULL,NULL),(48,22,'148583306_cad8fc948c_o.jpg','image/jpeg',35,NULL,NULL,NULL,NULL,NULL),(49,23,'5388054365_288cf72f15_b.jpg','image/jpeg',35,NULL,NULL,NULL,NULL,NULL),(50,24,'5388655270_fbbf78a1f9_b.jpg','image/jpeg',35,NULL,NULL,NULL,NULL,NULL),(51,25,'227963176_2a296e7f0d_o.jpg','image/jpeg',36,NULL,NULL,NULL,NULL,NULL),(52,26,'5388055503_bdfec0a3d5_b.jpg','image/jpeg',36,NULL,NULL,NULL,NULL,NULL),(53,27,'5388661724_e92356d456_b.jpg','image/jpeg',36,NULL,NULL,NULL,NULL,NULL),(54,2,'2407030202_445d617c69_o.jpg','image/jpeg',37,NULL,NULL,NULL,NULL,NULL),(55,3,'5388054707_9e5cd581fe_b.jpg','image/jpeg',37,NULL,NULL,NULL,NULL,NULL),(56,1,'5388052993_efdcb497f3_b.jpg','image/jpeg',37,NULL,NULL,NULL,NULL,NULL),(57,2,'5388051239_00764065f2_b.jpg','image/jpeg',38,NULL,NULL,NULL,NULL,NULL),(58,1,'1199605400_2b897736d1_o.jpg','image/jpeg',38,NULL,NULL,NULL,NULL,NULL),(59,1,'162803672_8244db2362_o.jpg','image/jpeg',39,NULL,NULL,NULL,NULL,NULL),(60,2,'5388656350_fc498d8f1f_b.jpg','image/jpeg',39,NULL,NULL,NULL,NULL,NULL),(61,3,'5388051533_4e871bde69_b.jpg','image/jpeg',39,NULL,NULL,NULL,NULL,NULL),(64,30,'agent-lazo.jpg','image/jpeg',184,NULL,NULL,NULL,NULL,NULL),(65,31,'pero-agent.jpg','image/jpeg',185,NULL,NULL,NULL,NULL,NULL),(66,2,'431267985_286ac5c8cd_o (1).jpg','image/jpeg',197,NULL,NULL,NULL,NULL,NULL),(68,1,'431262903_9d77804a5b_o (1).jpg','image/jpeg',197,NULL,NULL,NULL,NULL,NULL),(91,1,'413539183_cc8e400d9d_o.jpg','image/jpeg',24,'','','','',NULL),(92,2,'413539186_5b9d7a1390_o.jpg','image/jpeg',24,'','','','',NULL),(93,3,'413539179_0f7a2d340c_o.jpg','image/jpeg',24,NULL,NULL,NULL,NULL,NULL),(95,39,'5388658660_975a93b2ae_b (1).jpg','image/jpeg',207,NULL,NULL,NULL,NULL,NULL),(96,40,'5388053335_81ea378b09_b (1).jpg','image/jpeg',207,NULL,NULL,NULL,NULL,NULL),(97,41,'5388053637_ba77c0b486_b (1).jpg','image/jpeg',207,NULL,NULL,NULL,NULL,NULL),(98,42,'5388050721_b84cf3a0a3_b (1).jpg','image/jpeg',208,NULL,NULL,NULL,NULL,NULL),(99,43,'5388050983_0bf177bb8a_b (1).jpg','image/jpeg',208,NULL,NULL,NULL,NULL,NULL),(100,44,'5388050419_e3ef95b8eb_b (1).jpg','image/jpeg',209,NULL,NULL,NULL,NULL,NULL),(101,45,'576752732_a5c79cbb1f_o (1).jpg','image/jpeg',209,NULL,NULL,NULL,NULL,NULL),(102,46,'5388051239_00764065f2_b (1).jpg','image/jpeg',211,NULL,NULL,NULL,NULL,NULL),(103,47,'1199605400_2b897736d1_o (1).jpg','image/jpeg',211,NULL,NULL,NULL,NULL,NULL),(104,48,'501843272_9479110f60_b.jpg','image/jpeg',24,NULL,NULL,NULL,NULL,NULL),(105,1,'jira-728x90jpg.jpg','image/jpeg',235,NULL,NULL,NULL,NULL,NULL),(107,2,'feedingamerica_728x90.gif','image/gif',235,NULL,NULL,NULL,NULL,NULL),(109,49,'creative-banners-volkswagen-golf-australia-launch.jpg','image/jpeg',238,NULL,NULL,NULL,NULL,NULL),(110,50,'moki-preka-draudimas-180x150px-1.jpg','image/jpeg',239,NULL,NULL,NULL,NULL,NULL),(111,51,'wtc_promobutton2.jpg','image/jpeg',239,NULL,NULL,NULL,NULL,NULL),(112,52,'5388057701_5a618e8a9e_b (1).jpg','image/jpeg',240,NULL,NULL,NULL,NULL,NULL),(113,53,'5388058111_cbf80b7902_b (1).jpg','image/jpeg',240,NULL,NULL,NULL,NULL,NULL),(122,1,'wap-logo v2.png','image/png',241,NULL,NULL,NULL,NULL,NULL),(123,2,'Row-of-New-Ties-in-the-Shop.jpg','image/jpeg',241,NULL,NULL,NULL,NULL,NULL),(124,4,'aresol-flat-tire-repair.jpg','image/jpeg',241,NULL,NULL,NULL,NULL,NULL),(125,3,'Tampa-Tire-Repair.jpg','image/jpeg',241,NULL,NULL,NULL,NULL,NULL),(126,54,'logo-350.png','image/png',243,NULL,NULL,NULL,NULL,NULL),(127,55,'14504018.jpg','image/jpeg',243,NULL,NULL,NULL,NULL,NULL),(128,56,'780354570.jpg','image/jpeg',243,NULL,NULL,NULL,NULL,NULL),(129,57,'cropped-logo2.png','image/png',244,NULL,NULL,NULL,NULL,NULL),(130,58,'ar123766726859378.jpg','image/jpeg',244,NULL,NULL,NULL,NULL,NULL),(131,59,'original.jpg','image/jpeg',244,NULL,NULL,NULL,NULL,NULL),(132,60,'sellers-market.jpg','image/jpeg',244,NULL,NULL,NULL,NULL,NULL),(133,61,'CV-example-1.doc','application/msword',21,NULL,NULL,NULL,NULL,NULL),(134,62,'alogo3.png','image/png',185,NULL,NULL,NULL,NULL,NULL),(135,63,'apartment-sketch.pdf','application/pdf',29,NULL,NULL,NULL,NULL,NULL),(136,64,'apartment-sketch (1).pdf','application/pdf',244,NULL,NULL,NULL,NULL,NULL),(137,65,'cute-baby-wallpapers-4.jpg','image/jpeg',247,NULL,NULL,NULL,NULL,NULL),(140,66,'adzoo_728x90 (4).gif','image/gif',235,NULL,NULL,NULL,NULL,NULL),(150,67,'remax.png','image/png',21,NULL,NULL,NULL,NULL,NULL),(151,68,'alogo4.png','image/png',184,NULL,NULL,NULL,NULL,NULL),(154,3,'house-interior-m-2.jpg','image/jpeg',22,NULL,NULL,NULL,NULL,NULL),(155,2,'house-exterior-m-1.jpg','image/jpeg',22,'','','Spa Bliznec','http://localhost/themes-customization/index.php/property/7/en/spa_bliznec',7),(256,85,'real_estate_banneragent.jpg','image/jpeg',281,NULL,NULL,NULL,NULL,NULL),(257,86,'bg_hero_repair_930px_x_250px.png','image/png',280,NULL,NULL,NULL,NULL,NULL),(258,1,'house-interior-m-1.jpg','image/jpeg',22,'','','Bjelovar estate','http://localhost/themes-customization/index.php/property/30/en/bjelovar_estate',30),(260,2,'agencie_3.png','image/png',329,NULL,NULL,NULL,NULL,NULL),(261,1,'photodune_712564_agent_xs.jpg','image/jpeg',329,NULL,NULL,NULL,NULL,NULL);

--
-- Table structure for table `forms_search`
--

DROP TABLE IF EXISTS `forms_search`;
/*!40101 SET @saved_cs_client     = @@character_set_client */;
/*!40101 SET character_set_client = utf8 */;
CREATE TABLE `forms_search` (
  `id` int(11) NOT NULL AUTO_INCREMENT,
  `theme` varchar(150) COLLATE utf8_unicode_ci DEFAULT NULL,
  `form_name` varchar(150) COLLATE utf8_unicode_ci DEFAULT NULL,
  `type` varchar(45) COLLATE utf8_unicode_ci DEFAULT NULL,
  `fields_order_primary` text COLLATE utf8_unicode_ci COMMENT 'json data',
  `fields_order_secondary` text COLLATE utf8_unicode_ci COMMENT 'json data',
  PRIMARY KEY (`id`)
) ENGINE=InnoDB AUTO_INCREMENT=8 DEFAULT CHARSET=utf8 COLLATE=utf8_unicode_ci;
/*!40101 SET character_set_client = @saved_cs_client */;

--
-- Dumping data for table `forms_search`
--

INSERT INTO `forms_search` VALUES (1,'realocation','Standard search','MAIN','{  \"PRIMARY\": {  \"TREE_64\":{\"direction\":\"NONE\", \"style\":\"\", \"class\":\"\", \"id\":\"64\", \"type\":\"TREE\"} ,\"C_PURPOSE\":{\"direction\":\"NONE\", \"style\":\"\", \"class\":\"\", \"id\":\"NONE\", \"type\":\"C_PURPOSE\"} ,\"SMART_SEARCH\":{\"direction\":\"NONE\", \"style\":\"\", \"class\":\"\", \"id\":\"NONE\", \"type\":\"SMART_SEARCH\"} ,\"DROPDOWN_2\":{\"direction\":\"NONE\", \"style\":\"\", \"class\":\"\", \"id\":\"2\", \"type\":\"DROPDOWN\"} ,\"INPUTBOX_57_FROM\":{\"direction\":\"FROM\", \"style\":\"\", \"class\":\"col-sm-12\", \"id\":\"57\", \"type\":\"INPUTBOX\"} ,\"DATE_RANGE\":{\"direction\":\"NONE\", \"style\":\"\", \"class\":\"\", \"id\":\"NONE\", \"type\":\"DATE_RANGE\"} ,\"INPUTBOX_36_FROM\":{\"direction\":\"FROM\", \"style\":\"\", \"class\":\"\", \"id\":\"36\", \"type\":\"INPUTBOX\"} ,\"INPUTBOX_36_TO\":{\"direction\":\"TO\", \"style\":\"\", \"class\":\"\", \"id\":\"36\", \"type\":\"INPUTBOX\"} }, \"SECONDARY\": {  \"INPUTBOX_19\":{\"direction\":\"NONE\", \"style\":\"\", \"class\":\"\", \"id\":\"19\", \"type\":\"INPUTBOX\"} ,\"INPUTBOX_20\":{\"direction\":\"NONE\", \"style\":\"\", \"class\":\"\", \"id\":\"20\", \"type\":\"INPUTBOX\"} ,\"CHECKBOX_11\":{\"direction\":\"NONE\", \"style\":\"\", \"class\":\"\", \"id\":\"11\", \"type\":\"CHECKBOX\"} ,\"CHECKBOX_29\":{\"direction\":\"NONE\", \"style\":\"\", \"class\":\"\", \"id\":\"29\", \"type\":\"CHECKBOX\"} ,\"CHECKBOX_22\":{\"direction\":\"NONE\", \"style\":\"\", \"class\":\"\", \"id\":\"22\", \"type\":\"CHECKBOX\"} ,\"CHECKBOX_32\":{\"direction\":\"NONE\", \"style\":\"\", \"class\":\"\", \"id\":\"32\", \"type\":\"CHECKBOX\"} ,\"CHECKBOX_25\":{\"direction\":\"NONE\", \"style\":\"\", \"class\":\"\", \"id\":\"25\", \"type\":\"CHECKBOX\"} ,\"CHECKBOX_30\":{\"direction\":\"NONE\", \"style\":\"\", \"class\":\"\", \"id\":\"30\", \"type\":\"CHECKBOX\"} ,\"CHECKBOX_27\":{\"direction\":\"NONE\", \"style\":\"\", \"class\":\"\", \"id\":\"27\", \"type\":\"CHECKBOX\"} ,\"CHECKBOX_33\":{\"direction\":\"NONE\", \"style\":\"\", \"class\":\"\", \"id\":\"33\", \"type\":\"CHECKBOX\"} ,\"CHECKBOX_28\":{\"direction\":\"NONE\", \"style\":\"\", \"class\":\"\", \"id\":\"28\", \"type\":\"CHECKBOX\"} ,\"CHECKBOX_23\":{\"direction\":\"NONE\", \"style\":\"\", \"class\":\"\", \"id\":\"23\", \"type\":\"CHECKBOX\"} } }','0'),(2,'realocation','Horizontal search','MAIN','{  \"PRIMARY\": {  \"C_PURPOSE\":{\"direction\":\"NONE\", \"style\":\"\", \"class\":\"\", \"id\":\"NONE\", \"type\":\"C_PURPOSE\"} ,\"DROPDOWN_3\":{\"direction\":\"NONE\", \"style\":\"\", \"class\":\"col-md-3\", \"id\":\"3\", \"type\":\"DROPDOWN\"} ,\"DROPDOWN_2\":{\"direction\":\"NONE\", \"style\":\"\", \"class\":\"col-md-3\", \"id\":\"2\", \"type\":\"DROPDOWN\"} ,\"INPUTBOX_20\":{\"direction\":\"NONE\", \"style\":\"\", \"class\":\"col-md-3\", \"id\":\"20\", \"type\":\"INPUTBOX\"} ,\"INPUTBOX_58\":{\"direction\":\"NONE\", \"style\":\"\", \"class\":\"col-md-3\", \"id\":\"58\", \"type\":\"INPUTBOX\"} ,\"BREAKLINE\":{\"direction\":\"NONE\", \"style\":\"\", \"class\":\"\", \"id\":\"NONE\", \"type\":\"BREAKLINE\"} ,\"INPUTBOX_19\":{\"direction\":\"NONE\", \"style\":\"\", \"class\":\"col-md-3\", \"id\":\"19\", \"type\":\"INPUTBOX\"} ,\"INPUTBOX_36_FROM\":{\"direction\":\"FROM\", \"style\":\"\", \"class\":\"\", \"id\":\"36\", \"type\":\"INPUTBOX\"} ,\"INPUTBOX_36_TO\":{\"direction\":\"TO\", \"style\":\"\", \"class\":\"\", \"id\":\"36\", \"type\":\"INPUTBOX\"} }, \"SECONDARY\": { } }',''),(3,'bootstrap2-responsive','Bootstrap-search','MAIN','{  \"PRIMARY\": {  \"C_PURPOSE\":{\"direction\":\"NONE\", \"style\":\"\", \"class\":\"\", \"id\":\"NONE\", \"type\":\"C_PURPOSE\"} ,\"TREE_64\":{\"direction\":\"NONE\", \"style\":\"\", \"class\":\"\", \"id\":\"64\", \"type\":\"TREE\"} ,\"SMART_SEARCH\":{\"direction\":\"NONE\", \"style\":\"\", \"class\":\"\", \"id\":\"NONE\", \"type\":\"SMART_SEARCH\"} ,\"DROPDOWN_2\":{\"direction\":\"NONE\", \"style\":\"\", \"class\":\"\", \"id\":\"2\", \"type\":\"DROPDOWN\"} ,\"DROPDOWN_3\":{\"direction\":\"NONE\", \"style\":\"\", \"class\":\"\", \"id\":\"3\", \"type\":\"DROPDOWN\"} }, \"SECONDARY\": {  \"INPUTBOX_19\":{\"direction\":\"NONE\", \"style\":\"\", \"class\":\"\", \"id\":\"19\", \"type\":\"INPUTBOX\"} ,\"INPUTBOX_20\":{\"direction\":\"NONE\", \"style\":\"\", \"class\":\"\", \"id\":\"20\", \"type\":\"INPUTBOX\"} ,\"INPUTBOX_36_FROM\":{\"direction\":\"FROM\", \"style\":\"\", \"class\":\"\", \"id\":\"36\", \"type\":\"INPUTBOX\"} ,\"INPUTBOX_36_TO\":{\"direction\":\"TO\", \"style\":\"\", \"class\":\"\", \"id\":\"36\", \"type\":\"INPUTBOX\"} ,\"CHECKBOX_11\":{\"direction\":\"NONE\", \"style\":\"\", \"class\":\"\", \"id\":\"11\", \"type\":\"CHECKBOX\"} ,\"CHECKBOX_29\":{\"direction\":\"NONE\", \"style\":\"\", \"class\":\"\", \"id\":\"29\", \"type\":\"CHECKBOX\"} ,\"CHECKBOX_22\":{\"direction\":\"NONE\", \"style\":\"\", \"class\":\"\", \"id\":\"22\", \"type\":\"CHECKBOX\"} ,\"CHECKBOX_32\":{\"direction\":\"NONE\", \"style\":\"\", \"class\":\"\", \"id\":\"32\", \"type\":\"CHECKBOX\"} ,\"CHECKBOX_25\":{\"direction\":\"NONE\", \"style\":\"\", \"class\":\"\", \"id\":\"25\", \"type\":\"CHECKBOX\"} ,\"CHECKBOX_30\":{\"direction\":\"NONE\", \"style\":\"\", \"class\":\"\", \"id\":\"30\", \"type\":\"CHECKBOX\"} ,\"CHECKBOX_27\":{\"direction\":\"NONE\", \"style\":\"\", \"class\":\"\", \"id\":\"27\", \"type\":\"CHECKBOX\"} ,\"CHECKBOX_33\":{\"direction\":\"NONE\", \"style\":\"\", \"class\":\"\", \"id\":\"33\", \"type\":\"CHECKBOX\"} ,\"CHECKBOX_28\":{\"direction\":\"NONE\", \"style\":\"\", \"class\":\"\", \"id\":\"28\", \"type\":\"CHECKBOX\"} ,\"CHECKBOX_23\":{\"direction\":\"NONE\", \"style\":\"\", \"class\":\"\", \"id\":\"23\", \"type\":\"CHECKBOX\"} } }','0'),(4,'bootstrap4','Standard search','MAIN','{  \"PRIMARY\": {  \"SMART_SEARCH\":{\"direction\":\"NONE\", \"style\":\"\", \"class\":\"col-md-5\", \"id\":\"NONE\", \"type\":\"SMART_SEARCH\"} ,\"DROPDOWN_2\":{\"direction\":\"NONE\", \"style\":\"\", \"class\":\"col-md-2\", \"id\":\"2\", \"type\":\"DROPDOWN\"} ,\"DROPDOWN_4\":{\"direction\":\"NONE\", \"style\":\"\", \"class\":\"\", \"id\":\"4\", \"type\":\"DROPDOWN\"} ,\"DROPDOWN_3\":{\"direction\":\"NONE\", \"style\":\"\", \"class\":\"col-md-2\", \"id\":\"3\", \"type\":\"DROPDOWN\"} ,\"C_PRICE_RANGE\":{\"direction\":\"NONE\", \"style\":\"\", \"class\":\"\", \"id\":\"NONE\", \"type\":\"C_PRICE_RANGE\"} }, \"SECONDARY\": {  \"INPUTBOX_19\":{\"direction\":\"NONE\", \"style\":\"\", \"class\":\"\", \"id\":\"19\", \"type\":\"INPUTBOX\"} ,\"INPUTBOX_20\":{\"direction\":\"NONE\", \"style\":\"\", \"class\":\"\", \"id\":\"20\", \"type\":\"INPUTBOX\"} ,\"INPUTBOX_36\":{\"direction\":\"NONE\", \"style\":\"\", \"class\":\"\", \"id\":\"36\", \"type\":\"INPUTBOX\"} ,\"INPUTBOX_59\":{\"direction\":\"NONE\", \"style\":\"\", \"class\":\"\", \"id\":\"59\", \"type\":\"INPUTBOX\"} ,\"CHECKBOX_24\":{\"direction\":\"NONE\", \"style\":\"\", \"class\":\"\", \"id\":\"24\", \"type\":\"CHECKBOX\"} ,\"CHECKBOX_28\":{\"direction\":\"NONE\", \"style\":\"\", \"class\":\"\", \"id\":\"28\", \"type\":\"CHECKBOX\"} ,\"CHECKBOX_31\":{\"direction\":\"NONE\", \"style\":\"\", \"class\":\"\", \"id\":\"31\", \"type\":\"CHECKBOX\"} ,\"CHECKBOX_30\":{\"direction\":\"NONE\", \"style\":\"\", \"class\":\"\", \"id\":\"30\", \"type\":\"CHECKBOX\"} ,\"CHECKBOX_33\":{\"direction\":\"NONE\", \"style\":\"\", \"class\":\"\", \"id\":\"33\", \"type\":\"CHECKBOX\"} ,\"CHECKBOX_25\":{\"direction\":\"NONE\", \"style\":\"\", \"class\":\"\", \"id\":\"25\", \"type\":\"CHECKBOX\"} ,\"CHECKBOX_29\":{\"direction\":\"NONE\", \"style\":\"\", \"class\":\"\", \"id\":\"29\", \"type\":\"CHECKBOX\"} ,\"CHECKBOX_32\":{\"direction\":\"NONE\", \"style\":\"\", \"class\":\"\", \"id\":\"32\", \"type\":\"CHECKBOX\"} ,\"CHECKBOX_23\":{\"direction\":\"NONE\", \"style\":\"\", \"class\":\"\", \"id\":\"23\", \"type\":\"CHECKBOX\"} ,\"CHECKBOX_11\":{\"direction\":\"NONE\", \"style\":\"\", \"class\":\"\", \"id\":\"11\", \"type\":\"CHECKBOX\"} } }','0'),(5,'selio','Side page','MAIN','{  \"PRIMARY\": {  \"SMART_SEARCH\":{\"direction\":\"NONE\", \"style\":\"\", \"class\":\"full\", \"id\":\"NONE\", \"type\":\"SMART_SEARCH\"} ,\"TREE_79\":{\"direction\":\"NONE\", \"style\":\"\", \"class\":\"\", \"id\":\"79\", \"type\":\"TREE\"} ,\"TREE_64\":{\"direction\":\"NONE\", \"style\":\"\", \"class\":\"\", \"id\":\"64\", \"type\":\"TREE\"} ,\"INPUTBOX_36_TO\":{\"direction\":\"TO\", \"style\":\"\", \"class\":\"\", \"id\":\"36\", \"type\":\"INPUTBOX\"} ,\"INPUTBOX_20\":{\"direction\":\"NONE\", \"style\":\"\", \"class\":\"\", \"id\":\"20\", \"type\":\"INPUTBOX\"} }, \"SECONDARY\": {  \"CHECKBOX_22\":{\"direction\":\"NONE\", \"style\":\"\", \"class\":\"\", \"id\":\"22\", \"type\":\"CHECKBOX\"} ,\"CHECKBOX_24\":{\"direction\":\"NONE\", \"style\":\"\", \"class\":\"\", \"id\":\"24\", \"type\":\"CHECKBOX\"} ,\"CHECKBOX_28\":{\"direction\":\"NONE\", \"style\":\"\", \"class\":\"\", \"id\":\"28\", \"type\":\"CHECKBOX\"} ,\"CHECKBOX_32\":{\"direction\":\"NONE\", \"style\":\"\", \"class\":\"\", \"id\":\"32\", \"type\":\"CHECKBOX\"} ,\"CHECKBOX_23\":{\"direction\":\"NONE\", \"style\":\"\", \"class\":\"\", \"id\":\"23\", \"type\":\"CHECKBOX\"} ,\"CHECKBOX_31\":{\"direction\":\"NONE\", \"style\":\"\", \"class\":\"\", \"id\":\"31\", \"type\":\"CHECKBOX\"} ,\"CHECKBOX_30\":{\"direction\":\"NONE\", \"style\":\"\", \"class\":\"\", \"id\":\"30\", \"type\":\"CHECKBOX\"} ,\"CHECKBOX_33\":{\"direction\":\"NONE\", \"style\":\"\", \"class\":\"\", \"id\":\"33\", \"type\":\"CHECKBOX\"} ,\"CHECKBOX_25\":{\"direction\":\"NONE\", \"style\":\"\", \"class\":\"\", \"id\":\"25\", \"type\":\"CHECKBOX\"} } }','0'),(6,'selio','top_custom_search','MAIN','{  \"PRIMARY\": {  \"SMART_SEARCH\":{\"direction\":\"NONE\", \"style\":\"\", \"class\":\"wide\", \"id\":\"NONE\", \"type\":\"SMART_SEARCH\"} ,\"TREE_79\":{\"direction\":\"NONE\", \"style\":\"\", \"class\":\"\", \"id\":\"79\", \"type\":\"TREE\"} ,\"TREE_64\":{\"direction\":\"NONE\", \"style\":\"\", \"class\":\"\", \"id\":\"64\", \"type\":\"TREE\"} ,\"INPUTBOX_36_FROM\":{\"direction\":\"FROM\", \"style\":\"\", \"class\":\"\", \"id\":\"36\", \"type\":\"INPUTBOX\"} ,\"INPUTBOX_36_TO\":{\"direction\":\"TO\", \"style\":\"\", \"class\":\"\", \"id\":\"36\", \"type\":\"INPUTBOX\"} ,\"INPUTBOX_20\":{\"direction\":\"NONE\", \"style\":\"\", \"class\":\"\", \"id\":\"20\", \"type\":\"INPUTBOX\"} ,\"DROPDOWN_MULTIPLE_2\":{\"direction\":\"NONE\", \"style\":\"\", \"class\":\"\", \"id\":\"2\", \"type\":\"DROPDOWN_MULTIPLE\"} ,\"DROPDOWN_38\":{\"direction\":\"NONE\", \"style\":\"\", \"class\":\"\", \"id\":\"38\", \"type\":\"DROPDOWN\"} }, \"SECONDARY\": {  \"CHECKBOX_22\":{\"direction\":\"NONE\", \"style\":\"\", \"class\":\"\", \"id\":\"22\", \"type\":\"CHECKBOX\"} ,\"CHECKBOX_24\":{\"direction\":\"NONE\", \"style\":\"\", \"class\":\"\", \"id\":\"24\", \"type\":\"CHECKBOX\"} ,\"CHECKBOX_28\":{\"direction\":\"NONE\", \"style\":\"\", \"class\":\"\", \"id\":\"28\", \"type\":\"CHECKBOX\"} ,\"CHECKBOX_31\":{\"direction\":\"NONE\", \"style\":\"\", \"class\":\"\", \"id\":\"31\", \"type\":\"CHECKBOX\"} ,\"CHECKBOX_30\":{\"direction\":\"NONE\", \"style\":\"\", \"class\":\"\", \"id\":\"30\", \"type\":\"CHECKBOX\"} ,\"CHECKBOX_33\":{\"direction\":\"NONE\", \"style\":\"\", \"class\":\"\", \"id\":\"33\", \"type\":\"CHECKBOX\"} ,\"CHECKBOX_27\":{\"direction\":\"NONE\", \"style\":\"\", \"class\":\"\", \"id\":\"27\", \"type\":\"CHECKBOX\"} ,\"CHECKBOX_32\":{\"direction\":\"NONE\", \"style\":\"\", \"class\":\"\", \"id\":\"32\", \"type\":\"CHECKBOX\"} } }','0'),(7,'selio','top','MAIN','{ \"PRIMARY\": { \"SMART_SEARCH\":{\"direction\":\"NONE\", \"style\":\"\", \"class\":\"\", \"id\":\"NONE\", \"type\":\"SMART_SEARCH\"} ,\"TREE_79\":{\"direction\":\"NONE\", \"style\":\"\", \"class\":\"\", \"id\":\"79\", \"type\":\"TREE\"} ,\"TREE_64\":{\"direction\":\"NONE\", \"style\":\"\", \"class\":\" \", \"id\":\"64\", \"type\":\"TREE\"} ,\"C_PURPOSE\":{\"direction\":\"NONE\", \"style\":\"\", \"class\":\"\", \"id\":\"NONE\", \"type\":\"C_PURPOSE\"} ,\"C_PRICE_RANGE\":{\"direction\":\"NONE\", \"style\":\"\", \"class\":\"\", \"id\":\"NONE\", \"type\":\"C_PRICE_RANGE\"} ,\"DROPDOWN_MULTIPLE_2\":{\"direction\":\"NONE\", \"style\":\"\", \"class\":\"\", \"id\":\"2\", \"type\":\"DROPDOWN_MULTIPLE\"} ,\"DROPDOWN_3\":{\"direction\":\"NONE\", \"style\":\"\", \"class\":\"\", \"id\":\"3\", \"type\":\"DROPDOWN\"} ,\"INPUTBOX_20_FROM\":{\"direction\":\"FROM\", \"style\":\"\", \"class\":\"\", \"id\":\"20\", \"type\":\"INPUTBOX\"} ,\"INPUTBOX_20_TO\":{\"direction\":\"TO\", \"style\":\"\", \"class\":\"\", \"id\":\"20\", \"type\":\"INPUTBOX\"} ,\"CHECKBOX_31\":{\"direction\":\"NONE\", \"style\":\"\", \"class\":\"\", \"id\":\"31\", \"type\":\"CHECKBOX\"} ,\"CHECKBOX_25\":{\"direction\":\"NONE\", \"style\":\"\", \"class\":\"\", \"id\":\"25\", \"type\":\"CHECKBOX\"} ,\"CHECKBOX_22\":{\"direction\":\"NONE\", \"style\":\"\", \"class\":\"\", \"id\":\"22\", \"type\":\"CHECKBOX\"} ,\"CHECKBOX_29\":{\"direction\":\"NONE\", \"style\":\"\", \"class\":\"\", \"id\":\"29\", \"type\":\"CHECKBOX\"} ,\"CHECKBOX_23\":{\"direction\":\"NONE\", \"style\":\"\", \"class\":\"\", \"id\":\"23\", \"type\":\"CHECKBOX\"} ,\"CHECKBOX_27\":{\"direction\":\"NONE\", \"style\":\"\", \"class\":\"\", \"id\":\"27\", \"type\":\"CHECKBOX\"} ,\"CHECKBOX_11\":{\"direction\":\"NONE\", \"style\":\"\", \"class\":\"\", \"id\":\"11\", \"type\":\"CHECKBOX\"} ,\"CHECKBOX_24\":{\"direction\":\"NONE\", \"style\":\"\", \"class\":\"\", \"id\":\"24\", \"type\":\"CHECKBOX\"} }, \"SECONDARY\": { } }','0');

--
-- Table structure for table `historyads`
--

DROP TABLE IF EXISTS `historyads`;
/*!40101 SET @saved_cs_client     = @@character_set_client */;
/*!40101 SET character_set_client = utf8 */;
CREATE TABLE `historyads` (
  `id` mediumint(8) unsigned NOT NULL AUTO_INCREMENT,
  `listing_id` mediumint(8) unsigned DEFAULT NULL,
  `user_id` mediumint(8) unsigned DEFAULT NULL,
  `date` datetime DEFAULT NULL,
  `ip_address` varchar(64) NOT NULL,
  PRIMARY KEY (`id`)
) ENGINE=InnoDB DEFAULT CHARSET=utf8;
/*!40101 SET character_set_client = @saved_cs_client */;

--
-- Dumping data for table `historyads`
--


--
-- Table structure for table `invoice`
--

DROP TABLE IF EXISTS `invoice`;
/*!40101 SET @saved_cs_client     = @@character_set_client */;
/*!40101 SET character_set_client = utf8 */;
CREATE TABLE `invoice` (
  `id_invoice` int(11) NOT NULL AUTO_INCREMENT,
  `invoice_num` varchar(100) COLLATE utf8_unicode_ci DEFAULT NULL,
  `date_created` datetime DEFAULT NULL,
  `user_id` int(11) DEFAULT NULL,
  `description` text COLLATE utf8_unicode_ci,
  `reference_id` int(11) DEFAULT NULL,
  `week` int(11) DEFAULT NULL,
  `price` decimal(10,2) DEFAULT NULL,
  `currency_code` varchar(45) COLLATE utf8_unicode_ci DEFAULT NULL,
  `is_confirmed` tinyint(1) DEFAULT NULL,
  `is_paid` tinyint(1) DEFAULT NULL,
  `is_activated` tinyint(1) DEFAULT NULL,
  `data_json` text COLLATE utf8_unicode_ci,
  PRIMARY KEY (`id_invoice`)
) ENGINE=InnoDB AUTO_INCREMENT=20 DEFAULT CHARSET=utf8 COLLATE=utf8_unicode_ci;
/*!40101 SET character_set_client = @saved_cs_client */;

--
-- Dumping data for table `invoice`
--

INSERT INTO `invoice` VALUES (11,'3_PAC_18_20.00_4','2015-04-02 15:08:31',18,'Package 3',3,4,20.00,'USD',1,0,1,'{\"settings\":{\"rating_enabled\":\"1\",\"address\":\"Ilica 345, HR-10000 Zagreb 1\",\"websitetitle\":\"Real estate point\",\"gps\":\"45.8129663, 15.976036000000022\",\"email\":\"sandi.winter@gmail.com\",\"email_alert\":\"0\",\"phone\":\"+385 (0)1 123 321\",\"fax\":\"+385 (0)1 123 322\",\"address_footer\":\"<b>Estate<\\/b>Point<br \\/>\\r\\nReal estate agency from Croatia<br \\/>\\r\\nIlica 345<br \\/>\\r\\nHR-10000 Zagreb\",\"noreply\":\"webform@my-website.com\",\"zoom\":\"8\",\"paypal_email\":\"sandi.winter@gmail.com\",\"listing_expiry_days\":\"0\",\"activation_price\":\"5\",\"featured_price\":\"10\",\"default_currency\":\"USD\",\"authorize_api_login_id\":\"593j9M9nPkgy\",\"authorize_api_hash_secret\":\"r564test\",\"authorize_api_transaction_key\":\"7p83CWXR3q5fq27t\",\"adsense728_90\":\"<script async src=\\\"\\/\\/pagead2.googlesyndication.com\\/pagead\\/js\\/adsbygoogle.js\\\"><\\/script>\\r\\n<!-- Real estate responsive -->\\r\\n<ins class=\\\"adsbygoogle\\\"\\r\\n     style=\\\"display:block\\\"\\r\\n     data-ad-client=\\\"ca-pub-6994200887384132\\\"\\r\\n     data-ad-slot=\\\"6454101571\\\"\\r\\n     data-ad-format=\\\"auto\\\"><\\/ins>\\r\\n<script>\\r\\n(adsbygoogle = window.adsbygoogle || []).push({});\\r\\n<\\/script>\",\"adsense160_600\":\"<script async src=\\\"\\/\\/pagead2.googlesyndication.com\\/pagead\\/js\\/adsbygoogle.js\\\"><\\/script>\\r\\n<!-- Real estate right -->\\r\\n<ins class=\\\"adsbygoogle\\\"\\r\\n     style=\\\"display:inline-block;width:160px;height:600px\\\"\\r\\n     data-ad-client=\\\"ca-pub-6994200887384132\\\"\\r\\n     data-ad-slot=\\\"7090863570\\\"><\\/ins>\\r\\n<script>\\r\\n(adsbygoogle = window.adsbygoogle || []).push({});\\r\\n<\\/script>\",\"reviews_enabled\":\"1\",\"reviews_public_visible_enabled\":\"1\",\"showroom_slideshow_enabled\":\"1\",\"withdrawal_details\":\"IBAN: HR43 2340009 3207462177<br\\/>\\r\\nSWIFT: PBZGHR2X\",\"booking_fee\":\"10\",\"template\":\"realia\",\"tracking\":\"<script type=\\\"text\\/javascript\\\">\\r\\n\\r\\n  var _gaq = _gaq || [];\\r\\n  _gaq.push([\'_setAccount\', \'UA-683342-5\']);\\r\\n  _gaq.push([\'_trackPageview\']);\\r\\n\\r\\n  (function() {\\r\\n    var ga = document.createElement(\'script\'); ga.type = \'text\\/javascript\'; ga.async = true;\\r\\n    ga.src = (\'https:\' == document.location.protocol ? \'https:\\/\\/ssl\' : \'http:\\/\\/www\') + \'.google-analytics.com\\/ga.js\';\\r\\n    var s = document.getElementsByTagName(\'script\')[0]; s.parentNode.insertBefore(ga, s);\\r\\n  })();\\r\\n\\r\\n<\\/script>\",\"facebook\":\"<!-- AddThis Button BEGIN -->\\r\\n<div class=\\\"addthis_toolbox addthis_default_style addthis_32x32_style\\\">\\r\\n<a class=\\\"addthis_button_facebook\\\">\\r\\n    <div class=\\\"custom-icon at15t_facebook\\\"> <\\/div>\\r\\n<\\/a>\\r\\n<a class=\\\"addthis_button_twitter\\\">\\r\\n    <div class=\\\"custom-icon at15t_twitter\\\"> <\\/div>\\r\\n<\\/a>\\r\\n<a class=\\\"addthis_button_google_plusone_share\\\">\\r\\n    <div class=\\\"custom-icon at15t_google_plusone_share\\\"> <\\/div>\\r\\n<\\/a>\\r\\n<\\/div>\\r\\n<script type=\\\"text\\/javascript\\\">var addthis_config = {\\\"data_track_addressbar\\\":false};<\\/script>\\r\\n<script type=\\\"text\\/javascript\\\" src=\\\"\\/\\/s7.addthis.com\\/js\\/300\\/addthis_widget.js#pubid=sandiwinter\\\"><\\/script>\\r\\n<!-- AddThis Button END -->\",\"facebook_jsdk\":\"<div id=\\\"fb-root\\\"><\\/div>\\r\\n<script>(function(d, s, id) {\\r\\n  var js, fjs = d.getElementsByTagName(s)[0];\\r\\n  if (d.getElementById(id)) return;\\r\\n  js = d.createElement(s); js.id = id;\\r\\n  js.src = \\\"\\/\\/connect.facebook.net\\/en_EN\\/sdk.js#xfbml=1&appId=349715428511591&version=v2.0\\\";\\r\\n  fjs.parentNode.insertBefore(js, fjs);\\r\\n}(document, \'script\', \'facebook-jssdk\'));<\\/script>\",\"facebook_comments\":\"<div class=\\\"fb-comments\\\" data-href=\\\"http:\\/\\/example.com\\/comments\\\" data-width=\\\"100%\\\" data-numposts=\\\"5\\\" data-colorscheme=\\\"light\\\"><\\/div>\",\"useful_links\":\"<ul class=\\\"menu nav\\\">\\r\\n                            <li class=\\\"first leaf\\\"><a href=\\\"#\\\">404 page<\\/a><\\/li>\\r\\n                            <li class=\\\"leaf\\\"><a href=\\\"#\\\">About us<\\/a><\\/li>\\r\\n                            <li class=\\\"leaf\\\"><a href=\\\"#\\\">Contact us<\\/a><\\/li>\\r\\n                            <li class=\\\"leaf\\\"><a href=\\\"#\\\">FAQ<\\/a><\\/li>\\r\\n                            <li class=\\\"leaf\\\"><a href=\\\"#\\\">Grid system<\\/a><\\/li>\\r\\n                            <li class=\\\"leaf\\\"><a href=\\\"#\\\">Our agents<\\/a><\\/li>\\r\\n                            <li class=\\\"last leaf\\\"><a href=\\\"#\\\">Typography<\\/a><\\/li>\\r\\n                        <\\/ul>\"},\"price\":\"20.00\",\"user\":{\"id\":\"18\",\"username\":\"user\",\"password\":\"f341be9a30\",\"name_surname\":\"Test user\",\"address\":\"Cyro trento 23\",\"description\":\"My description 2\",\"phone\":\"+385959055516\",\"mail\":\"sanljiljan@geniuscript.com\",\"last_login\":\"2015-04-02 13:59:01\",\"registration_date\":\"2014-01-26 12:23:26\",\"type\":\"USER\",\"language\":\"english\",\"repository_id\":\"196\",\"activated\":\"1\",\"qa_id\":\"0\",\"package_id\":\"3\",\"package_last_payment\":\"2015-08-04 12:29:02\",\"facebook_id\":\"0\",\"mail_verified\":\"0\",\"phone_verified\":\"0\",\"image_user_filename\":null,\"image_agency_filename\":null,\"company_name\":\"My real estate ltd\",\"zip_city\":\"21000\",\"prename_name\":\"Prename\",\"vat_number\":\"0945621378\"},\"lang_code\":\"en\",\"invoice_num\":\"3_PAC_18_20.00_4\",\"description\":\"Package 3\",\"reference_id\":\"3\",\"reference_code\":\"PAC\",\"currency_code\":\"USD\"}'),(13,'3_PAC_18_20.00_4','2015-04-02 15:13:45',18,'Package 3',3,4,20.00,'USD',1,1,1,'{\"settings\":{\"rating_enabled\":\"1\",\"address\":\"Ilica 345, HR-10000 Zagreb 1\",\"websitetitle\":\"Real estate point\",\"gps\":\"45.8129663, 15.976036000000022\",\"email\":\"sandi.winter@gmail.com\",\"email_alert\":\"0\",\"phone\":\"+385 (0)1 123 321\",\"fax\":\"+385 (0)1 123 322\",\"address_footer\":\"<b>Estate<\\/b>Point<br \\/>\\r\\nReal estate agency from Croatia<br \\/>\\r\\nIlica 345<br \\/>\\r\\nHR-10000 Zagreb\",\"noreply\":\"webform@my-website.com\",\"zoom\":\"8\",\"paypal_email\":\"sandi.winter@gmail.com\",\"listing_expiry_days\":\"0\",\"activation_price\":\"5\",\"featured_price\":\"10\",\"default_currency\":\"USD\",\"authorize_api_login_id\":\"593j9M9nPkgy\",\"authorize_api_hash_secret\":\"r564test\",\"authorize_api_transaction_key\":\"7p83CWXR3q5fq27t\",\"adsense728_90\":\"<script async src=\\\"\\/\\/pagead2.googlesyndication.com\\/pagead\\/js\\/adsbygoogle.js\\\"><\\/script>\\r\\n<!-- Real estate responsive -->\\r\\n<ins class=\\\"adsbygoogle\\\"\\r\\n     style=\\\"display:block\\\"\\r\\n     data-ad-client=\\\"ca-pub-6994200887384132\\\"\\r\\n     data-ad-slot=\\\"6454101571\\\"\\r\\n     data-ad-format=\\\"auto\\\"><\\/ins>\\r\\n<script>\\r\\n(adsbygoogle = window.adsbygoogle || []).push({});\\r\\n<\\/script>\",\"adsense160_600\":\"<script async src=\\\"\\/\\/pagead2.googlesyndication.com\\/pagead\\/js\\/adsbygoogle.js\\\"><\\/script>\\r\\n<!-- Real estate right -->\\r\\n<ins class=\\\"adsbygoogle\\\"\\r\\n     style=\\\"display:inline-block;width:160px;height:600px\\\"\\r\\n     data-ad-client=\\\"ca-pub-6994200887384132\\\"\\r\\n     data-ad-slot=\\\"7090863570\\\"><\\/ins>\\r\\n<script>\\r\\n(adsbygoogle = window.adsbygoogle || []).push({});\\r\\n<\\/script>\",\"reviews_enabled\":\"1\",\"reviews_public_visible_enabled\":\"1\",\"showroom_slideshow_enabled\":\"1\",\"withdrawal_details\":\"IBAN: HR43 2340009 3207462177<br\\/>\\r\\nSWIFT: PBZGHR2X\",\"booking_fee\":\"10\",\"template\":\"realia\",\"tracking\":\"<script type=\\\"text\\/javascript\\\">\\r\\n\\r\\n  var _gaq = _gaq || [];\\r\\n  _gaq.push([\'_setAccount\', \'UA-683342-5\']);\\r\\n  _gaq.push([\'_trackPageview\']);\\r\\n\\r\\n  (function() {\\r\\n    var ga = document.createElement(\'script\'); ga.type = \'text\\/javascript\'; ga.async = true;\\r\\n    ga.src = (\'https:\' == document.location.protocol ? \'https:\\/\\/ssl\' : \'http:\\/\\/www\') + \'.google-analytics.com\\/ga.js\';\\r\\n    var s = document.getElementsByTagName(\'script\')[0]; s.parentNode.insertBefore(ga, s);\\r\\n  })();\\r\\n\\r\\n<\\/script>\",\"facebook\":\"<!-- AddThis Button BEGIN -->\\r\\n<div class=\\\"addthis_toolbox addthis_default_style addthis_32x32_style\\\">\\r\\n<a class=\\\"addthis_button_facebook\\\">\\r\\n    <div class=\\\"custom-icon at15t_facebook\\\"> <\\/div>\\r\\n<\\/a>\\r\\n<a class=\\\"addthis_button_twitter\\\">\\r\\n    <div class=\\\"custom-icon at15t_twitter\\\"> <\\/div>\\r\\n<\\/a>\\r\\n<a class=\\\"addthis_button_google_plusone_share\\\">\\r\\n    <div class=\\\"custom-icon at15t_google_plusone_share\\\"> <\\/div>\\r\\n<\\/a>\\r\\n<\\/div>\\r\\n<script type=\\\"text\\/javascript\\\">var addthis_config = {\\\"data_track_addressbar\\\":false};<\\/script>\\r\\n<script type=\\\"text\\/javascript\\\" src=\\\"\\/\\/s7.addthis.com\\/js\\/300\\/addthis_widget.js#pubid=sandiwinter\\\"><\\/script>\\r\\n<!-- AddThis Button END -->\",\"facebook_jsdk\":\"<div id=\\\"fb-root\\\"><\\/div>\\r\\n<script>(function(d, s, id) {\\r\\n  var js, fjs = d.getElementsByTagName(s)[0];\\r\\n  if (d.getElementById(id)) return;\\r\\n  js = d.createElement(s); js.id = id;\\r\\n  js.src = \\\"\\/\\/connect.facebook.net\\/en_EN\\/sdk.js#xfbml=1&appId=349715428511591&version=v2.0\\\";\\r\\n  fjs.parentNode.insertBefore(js, fjs);\\r\\n}(document, \'script\', \'facebook-jssdk\'));<\\/script>\",\"facebook_comments\":\"<div class=\\\"fb-comments\\\" data-href=\\\"http:\\/\\/example.com\\/comments\\\" data-width=\\\"100%\\\" data-numposts=\\\"5\\\" data-colorscheme=\\\"light\\\"><\\/div>\",\"useful_links\":\"<ul class=\\\"menu nav\\\">\\r\\n                            <li class=\\\"first leaf\\\"><a href=\\\"#\\\">404 page<\\/a><\\/li>\\r\\n                            <li class=\\\"leaf\\\"><a href=\\\"#\\\">About us<\\/a><\\/li>\\r\\n                            <li class=\\\"leaf\\\"><a href=\\\"#\\\">Contact us<\\/a><\\/li>\\r\\n                            <li class=\\\"leaf\\\"><a href=\\\"#\\\">FAQ<\\/a><\\/li>\\r\\n                            <li class=\\\"leaf\\\"><a href=\\\"#\\\">Grid system<\\/a><\\/li>\\r\\n                            <li class=\\\"leaf\\\"><a href=\\\"#\\\">Our agents<\\/a><\\/li>\\r\\n                            <li class=\\\"last leaf\\\"><a href=\\\"#\\\">Typography<\\/a><\\/li>\\r\\n                        <\\/ul>\"},\"price\":\"20.00\",\"user\":{\"id\":\"18\",\"username\":\"user\",\"password\":\"f341be9a30\",\"name_surname\":\"Test user\",\"address\":\"Cyro trento 23\",\"description\":\"My description 2\",\"phone\":\"+385959055516\",\"mail\":\"sanljiljan@geniuscript.com\",\"last_login\":\"2015-04-02 13:59:01\",\"registration_date\":\"2014-01-26 12:23:26\",\"type\":\"USER\",\"language\":\"english\",\"repository_id\":\"196\",\"activated\":\"1\",\"qa_id\":\"0\",\"package_id\":\"3\",\"package_last_payment\":\"2015-09-03 12:29:02\",\"facebook_id\":\"0\",\"mail_verified\":\"0\",\"phone_verified\":\"0\",\"image_user_filename\":null,\"image_agency_filename\":null,\"company_name\":\"My real estate ltd\",\"zip_city\":\"21000\",\"prename_name\":\"Prename\",\"vat_number\":\"0945621378\"},\"lang_code\":\"en\",\"invoice_num\":\"3_PAC_18_20.00_4\",\"description\":\"Package 3\",\"reference_id\":\"3\",\"reference_code\":\"PAC\",\"currency_code\":\"USD\"}'),(14,'3_PAC_18_20.00_6','2015-11-14 13:18:25',18,'Package 3',3,6,20.00,'USD',1,0,1,'{\"settings\":{\"rating_enabled\":\"1\",\"address\":\"Ilica 345, HR-10000 Zagreb 1\",\"websitetitle\":\"Real estate point\",\"gps\":\"45.8129663, 15.976036000000022\",\"email\":\"info@my-website.com\",\"email_alert\":\"1\",\"phone\":\"+385 (0)1 123 321\",\"fax\":\"+385 (0)1 123 322\",\"address_footer\":\"<b>Estate<\\/b>Point<br \\/>\\r\\nReal estate agency from Croatia<br \\/>\\r\\nIlica 345<br \\/>\\r\\nHR-10000 Zagreb\",\"noreply\":\"webform@my-website.com\",\"zoom\":\"8\",\"paypal_email\":\"sandi.winter@gmail.com\",\"payments_enabled\":\"1\",\"walkscore_enabled\":\"1\",\"listing_expiry_days\":\"0\",\"activation_price\":\"5\",\"featured_price\":\"10\",\"default_currency\":\"USD\",\"authorize_api_login_id\":\"\",\"authorize_api_hash_secret\":\"\",\"authorize_api_transaction_key\":\"\",\"payu_api_pos_id\":\"145227\",\"payu_api_key_1\":\"855d965e9d74eba29060e76fbbbe02b3\",\"payu_api_key_2\":\"13a980d4f851f3d9a1cfc792fb1f5e50\",\"payu_api_auth_key\":\"JaeyELi\",\"adsense728_90\":\"<script async src=\\\"\\/\\/pagead2.googlesyndication.com\\/pagead\\/js\\/adsbygoogle.js\\\"><\\/script>\\r\\n<!-- Real estate responsive -->\\r\\n<ins class=\\\"adsbygoogle\\\"\\r\\n     style=\\\"display:block\\\"\\r\\n     data-ad-client=\\\"ca-pub-6994200887384132\\\"\\r\\n     data-ad-slot=\\\"6454101571\\\"\\r\\n     data-ad-format=\\\"auto\\\"><\\/ins>\\r\\n<script>\\r\\n(adsbygoogle = window.adsbygoogle || []).push({});\\r\\n<\\/script>\",\"adsense160_600\":\"<script async src=\\\"\\/\\/pagead2.googlesyndication.com\\/pagead\\/js\\/adsbygoogle.js\\\"><\\/script>\\r\\n<!-- Real estate right -->\\r\\n<ins class=\\\"adsbygoogle\\\"\\r\\n     style=\\\"display:inline-block;width:160px;height:600px\\\"\\r\\n     data-ad-client=\\\"ca-pub-6994200887384132\\\"\\r\\n     data-ad-slot=\\\"7090863570\\\"><\\/ins>\\r\\n<script>\\r\\n(adsbygoogle = window.adsbygoogle || []).push({});\\r\\n<\\/script>\",\"reviews_enabled\":\"1\",\"reviews_public_visible_enabled\":\"1\",\"showroom_slideshow_enabled\":\"1\",\"withdrawal_details\":\"IBAN: HR43 2340009 3207462177<br\\/>\\r\\nSWIFT: PBZGHR2X\",\"booking_fee\":\"10\",\"template\":\"bootstrap2-responsive\",\"tracking\":\"<script type=\\\"text\\/javascript\\\">  var _gaq = _gaq || [];  _gaq.push([\'_setAccount\', \'UA-683342-5\']);  _gaq.push([\'_trackPageview\']);  (function() {    var ga = document.createElement(\'script\'); ga.type = \'text\\/javascript\'; ga.async = true;    ga.src = (\'https:\' == document.location.protocol ? \'https:\\/\\/ssl\' : \'http:\\/\\/www\') + \'.google-analytics.com\\/ga.js\';    var s = document.getElementsByTagName(\'script\')[0]; s.parentNode.insertBefore(ga, s);  })();<\\/script>\",\"facebook\":\"<!-- AddThis Button BEGIN -->\\r\\n<div class=\\\"addthis_toolbox addthis_default_style addthis_32x32_style\\\">\\r\\n<a class=\\\"addthis_button_facebook\\\">\\r\\n    <div class=\\\"custom-icon at15t_facebook\\\"> <\\/div>\\r\\n<\\/a>\\r\\n<a class=\\\"addthis_button_twitter\\\">\\r\\n    <div class=\\\"custom-icon at15t_twitter\\\"> <\\/div>\\r\\n<\\/a>\\r\\n<a class=\\\"addthis_button_google_plusone_share\\\">\\r\\n    <div class=\\\"custom-icon at15t_google_plusone_share\\\"> <\\/div>\\r\\n<\\/a>\\r\\n<\\/div>\\r\\n<script type=\\\"text\\/javascript\\\">var addthis_config = {\\\"data_track_addressbar\\\":false};<\\/script>\\r\\n<script type=\\\"text\\/javascript\\\" src=\\\"\\/\\/s7.addthis.com\\/js\\/300\\/addthis_widget.js#pubid=sandiwinter\\\"><\\/script>\\r\\n<!-- AddThis Button END -->\",\"facebook_top\":\"<!-- Go to www.addthis.com\\/dashboard to customize your tools -->\\r\\n<div class=\\\"addthis_sharing_toolbox\\\"><\\/div>\",\"facebook_jsdk\":\"<div id=\\\"fb-root\\\"><\\/div>\\r\\n<script>(function(d, s, id) {\\r\\n  var js, fjs = d.getElementsByTagName(s)[0];\\r\\n  if (d.getElementById(id)) return;\\r\\n  js = d.createElement(s); js.id = id;\\r\\n  js.src = \\\"\\/\\/connect.facebook.net\\/en_EN\\/sdk.js#xfbml=1&appId=349715428511591&version=v2.0\\\";\\r\\n  fjs.parentNode.insertBefore(js, fjs);\\r\\n}(document, \'script\', \'facebook-jssdk\'));<\\/script>\",\"facebook_comments\":\"<div class=\\\"fb-comments\\\" data-href=\\\"http:\\/\\/example.com\\/comments\\\" data-width=\\\"100%\\\" data-numposts=\\\"5\\\" data-colorscheme=\\\"light\\\"><\\/div>\",\"useful_links\":\"<ul class=\\\"menu nav\\\">\\r\\n                            <li class=\\\"first leaf\\\"><a href=\\\"#\\\">404 page<\\/a><\\/li>\\r\\n                            <li class=\\\"leaf\\\"><a href=\\\"#\\\">About us<\\/a><\\/li>\\r\\n                            <li class=\\\"leaf\\\"><a href=\\\"#\\\">Contact us<\\/a><\\/li>\\r\\n                            <li class=\\\"leaf\\\"><a href=\\\"#\\\">FAQ<\\/a><\\/li>\\r\\n                            <li class=\\\"leaf\\\"><a href=\\\"#\\\">Grid system<\\/a><\\/li>\\r\\n                            <li class=\\\"leaf\\\"><a href=\\\"#\\\">Our agents<\\/a><\\/li>\\r\\n                            <li class=\\\"last leaf\\\"><a href=\\\"#\\\">Typography<\\/a><\\/li>\\r\\n                        <\\/ul>\",\"website_logo\":\"284\",\"search_background\":\"285\",\"color\":\"\",\"design_parameters\":\"\",\"css_variant\":\"\"},\"price\":\"20.00\",\"user\":{\"id\":\"18\",\"username\":\"user\",\"password\":\"f341be9a30\",\"name_surname\":\"Test user\",\"address\":\"Cyro trento 23\",\"description\":\"My description 2\",\"phone\":\"+385959055516\",\"mail\":\"sanljiljan@geniuscript.com\",\"last_login\":\"2015-11-14 13:18:03\",\"registration_date\":\"2014-01-26 12:23:26\",\"type\":\"USER\",\"language\":\"english\",\"repository_id\":\"196\",\"activated\":\"1\",\"qa_id\":\"0\",\"package_id\":\"3\",\"package_last_payment\":\"2015-11-02 15:15:55\",\"facebook_id\":\"0\",\"mail_verified\":\"0\",\"phone_verified\":\"0\",\"image_user_filename\":null,\"image_agency_filename\":null,\"company_name\":\"My real estate ltd\",\"zip_city\":\"21000\",\"prename_name\":\"Prename\",\"vat_number\":\"0945621378\",\"facebook_link\":\"\",\"gplus_link\":\"\",\"youtube_link\":\"\",\"twitter_link\":\"\",\"linkedin_link\":\"\",\"county_affiliate_values\":\"\",\"embed_video_code\":\"\",\"payment_details\":\"\",\"research_sms_notifications\":\"1\",\"research_mail_notifications\":\"1\"},\"lang_code\":\"en\",\"invoice_num\":\"3_PAC_18_20.00_6\",\"description\":\"Package 3\",\"reference_id\":\"3\",\"reference_code\":\"PAC\",\"currency_code\":\"USD\"}'),(15,'3_PAC_18_20.00_2','2015-12-29 12:13:41',18,'Package 3',3,2,20.00,'USD',1,0,1,'{\"settings\":{\"rating_enabled\":\"1\",\"address\":\"Ilica 345, HR-10000 Zagreb 1\",\"websitetitle\":\"Real estate point\",\"gps\":\"45.8129663, 15.976036000000022\",\"email\":\"info@my-website.com\",\"email_alert\":\"1\",\"phone\":\"+385 (0)1 123 321\",\"fax\":\"+385 (0)1 123 322\",\"address_footer\":\"<b>Estate<\\/b>Point<br \\/>\\r\\nReal estate agency from Croatia<br \\/>\\r\\nIlica 345<br \\/>\\r\\nHR-10000 Zagreb\",\"noreply\":\"webform@my-website.com\",\"zoom\":\"8\",\"paypal_email\":\"sandi.winter@gmail.com\",\"payments_enabled\":\"1\",\"walkscore_enabled\":\"1\",\"listing_expiry_days\":\"0\",\"activation_price\":\"5\",\"featured_price\":\"10\",\"default_currency\":\"USD\",\"authorize_api_login_id\":\"\",\"authorize_api_hash_secret\":\"\",\"authorize_api_transaction_key\":\"\",\"payu_api_pos_id\":\"145227\",\"payu_api_key_1\":\"855d965e9d74eba29060e76fbbbe02b3\",\"payu_api_key_2\":\"13a980d4f851f3d9a1cfc792fb1f5e50\",\"payu_api_auth_key\":\"JaeyELi\",\"adsense728_90\":\"<script async src=\\\"\\/\\/pagead2.googlesyndication.com\\/pagead\\/js\\/adsbygoogle.js\\\"><\\/script>\\r\\n<!-- Real estate responsive -->\\r\\n<ins class=\\\"adsbygoogle\\\"\\r\\n     style=\\\"display:block\\\"\\r\\n     data-ad-client=\\\"ca-pub-6994200887384132\\\"\\r\\n     data-ad-slot=\\\"6454101571\\\"\\r\\n     data-ad-format=\\\"auto\\\"><\\/ins>\\r\\n<script>\\r\\n(adsbygoogle = window.adsbygoogle || []).push({});\\r\\n<\\/script>\",\"adsense160_600\":\"<script async src=\\\"\\/\\/pagead2.googlesyndication.com\\/pagead\\/js\\/adsbygoogle.js\\\"><\\/script>\\r\\n<!-- Real estate right -->\\r\\n<ins class=\\\"adsbygoogle\\\"\\r\\n     style=\\\"display:inline-block;width:160px;height:600px\\\"\\r\\n     data-ad-client=\\\"ca-pub-6994200887384132\\\"\\r\\n     data-ad-slot=\\\"7090863570\\\"><\\/ins>\\r\\n<script>\\r\\n(adsbygoogle = window.adsbygoogle || []).push({});\\r\\n<\\/script>\",\"reviews_enabled\":\"1\",\"reviews_public_visible_enabled\":\"1\",\"showroom_slideshow_enabled\":\"1\",\"withdrawal_details\":\"IBAN: HR43 2340009 3207462177<br\\/>\\r\\nSWIFT: PBZGHR2X\",\"booking_fee\":\"10\",\"template\":\"bootstrap2-responsive\",\"tracking\":\"<script type=\\\"text\\/javascript\\\">  var _gaq = _gaq || [];  _gaq.push([\'_setAccount\', \'UA-683342-5\']);  _gaq.push([\'_trackPageview\']);  (function() {    var ga = document.createElement(\'script\'); ga.type = \'text\\/javascript\'; ga.async = true;    ga.src = (\'https:\' == document.location.protocol ? \'https:\\/\\/ssl\' : \'http:\\/\\/www\') + \'.google-analytics.com\\/ga.js\';    var s = document.getElementsByTagName(\'script\')[0]; s.parentNode.insertBefore(ga, s);  })();<\\/script>\",\"facebook\":\"<!-- AddThis Button BEGIN -->\\r\\n<div class=\\\"addthis_toolbox addthis_default_style addthis_32x32_style\\\">\\r\\n<a class=\\\"addthis_button_facebook\\\">\\r\\n    <div class=\\\"custom-icon at15t_facebook\\\"> <\\/div>\\r\\n<\\/a>\\r\\n<a class=\\\"addthis_button_twitter\\\">\\r\\n    <div class=\\\"custom-icon at15t_twitter\\\"> <\\/div>\\r\\n<\\/a>\\r\\n<a class=\\\"addthis_button_google_plusone_share\\\">\\r\\n    <div class=\\\"custom-icon at15t_google_plusone_share\\\"> <\\/div>\\r\\n<\\/a>\\r\\n<\\/div>\\r\\n<script type=\\\"text\\/javascript\\\">var addthis_config = {\\\"data_track_addressbar\\\":false};<\\/script>\\r\\n<script type=\\\"text\\/javascript\\\" src=\\\"\\/\\/s7.addthis.com\\/js\\/300\\/addthis_widget.js#pubid=sandiwinter\\\"><\\/script>\\r\\n<!-- AddThis Button END -->\",\"facebook_top\":\"<!-- Go to www.addthis.com\\/dashboard to customize your tools -->\\r\\n<div class=\\\"addthis_sharing_toolbox\\\"><\\/div>\",\"facebook_jsdk\":\"<div id=\\\"fb-root\\\"><\\/div>\\r\\n<script>(function(d, s, id) {\\r\\n  var js, fjs = d.getElementsByTagName(s)[0];\\r\\n  if (d.getElementById(id)) return;\\r\\n  js = d.createElement(s); js.id = id;\\r\\n  js.src = \\\"\\/\\/connect.facebook.net\\/en_EN\\/sdk.js#xfbml=1&appId=349715428511591&version=v2.0\\\";\\r\\n  fjs.parentNode.insertBefore(js, fjs);\\r\\n}(document, \'script\', \'facebook-jssdk\'));<\\/script>\",\"facebook_comments\":\"<div class=\\\"fb-comments\\\" data-href=\\\"http:\\/\\/example.com\\/comments\\\" data-width=\\\"100%\\\" data-numposts=\\\"5\\\" data-colorscheme=\\\"light\\\"><\\/div>\",\"useful_links\":\"<ul class=\\\"menu nav\\\">\\r\\n                            <li class=\\\"first leaf\\\"><a href=\\\"#\\\">404 page<\\/a><\\/li>\\r\\n                            <li class=\\\"leaf\\\"><a href=\\\"#\\\">About us<\\/a><\\/li>\\r\\n                            <li class=\\\"leaf\\\"><a href=\\\"#\\\">Contact us<\\/a><\\/li>\\r\\n                            <li class=\\\"leaf\\\"><a href=\\\"#\\\">FAQ<\\/a><\\/li>\\r\\n                            <li class=\\\"leaf\\\"><a href=\\\"#\\\">Grid system<\\/a><\\/li>\\r\\n                            <li class=\\\"leaf\\\"><a href=\\\"#\\\">Our agents<\\/a><\\/li>\\r\\n                            <li class=\\\"last leaf\\\"><a href=\\\"#\\\">Typography<\\/a><\\/li>\\r\\n                        <\\/ul>\",\"website_logo\":\"284\",\"search_background\":\"285\",\"color\":\"\",\"design_parameters\":\"\",\"css_variant\":\"\"},\"price\":\"20.00\",\"user\":{\"id\":\"18\",\"username\":\"user\",\"password\":\"f341be9a30\",\"name_surname\":\"Test user\",\"address\":\"Cyro trento 23\",\"description\":\"My description 2\",\"phone\":\"+385959055516\",\"mail\":\"sanljiljan@geniuscript.com\",\"last_login\":\"2015-12-29 11:36:00\",\"registration_date\":\"2014-01-26 12:23:26\",\"type\":\"USER\",\"language\":\"english\",\"repository_id\":\"196\",\"activated\":\"1\",\"qa_id\":\"0\",\"package_id\":\"3\",\"package_last_payment\":\"2015-12-14 13:18:25\",\"facebook_id\":\"0\",\"mail_verified\":\"0\",\"phone_verified\":\"0\",\"image_user_filename\":null,\"image_agency_filename\":null,\"company_name\":\"My real estate ltd\",\"zip_city\":\"21000\",\"prename_name\":\"Prename\",\"vat_number\":\"0945621378\",\"facebook_link\":\"\",\"gplus_link\":\"\",\"youtube_link\":\"\",\"twitter_link\":\"\",\"linkedin_link\":\"\",\"county_affiliate_values\":\"\",\"embed_video_code\":\"\",\"payment_details\":\"\",\"research_sms_notifications\":\"1\",\"research_mail_notifications\":\"1\"},\"lang_code\":\"en\",\"invoice_num\":\"3_PAC_18_20.00_2\",\"description\":\"Package 3\",\"reference_id\":\"3\",\"reference_code\":\"PAC\",\"currency_code\":\"USD\"}'),(16,'3_PAC_18_20.00_2','2016-02-16 17:54:09',18,'Package 3',3,2,20.00,'USD',1,0,1,'{\"settings\":{\"rating_enabled\":\"1\",\"address\":\"Ilica 345, HR-10000 Zagreb 1\",\"websitetitle\":\"Real estate point\",\"gps\":\"45.8129663, 15.976036000000022\",\"email\":\"info@my-website.com\",\"email_alert\":\"1\",\"phone\":\"+385 (0)1 123 321\",\"fax\":\"+385 (0)1 123 322\",\"address_footer\":\"<b>Estate<\\/b>Point<br \\/>\\r\\nReal estate agency from Croatia<br \\/>\\r\\nIlica 345<br \\/>\\r\\nHR-10000 Zagreb\",\"noreply\":\"webform@my-website.com\",\"zoom\":\"8\",\"paypal_email\":\"sandi.winter@gmail.com\",\"payments_enabled\":\"1\",\"walkscore_enabled\":\"1\",\"property_subm_disabled\":\"0\",\"listing_expiry_days\":\"0\",\"activation_price\":\"5\",\"featured_price\":\"10\",\"default_currency\":\"USD\",\"authorize_api_login_id\":\"\",\"authorize_api_hash_secret\":\"\",\"authorize_api_transaction_key\":\"\",\"payu_api_pos_id\":\"145227\",\"payu_api_key_1\":\"855d965e9d74eba29060e76fbbbe02b3\",\"payu_api_key_2\":\"13a980d4f851f3d9a1cfc792fb1f5e50\",\"payu_api_auth_key\":\"JaeyELi\",\"adsense728_90\":\"<script async src=\\\"\\/\\/pagead2.googlesyndication.com\\/pagead\\/js\\/adsbygoogle.js\\\"><\\/script>\\r\\n<!-- Real estate responsive -->\\r\\n<ins class=\\\"adsbygoogle\\\"\\r\\n     style=\\\"display:block\\\"\\r\\n     data-ad-client=\\\"ca-pub-6994200887384132\\\"\\r\\n     data-ad-slot=\\\"6454101571\\\"\\r\\n     data-ad-format=\\\"auto\\\"><\\/ins>\\r\\n<script>\\r\\n(adsbygoogle = window.adsbygoogle || []).push({});\\r\\n<\\/script>\",\"adsense160_600\":\"<script async src=\\\"\\/\\/pagead2.googlesyndication.com\\/pagead\\/js\\/adsbygoogle.js\\\"><\\/script>\\r\\n<!-- Real estate right -->\\r\\n<ins class=\\\"adsbygoogle\\\"\\r\\n     style=\\\"display:inline-block;width:160px;height:600px\\\"\\r\\n     data-ad-client=\\\"ca-pub-6994200887384132\\\"\\r\\n     data-ad-slot=\\\"7090863570\\\"><\\/ins>\\r\\n<script>\\r\\n(adsbygoogle = window.adsbygoogle || []).push({});\\r\\n<\\/script>\",\"reviews_enabled\":\"1\",\"reviews_public_visible_enabled\":\"1\",\"showroom_slideshow_enabled\":\"1\",\"withdrawal_details\":\"IBAN: HR43 2340009 3207462177<br\\/>\\r\\nSWIFT: PBZGHR2X\",\"booking_fee\":\"10\",\"template\":\"bootstrap2-responsive\",\"tracking\":\"<script type=\\\"text\\/javascript\\\">  var _gaq = _gaq || [];  _gaq.push([\'_setAccount\', \'UA-683342-5\']);  _gaq.push([\'_trackPageview\']);  (function() {    var ga = document.createElement(\'script\'); ga.type = \'text\\/javascript\'; ga.async = true;    ga.src = (\'https:\' == document.location.protocol ? \'https:\\/\\/ssl\' : \'http:\\/\\/www\') + \'.google-analytics.com\\/ga.js\';    var s = document.getElementsByTagName(\'script\')[0]; s.parentNode.insertBefore(ga, s);  })();<\\/script>\",\"facebook\":\"<!-- AddThis Button BEGIN -->\\r\\n<div class=\\\"addthis_toolbox addthis_default_style addthis_32x32_style\\\">\\r\\n<a class=\\\"addthis_button_facebook\\\">\\r\\n    <div class=\\\"custom-icon at15t_facebook\\\"> <\\/div>\\r\\n<\\/a>\\r\\n<a class=\\\"addthis_button_twitter\\\">\\r\\n    <div class=\\\"custom-icon at15t_twitter\\\"> <\\/div>\\r\\n<\\/a>\\r\\n<a class=\\\"addthis_button_google_plusone_share\\\">\\r\\n    <div class=\\\"custom-icon at15t_google_plusone_share\\\"> <\\/div>\\r\\n<\\/a>\\r\\n<\\/div>\\r\\n<script type=\\\"text\\/javascript\\\">var addthis_config = {\\\"data_track_addressbar\\\":false};<\\/script>\\r\\n<script type=\\\"text\\/javascript\\\" src=\\\"\\/\\/s7.addthis.com\\/js\\/300\\/addthis_widget.js#pubid=sandiwinter\\\"><\\/script>\\r\\n<!-- AddThis Button END -->\",\"facebook_top\":\"<!-- Go to www.addthis.com\\/dashboard to customize your tools -->\\r\\n<div class=\\\"addthis_sharing_toolbox\\\"><\\/div>\",\"facebook_jsdk\":\"<div id=\\\"fb-root\\\"><\\/div>\\r\\n<script>(function(d, s, id) {\\r\\n  var js, fjs = d.getElementsByTagName(s)[0];\\r\\n  if (d.getElementById(id)) return;\\r\\n  js = d.createElement(s); js.id = id;\\r\\n  js.src = \\\"\\/\\/connect.facebook.net\\/en_EN\\/sdk.js#xfbml=1&appId=349715428511591&version=v2.0\\\";\\r\\n  fjs.parentNode.insertBefore(js, fjs);\\r\\n}(document, \'script\', \'facebook-jssdk\'));<\\/script>\",\"facebook_comments\":\"<div class=\\\"fb-comments\\\" data-href=\\\"http:\\/\\/example.com\\/comments\\\" data-width=\\\"100%\\\" data-numposts=\\\"5\\\" data-colorscheme=\\\"light\\\"><\\/div>\",\"useful_links\":\"<ul class=\\\"menu nav\\\">\\r\\n                            <li class=\\\"first leaf\\\"><a href=\\\"#\\\">404 page<\\/a><\\/li>\\r\\n                            <li class=\\\"leaf\\\"><a href=\\\"#\\\">About us<\\/a><\\/li>\\r\\n                            <li class=\\\"leaf\\\"><a href=\\\"#\\\">Contact us<\\/a><\\/li>\\r\\n                            <li class=\\\"leaf\\\"><a href=\\\"#\\\">FAQ<\\/a><\\/li>\\r\\n                            <li class=\\\"leaf\\\"><a href=\\\"#\\\">Grid system<\\/a><\\/li>\\r\\n                            <li class=\\\"leaf\\\"><a href=\\\"#\\\">Our agents<\\/a><\\/li>\\r\\n                            <li class=\\\"last leaf\\\"><a href=\\\"#\\\">Typography<\\/a><\\/li>\\r\\n                        <\\/ul>\",\"website_logo\":\"284\",\"website_favicon\":\"308\",\"watermark_img\":\"309\",\"search_background\":\"285\",\"color\":\"\",\"design_parameters\":\"\",\"css_variant\":\"\"},\"price\":\"20.00\",\"user\":{\"id\":\"18\",\"username\":\"user\",\"password\":\"f341be9a30\",\"name_surname\":\"Test user\",\"address\":\"Cyro trento 23\",\"description\":\"My description 2\",\"phone\":\"+385959055516\",\"mail\":\"sanljiljan@geniuscript.com\",\"last_login\":\"2016-02-16 17:48:35\",\"registration_date\":\"2014-01-26 12:23:26\",\"type\":\"USER\",\"language\":\"english\",\"repository_id\":\"196\",\"activated\":\"1\",\"qa_id\":\"0\",\"package_id\":\"3\",\"package_last_payment\":\"2016-01-28 12:13:41\",\"facebook_id\":\"0\",\"mail_verified\":\"0\",\"phone_verified\":\"0\",\"image_user_filename\":null,\"image_agency_filename\":null,\"company_name\":\"My real estate ltd\",\"zip_city\":\"21000\",\"prename_name\":\"Prename\",\"vat_number\":\"0945621378\",\"facebook_link\":\"\",\"gplus_link\":\"\",\"youtube_link\":\"\",\"twitter_link\":\"\",\"linkedin_link\":\"\",\"county_affiliate_values\":\"\",\"embed_video_code\":\"\",\"payment_details\":\"\",\"research_sms_notifications\":\"1\",\"research_mail_notifications\":\"1\"},\"lang_code\":\"en\",\"invoice_num\":\"3_PAC_18_20.00_2\",\"description\":\"Package 3\",\"reference_id\":\"3\",\"reference_code\":\"PAC\",\"currency_code\":\"USD\"}'),(17,'3_PAC_18_20.00_4','2016-03-24 13:57:49',18,'Package 3',3,4,20.00,'USD',1,0,1,'{\"settings\":{\"rating_enabled\":\"1\",\"address\":\"Ilica 345, HR-10000 Zagreb 1\",\"websitetitle\":\"Real estate point\",\"gps\":\"45.8129663, 15.976036000000022\",\"email\":\"info@my-website.com\",\"email_alert\":\"1\",\"phone\":\"+385 (0)1 123 321\",\"fax\":\"+385 (0)1 123 322\",\"address_footer\":\"<b>Estate<\\/b>Point<br \\/>\\r\\nReal estate agency from Croatia<br \\/>\\r\\nIlica 345<br \\/>\\r\\nHR-10000 Zagreb\",\"noreply\":\"webform@my-website.com\",\"zoom\":\"8\",\"paypal_email\":\"sandi.winter@gmail.com\",\"payments_enabled\":\"1\",\"walkscore_enabled\":\"1\",\"property_subm_disabled\":\"0\",\"listing_expiry_days\":\"0\",\"activation_price\":\"5\",\"featured_price\":\"10\",\"default_currency\":\"USD\",\"authorize_api_login_id\":\"\",\"authorize_api_hash_secret\":\"\",\"authorize_api_transaction_key\":\"\",\"payu_api_pos_id\":\"145227\",\"payu_api_key_1\":\"855d965e9d74eba29060e76fbbbe02b3\",\"payu_api_key_2\":\"13a980d4f851f3d9a1cfc792fb1f5e50\",\"payu_api_auth_key\":\"JaeyELi\",\"adsense728_90\":\"<script async src=\\\"\\/\\/pagead2.googlesyndication.com\\/pagead\\/js\\/adsbygoogle.js\\\"><\\/script>\\r\\n<!-- Real estate responsive -->\\r\\n<ins class=\\\"adsbygoogle\\\"\\r\\n     style=\\\"display:block\\\"\\r\\n     data-ad-client=\\\"ca-pub-6994200887384132\\\"\\r\\n     data-ad-slot=\\\"6454101571\\\"\\r\\n     data-ad-format=\\\"auto\\\"><\\/ins>\\r\\n<script>\\r\\n(adsbygoogle = window.adsbygoogle || []).push({});\\r\\n<\\/script>\",\"adsense160_600\":\"<script async src=\\\"\\/\\/pagead2.googlesyndication.com\\/pagead\\/js\\/adsbygoogle.js\\\"><\\/script>\\r\\n<!-- Real estate right -->\\r\\n<ins class=\\\"adsbygoogle\\\"\\r\\n     style=\\\"display:inline-block;width:160px;height:600px\\\"\\r\\n     data-ad-client=\\\"ca-pub-6994200887384132\\\"\\r\\n     data-ad-slot=\\\"7090863570\\\"><\\/ins>\\r\\n<script>\\r\\n(adsbygoogle = window.adsbygoogle || []).push({});\\r\\n<\\/script>\",\"reviews_enabled\":\"1\",\"reviews_public_visible_enabled\":\"1\",\"showroom_slideshow_enabled\":\"1\",\"withdrawal_details\":\"IBAN: HR43 2340009 3207462177<br\\/>\\r\\nSWIFT: PBZGHR2X\",\"booking_fee\":\"10\",\"template\":\"boomerang\",\"tracking\":\"<script type=\\\"text\\/javascript\\\">  var _gaq = _gaq || [];  _gaq.push([\'_setAccount\', \'UA-683342-5\']);  _gaq.push([\'_trackPageview\']);  (function() {    var ga = document.createElement(\'script\'); ga.type = \'text\\/javascript\'; ga.async = true;    ga.src = (\'https:\' == document.location.protocol ? \'https:\\/\\/ssl\' : \'http:\\/\\/www\') + \'.google-analytics.com\\/ga.js\';    var s = document.getElementsByTagName(\'script\')[0]; s.parentNode.insertBefore(ga, s);  })();<\\/script>\",\"facebook\":\"<!-- AddThis Button BEGIN -->\\r\\n<div class=\\\"addthis_toolbox addthis_default_style addthis_32x32_style\\\">\\r\\n<a class=\\\"addthis_button_facebook\\\">\\r\\n    <div class=\\\"custom-icon at15t_facebook\\\"> <\\/div>\\r\\n<\\/a>\\r\\n<a class=\\\"addthis_button_twitter\\\">\\r\\n    <div class=\\\"custom-icon at15t_twitter\\\"> <\\/div>\\r\\n<\\/a>\\r\\n<a class=\\\"addthis_button_google_plusone_share\\\">\\r\\n    <div class=\\\"custom-icon at15t_google_plusone_share\\\"> <\\/div>\\r\\n<\\/a>\\r\\n<\\/div>\\r\\n<script type=\\\"text\\/javascript\\\">var addthis_config = {\\\"data_track_addressbar\\\":false};<\\/script>\\r\\n<script type=\\\"text\\/javascript\\\" src=\\\"\\/\\/s7.addthis.com\\/js\\/300\\/addthis_widget.js#pubid=sandiwinter\\\"><\\/script>\\r\\n<!-- AddThis Button END -->\",\"facebook_top\":\"<!-- Go to www.addthis.com\\/dashboard to customize your tools -->\\r\\n<div class=\\\"addthis_sharing_toolbox\\\"><\\/div>\",\"facebook_jsdk\":\"<div id=\\\"fb-root\\\"><\\/div>\\r\\n<script>(function(d, s, id) {\\r\\n  var js, fjs = d.getElementsByTagName(s)[0];\\r\\n  if (d.getElementById(id)) return;\\r\\n  js = d.createElement(s); js.id = id;\\r\\n  js.src = \\\"\\/\\/connect.facebook.net\\/en_EN\\/sdk.js#xfbml=1&appId=349715428511591&version=v2.0\\\";\\r\\n  fjs.parentNode.insertBefore(js, fjs);\\r\\n}(document, \'script\', \'facebook-jssdk\'));<\\/script>\",\"facebook_comments\":\"<div class=\\\"fb-comments\\\" data-href=\\\"http:\\/\\/example.com\\/comments\\\" data-width=\\\"100%\\\" data-numposts=\\\"5\\\" data-colorscheme=\\\"light\\\"><\\/div>\",\"useful_links\":\"<ul class=\\\"menu nav\\\">\\r\\n                            <li class=\\\"first leaf\\\"><a href=\\\"#\\\">404 page<\\/a><\\/li>\\r\\n                            <li class=\\\"leaf\\\"><a href=\\\"#\\\">About us<\\/a><\\/li>\\r\\n                            <li class=\\\"leaf\\\"><a href=\\\"#\\\">Contact us<\\/a><\\/li>\\r\\n                            <li class=\\\"leaf\\\"><a href=\\\"#\\\">FAQ<\\/a><\\/li>\\r\\n                            <li class=\\\"leaf\\\"><a href=\\\"#\\\">Grid system<\\/a><\\/li>\\r\\n                            <li class=\\\"leaf\\\"><a href=\\\"#\\\">Our agents<\\/a><\\/li>\\r\\n                            <li class=\\\"last leaf\\\"><a href=\\\"#\\\">Typography<\\/a><\\/li>\\r\\n                        <\\/ul>\",\"website_logo\":\"284\",\"website_favicon\":\"308\",\"watermark_img\":\"309\",\"search_background\":\"285\",\"color\":\"\",\"design_parameters\":\"\",\"css_variant\":\"\"},\"price\":\"20.00\",\"user\":{\"id\":\"18\",\"username\":\"user\",\"password\":\"f341be9a30\",\"name_surname\":\"Test user\",\"address\":\"Cyro trento 23\",\"description\":\"My description 2\",\"phone\":\"+385959055516\",\"mail\":\"sanljiljan@geniuscript.com\",\"last_login\":\"2016-03-24 13:57:27\",\"registration_date\":\"2014-01-26 12:23:26\",\"type\":\"USER\",\"language\":\"english\",\"repository_id\":\"196\",\"activated\":\"1\",\"qa_id\":\"0\",\"package_id\":\"3\",\"package_last_payment\":\"2016-03-17 17:54:09\",\"facebook_id\":\"0\",\"mail_verified\":\"0\",\"phone_verified\":\"0\",\"image_user_filename\":null,\"image_agency_filename\":null,\"company_name\":\"My real estate ltd\",\"zip_city\":\"21000\",\"prename_name\":\"Prename\",\"vat_number\":\"0945621378\",\"facebook_link\":\"\",\"gplus_link\":\"\",\"youtube_link\":\"\",\"twitter_link\":\"\",\"linkedin_link\":\"\",\"county_affiliate_values\":\"\",\"embed_video_code\":\"\",\"payment_details\":\"\",\"research_sms_notifications\":\"1\",\"research_mail_notifications\":\"1\"},\"lang_code\":\"en\",\"invoice_num\":\"3_PAC_18_20.00_4\",\"description\":\"Package 3\",\"reference_id\":\"3\",\"reference_code\":\"PAC\",\"currency_code\":\"USD\"}'),(18,'3_PAC_18_20.00_0','2016-10-02 11:44:34',18,'Package 3',3,0,20.00,'USD',1,0,1,'{\"settings\":{\"rating_enabled\":\"1\",\"address\":\"Ilica 345, HR-10000 Zagreb 1\",\"websitetitle\":\"Real estate point\",\"gps\":\"45.81308594833956, 15.966937947021506\",\"map_center\":\"0\",\"email\":\"info@my-website.com\",\"email_alert\":\"1\",\"phone\":\"+385 (0)1 123 321\",\"fax\":\"+385 (0)1 123 322\",\"address_footer\":\"<b>Estate<\\/b>Point<br \\/>\\r\\nReal estate agency from Croatia<br \\/>\\r\\nIlica 345<br \\/>\\r\\nHR-10000 Zagreb\",\"custom_fields_code\":\"{  \\\"PRIMARY\\\": {  \\\"1\\\":{\\\"type\\\":\\\"INPUTBOX\\\" ,\\\"type\\\":\\\"INPUTBOX\\\" ,\\\"rel\\\":\\\"1\\\" ,\\\"style\\\":\\\"\\\" ,\\\"class\\\":\\\"\\\" ,\\\"label_1\\\":\\\"a_english\\\" ,\\\"values_1\\\":\\\"\\\" ,\\\"label_2\\\":\\\"a_cro\\\" ,\\\"values_2\\\":\\\"\\\"} ,\\\"2\\\":{\\\"type\\\":\\\"TEXTAREA\\\" ,\\\"type\\\":\\\"TEXTAREA\\\" ,\\\"rel\\\":\\\"2\\\" ,\\\"style\\\":\\\"\\\" ,\\\"class\\\":\\\"\\\" ,\\\"label_1\\\":\\\"b_english\\\" ,\\\"values_1\\\":\\\"\\\" ,\\\"label_2\\\":\\\"b_cro\\\" ,\\\"values_2\\\":\\\"\\\"} ,\\\"3\\\":{\\\"type\\\":\\\"CHECKBOX\\\" ,\\\"rel\\\":\\\"3\\\" ,\\\"style\\\":\\\"\\\" ,\\\"class\\\":\\\"\\\" ,\\\"label_1\\\":\\\"check_en\\\" ,\\\"values_1\\\":\\\"\\\" ,\\\"label_2\\\":\\\"check_cro\\\" ,\\\"values_2\\\":\\\"\\\"} } }\",\"noreply\":\"noreply@loggingforest.com\",\"zoom\":\"8\",\"paypal_email\":\"sandi.winter@gmail.com\",\"payments_enabled\":\"1\",\"walkscore_enabled\":\"1\",\"property_subm_disabled\":\"0\",\"maps_api_key\":\"AIzaSyB0lxCRSHcNPBu5hq3wsmY1KhcBq5Tlwi8\",\"listing_expiry_days\":\"0\",\"activation_price\":\"5\",\"featured_price\":\"10\",\"default_currency\":\"USD\",\"authorize_api_login_id\":\"\",\"authorize_api_hash_secret\":\"\",\"authorize_api_transaction_key\":\"\",\"payu_api_pos_id\":\"145227\",\"payu_api_key_1\":\"855d965e9d74eba29060e76fbbbe02b3\",\"payu_api_key_2\":\"13a980d4f851f3d9a1cfc792fb1f5e50\",\"payu_api_auth_key\":\"JaeyELi\",\"adsense728_90\":\"<script async src=\\\"\\/\\/pagead2.googlesyndication.com\\/pagead\\/js\\/adsbygoogle.js\\\"><\\/script>\\r\\n<!-- Real estate responsive -->\\r\\n<ins class=\\\"adsbygoogle\\\"\\r\\n     style=\\\"display:block\\\"\\r\\n     data-ad-client=\\\"ca-pub-6994200887384132\\\"\\r\\n     data-ad-slot=\\\"6454101571\\\"\\r\\n     data-ad-format=\\\"auto\\\"><\\/ins>\\r\\n<script>\\r\\n(adsbygoogle = window.adsbygoogle || []).push({});\\r\\n<\\/script>\",\"adsense160_600\":\"<script async src=\\\"\\/\\/pagead2.googlesyndication.com\\/pagead\\/js\\/adsbygoogle.js\\\"><\\/script>\\r\\n<!-- Real estate right -->\\r\\n<ins class=\\\"adsbygoogle\\\"\\r\\n     style=\\\"display:inline-block;width:160px;height:600px\\\"\\r\\n     data-ad-client=\\\"ca-pub-6994200887384132\\\"\\r\\n     data-ad-slot=\\\"7090863570\\\"><\\/ins>\\r\\n<script>\\r\\n(adsbygoogle = window.adsbygoogle || []).push({});\\r\\n<\\/script>\",\"reviews_enabled\":\"1\",\"reviews_public_visible_enabled\":\"1\",\"showroom_slideshow_enabled\":\"1\",\"withdrawal_details\":\"IBAN: HR43 2340009 3207462177<br\\/>\\r\\nSWIFT: PBZGHR2X\",\"booking_fee\":\"10\",\"template\":\"bootstrap2-responsive\",\"tracking\":\"<script type=\\\"text\\/javascript\\\">  var _gaq = _gaq || [];  _gaq.push([\'_setAccount\', \'UA-683342-5\']);  _gaq.push([\'_trackPageview\']);  (function() {    var ga = document.createElement(\'script\'); ga.type = \'text\\/javascript\'; ga.async = true;    ga.src = (\'https:\' == document.location.protocol ? \'https:\\/\\/ssl\' : \'http:\\/\\/www\') + \'.google-analytics.com\\/ga.js\';    var s = document.getElementsByTagName(\'script\')[0]; s.parentNode.insertBefore(ga, s);  })();<\\/script>\",\"facebook\":\"<!-- AddThis Button BEGIN -->\\r\\n<div class=\\\"addthis_toolbox addthis_default_style addthis_32x32_style\\\">\\r\\n<a class=\\\"addthis_button_facebook\\\">\\r\\n    <div class=\\\"custom-icon at15t_facebook\\\"> <\\/div>\\r\\n<\\/a>\\r\\n<a class=\\\"addthis_button_twitter\\\">\\r\\n    <div class=\\\"custom-icon at15t_twitter\\\"> <\\/div>\\r\\n<\\/a>\\r\\n<a class=\\\"addthis_button_google_plusone_share\\\">\\r\\n    <div class=\\\"custom-icon at15t_google_plusone_share\\\"> <\\/div>\\r\\n<\\/a>\\r\\n<\\/div>\\r\\n<script type=\\\"text\\/javascript\\\">var addthis_config = {\\\"data_track_addressbar\\\":false};<\\/script>\\r\\n<script type=\\\"text\\/javascript\\\" src=\\\"\\/\\/s7.addthis.com\\/js\\/300\\/addthis_widget.js#pubid=sandiwinter\\\"><\\/script>\\r\\n<!-- AddThis Button END -->\",\"facebook_top\":\"<!-- Go to www.addthis.com\\/dashboard to customize your tools -->\\r\\n<div class=\\\"addthis_sharing_toolbox\\\"><\\/div>\",\"facebook_jsdk\":\"<div id=\\\"fb-root\\\"><\\/div>\\r\\n<script>(function(d, s, id) {\\r\\n  var js, fjs = d.getElementsByTagName(s)[0];\\r\\n  if (d.getElementById(id)) return;\\r\\n  js = d.createElement(s); js.id = id;\\r\\n  js.src = \\\"\\/\\/connect.facebook.net\\/en_EN\\/sdk.js#xfbml=1&appId=349715428511591&version=v2.0\\\";\\r\\n  fjs.parentNode.insertBefore(js, fjs);\\r\\n}(document, \'script\', \'facebook-jssdk\'));<\\/script>\",\"facebook_comments\":\"<div class=\\\"fb-comments\\\" data-href=\\\"http:\\/\\/example.com\\/comments\\\" data-width=\\\"100%\\\" data-numposts=\\\"5\\\" data-colorscheme=\\\"light\\\"><\\/div>\",\"useful_links\":\"<ul class=\\\"menu nav\\\">\\r\\n                            <li class=\\\"first leaf\\\"><a href=\\\"#\\\">404 page<\\/a><\\/li>\\r\\n                            <li class=\\\"leaf\\\"><a href=\\\"#\\\">About us<\\/a><\\/li>\\r\\n                            <li class=\\\"leaf\\\"><a href=\\\"#\\\">Contact us<\\/a><\\/li>\\r\\n                            <li class=\\\"leaf\\\"><a href=\\\"#\\\">FAQ<\\/a><\\/li>\\r\\n                            <li class=\\\"leaf\\\"><a href=\\\"#\\\">Grid system<\\/a><\\/li>\\r\\n                            <li class=\\\"leaf\\\"><a href=\\\"#\\\">Our agents<\\/a><\\/li>\\r\\n                            <li class=\\\"last leaf\\\"><a href=\\\"#\\\">Typography<\\/a><\\/li>\\r\\n                        <\\/ul>\",\"website_logo\":\"284\",\"website_favicon\":\"308\",\"watermark_img\":\"309\",\"search_background\":\"285\",\"color\":\"\",\"design_parameters\":\"\",\"css_variant\":\"\"},\"price\":\"20.00\",\"user\":{\"id\":\"18\",\"username\":\"user\",\"password\":\"f341be9a30\",\"name_surname\":\"Test user\",\"address\":\"Cyro trento 23\",\"description\":\"My description 2\",\"phone\":\"+385959055516\",\"phone2\":\"0\",\"mail\":\"sanljiljan@geniuscript.com\",\"last_login\":\"2016-10-02 11:44:13\",\"registration_date\":\"2014-01-26 12:23:26\",\"type\":\"USER\",\"language\":\"english\",\"repository_id\":\"196\",\"activated\":\"1\",\"qa_id\":\"0\",\"package_id\":\"3\",\"package_last_payment\":\"2016-05-23 14:57:49\",\"facebook_id\":\"\",\"mail_verified\":\"0\",\"phone_verified\":\"0\",\"image_user_filename\":null,\"image_agency_filename\":null,\"company_name\":\"My real estate ltd\",\"zip_city\":\"21000\",\"prename_name\":\"Prename\",\"vat_number\":\"0945621378\",\"facebook_link\":\"\",\"gplus_link\":\"\",\"youtube_link\":\"\",\"twitter_link\":\"\",\"linkedin_link\":\"\",\"county_affiliate_values\":\"0\",\"embed_video_code\":\"\",\"payment_details\":\"\",\"custom_fields\":\"{\\\"cinput_1\\\":\\\"aa\\\",\\\"cinput_2\\\":\\\"bbbc\\\",\\\"cinput_3\\\":\\\"1\\\"}\",\"research_sms_notifications\":\"0\",\"research_mail_notifications\":\"1\",\"last_edit_ip\":\"::1\"},\"lang_code\":\"en\",\"invoice_num\":\"3_PAC_18_20.00_0\",\"description\":\"Package 3\",\"reference_id\":\"3\",\"reference_code\":\"PAC\",\"currency_code\":\"USD\"}'),(19,'3_PAC_18_20.00_0','2016-11-13 17:06:19',18,'Package 3',3,0,20.00,'USD',1,0,1,'{\"settings\":{\"rating_enabled\":\"1\",\"address\":\"Ilica 345, HR-10000 Zagreb 1\",\"websitetitle\":\"Real estate point\",\"gps\":\"45.81308594833956, 15.966937947021506\",\"map_center\":\"0\",\"email\":\"info@my-website.com\",\"email_alert\":\"1\",\"phone\":\"+385 (0)1 123 321\",\"fax\":\"+385 (0)1 123 322\",\"address_footer\":\"<b>Estate<\\/b>Point<br \\/>\\r\\nReal estate agency from Croatia<br \\/>\\r\\nIlica 345<br \\/>\\r\\nHR-10000 Zagreb\",\"custom_fields_code\":\"{  \\\"PRIMARY\\\": {  \\\"1\\\":{\\\"type\\\":\\\"INPUTBOX\\\" ,\\\"type\\\":\\\"INPUTBOX\\\" ,\\\"rel\\\":\\\"1\\\" ,\\\"style\\\":\\\"\\\" ,\\\"class\\\":\\\"\\\" ,\\\"label_1\\\":\\\"a_english\\\" ,\\\"values_1\\\":\\\"\\\" ,\\\"label_2\\\":\\\"a_cro\\\" ,\\\"values_2\\\":\\\"\\\"} ,\\\"2\\\":{\\\"type\\\":\\\"TEXTAREA\\\" ,\\\"type\\\":\\\"TEXTAREA\\\" ,\\\"rel\\\":\\\"2\\\" ,\\\"style\\\":\\\"\\\" ,\\\"class\\\":\\\"\\\" ,\\\"label_1\\\":\\\"b_english\\\" ,\\\"values_1\\\":\\\"\\\" ,\\\"label_2\\\":\\\"b_cro\\\" ,\\\"values_2\\\":\\\"\\\"} ,\\\"3\\\":{\\\"type\\\":\\\"CHECKBOX\\\" ,\\\"rel\\\":\\\"3\\\" ,\\\"style\\\":\\\"\\\" ,\\\"class\\\":\\\"\\\" ,\\\"label_1\\\":\\\"check_en\\\" ,\\\"values_1\\\":\\\"\\\" ,\\\"label_2\\\":\\\"check_cro\\\" ,\\\"values_2\\\":\\\"\\\"} } }\",\"noreply\":\"noreply@loggingforest.com\",\"zoom\":\"8\",\"paypal_email\":\"sandi.winter@gmail.com\",\"payments_enabled\":\"1\",\"walkscore_enabled\":\"1\",\"property_subm_disabled\":\"0\",\"maps_api_key\":\"AIzaSyB0lxCRSHcNPBu5hq3wsmY1KhcBq5Tlwi8\",\"listing_expiry_days\":\"0\",\"activation_price\":\"5\",\"featured_price\":\"10\",\"default_currency\":\"USD\",\"authorize_api_login_id\":\"\",\"authorize_api_hash_secret\":\"\",\"authorize_api_transaction_key\":\"\",\"payu_api_pos_id\":\"145227\",\"payu_api_key_1\":\"855d965e9d74eba29060e76fbbbe02b3\",\"payu_api_key_2\":\"13a980d4f851f3d9a1cfc792fb1f5e50\",\"payu_api_auth_key\":\"JaeyELi\",\"adsense728_90\":\"<script async src=\\\"\\/\\/pagead2.googlesyndication.com\\/pagead\\/js\\/adsbygoogle.js\\\"><\\/script>\\r\\n<!-- Real estate responsive -->\\r\\n<ins class=\\\"adsbygoogle\\\"\\r\\n     style=\\\"display:block\\\"\\r\\n     data-ad-client=\\\"ca-pub-6994200887384132\\\"\\r\\n     data-ad-slot=\\\"6454101571\\\"\\r\\n     data-ad-format=\\\"auto\\\"><\\/ins>\\r\\n<script>\\r\\n(adsbygoogle = window.adsbygoogle || []).push({});\\r\\n<\\/script>\",\"adsense160_600\":\"<script async src=\\\"\\/\\/pagead2.googlesyndication.com\\/pagead\\/js\\/adsbygoogle.js\\\"><\\/script>\\r\\n<!-- Real estate right -->\\r\\n<ins class=\\\"adsbygoogle\\\"\\r\\n     style=\\\"display:inline-block;width:160px;height:600px\\\"\\r\\n     data-ad-client=\\\"ca-pub-6994200887384132\\\"\\r\\n     data-ad-slot=\\\"7090863570\\\"><\\/ins>\\r\\n<script>\\r\\n(adsbygoogle = window.adsbygoogle || []).push({});\\r\\n<\\/script>\",\"reviews_enabled\":\"1\",\"reviews_public_visible_enabled\":\"1\",\"showroom_slideshow_enabled\":\"1\",\"withdrawal_details\":\"IBAN: HR43 2340009 3207462177<br\\/>\\r\\nSWIFT: PBZGHR2X\",\"booking_fee\":\"10\",\"page_offline\":\"0\",\"page_offline_message\":\"Page is currently offline\",\"template\":\"bootstrap2-responsive\",\"tracking\":\"<script type=\\\"text\\/javascript\\\">  var _gaq = _gaq || [];  _gaq.push([\'_setAccount\', \'UA-683342-5\']);  _gaq.push([\'_trackPageview\']);  (function() {    var ga = document.createElement(\'script\'); ga.type = \'text\\/javascript\'; ga.async = true;    ga.src = (\'https:\' == document.location.protocol ? \'https:\\/\\/ssl\' : \'http:\\/\\/www\') + \'.google-analytics.com\\/ga.js\';    var s = document.getElementsByTagName(\'script\')[0]; s.parentNode.insertBefore(ga, s);  })();<\\/script>\",\"facebook\":\"<!-- AddThis Button BEGIN -->\\r\\n<div class=\\\"addthis_toolbox addthis_default_style addthis_32x32_style\\\">\\r\\n<a class=\\\"addthis_button_facebook\\\">\\r\\n    <div class=\\\"custom-icon at15t_facebook\\\"> <\\/div>\\r\\n<\\/a>\\r\\n<a class=\\\"addthis_button_twitter\\\">\\r\\n    <div class=\\\"custom-icon at15t_twitter\\\"> <\\/div>\\r\\n<\\/a>\\r\\n<a class=\\\"addthis_button_google_plusone_share\\\">\\r\\n    <div class=\\\"custom-icon at15t_google_plusone_share\\\"> <\\/div>\\r\\n<\\/a>\\r\\n<\\/div>\\r\\n<script type=\\\"text\\/javascript\\\">var addthis_config = {\\\"data_track_addressbar\\\":false};<\\/script>\\r\\n<script type=\\\"text\\/javascript\\\" src=\\\"\\/\\/s7.addthis.com\\/js\\/300\\/addthis_widget.js#pubid=sandiwinter\\\"><\\/script>\\r\\n<!-- AddThis Button END -->\",\"facebook_top\":\"<!-- Go to www.addthis.com\\/dashboard to customize your tools -->\\r\\n<div class=\\\"addthis_sharing_toolbox\\\"><\\/div>\",\"facebook_jsdk\":\"<div id=\\\"fb-root\\\"><\\/div>\\r\\n<script>(function(d, s, id) {\\r\\n  var js, fjs = d.getElementsByTagName(s)[0];\\r\\n  if (d.getElementById(id)) return;\\r\\n  js = d.createElement(s); js.id = id;\\r\\n  js.src = \\\"\\/\\/connect.facebook.net\\/en_EN\\/all.js#xfbml=1&appId=349715428511591&version=v2.0\\\";\\r\\n  fjs.parentNode.insertBefore(js, fjs);\\r\\n}(document, \'script\', \'facebook-jssdk\'));<\\/script>\",\"facebook_comments\":\"<div class=\\\"fb-comments\\\" data-href=\\\"http:\\/\\/example.com\\/comments\\\" data-width=\\\"100%\\\" data-numposts=\\\"5\\\" data-colorscheme=\\\"light\\\"><\\/div>\",\"useful_links\":\"<ul class=\\\"menu nav\\\">\\r\\n                            <li class=\\\"first leaf\\\"><a href=\\\"#\\\">404 page<\\/a><\\/li>\\r\\n                            <li class=\\\"leaf\\\"><a href=\\\"#\\\">About us<\\/a><\\/li>\\r\\n                            <li class=\\\"leaf\\\"><a href=\\\"#\\\">Contact us<\\/a><\\/li>\\r\\n                            <li class=\\\"leaf\\\"><a href=\\\"#\\\">FAQ<\\/a><\\/li>\\r\\n                            <li class=\\\"leaf\\\"><a href=\\\"#\\\">Grid system<\\/a><\\/li>\\r\\n                            <li class=\\\"leaf\\\"><a href=\\\"#\\\">Our agents<\\/a><\\/li>\\r\\n                            <li class=\\\"last leaf\\\"><a href=\\\"#\\\">Typography<\\/a><\\/li>\\r\\n                        <\\/ul>\",\"website_logo\":\"284\",\"website_favicon\":\"308\",\"watermark_img\":\"309\",\"search_background\":\"285\",\"color\":\"\",\"design_parameters\":\"\",\"css_variant\":\"\"},\"price\":\"20.00\",\"user\":{\"id\":\"18\",\"username\":\"user\",\"password\":\"f341be9a30\",\"name_surname\":\"Test user\",\"address\":\"Cyro trento 23\",\"description\":\"My description 2\",\"phone\":\"+385959055516\",\"phone2\":\"0\",\"mail\":\"sanljiljan@geniuscript.com\",\"last_login\":\"2016-11-13 17:06:05\",\"registration_date\":\"2014-01-26 12:23:26\",\"type\":\"USER\",\"language\":\"english\",\"repository_id\":\"196\",\"activated\":\"1\",\"qa_id\":\"0\",\"package_id\":\"3\",\"package_last_payment\":\"2016-11-01 10:44:34\",\"facebook_id\":\"\",\"mail_verified\":\"0\",\"phone_verified\":\"0\",\"image_user_filename\":null,\"image_agency_filename\":null,\"company_name\":\"My real estate ltd\",\"zip_city\":\"21000\",\"prename_name\":\"Prename\",\"vat_number\":\"0945621378\",\"facebook_link\":\"\",\"gplus_link\":\"\",\"youtube_link\":\"\",\"twitter_link\":\"\",\"linkedin_link\":\"\",\"county_affiliate_values\":\"0\",\"embed_video_code\":\"\",\"payment_details\":\"\",\"custom_fields\":\"{\\\"cinput_1\\\":\\\"aa\\\",\\\"cinput_2\\\":\\\"bbbc\\\",\\\"cinput_3\\\":\\\"1\\\"}\",\"research_sms_notifications\":\"0\",\"research_mail_notifications\":\"1\",\"last_edit_ip\":\"::1\"},\"lang_code\":\"en\",\"invoice_num\":\"3_PAC_18_20.00_0\",\"description\":\"Package 3\",\"reference_id\":\"3\",\"reference_code\":\"PAC\",\"currency_code\":\"USD\"}');

--
-- Table structure for table `language`
--

DROP TABLE IF EXISTS `language`;
/*!40101 SET @saved_cs_client     = @@character_set_client */;
/*!40101 SET character_set_client = utf8 */;
CREATE TABLE `language` (
  `id` int(11) NOT NULL AUTO_INCREMENT,
  `code` varchar(45) COLLATE utf8_unicode_ci DEFAULT NULL,
  `language` varchar(45) COLLATE utf8_unicode_ci DEFAULT NULL,
  `is_default` tinyint(1) DEFAULT '0',
  `is_locked` tinyint(1) DEFAULT '0',
  `is_frontend` tinyint(1) DEFAULT '1',
  `is_rtl` tinyint(1) DEFAULT '0',
  `currency_default` varchar(10) COLLATE utf8_unicode_ci DEFAULT 'USD',
  `domain` varchar(100) COLLATE utf8_unicode_ci DEFAULT '',
  `is_hidden_submission` tinyint(1) DEFAULT '0',
  `facebook_lang_code` varchar(32) COLLATE utf8_unicode_ci DEFAULT NULL,
  PRIMARY KEY (`id`),
  UNIQUE KEY `code_UNIQUE` (`code`)
) ENGINE=InnoDB AUTO_INCREMENT=3 DEFAULT CHARSET=utf8 COLLATE=utf8_unicode_ci;
/*!40101 SET character_set_client = @saved_cs_client */;

--
-- Dumping data for table `language`
--

INSERT INTO `language` VALUES (1,'en','english',1,1,1,0,'USD','',0,''),(2,'hr','croatian',0,0,1,0,'EUR','',1,'hr_HR');

--
-- Table structure for table `map_report`
--

DROP TABLE IF EXISTS `map_report`;
/*!40101 SET @saved_cs_client     = @@character_set_client */;
/*!40101 SET character_set_client = utf8 */;
CREATE TABLE `map_report` (
  `id_mapreport` int(11) NOT NULL AUTO_INCREMENT,
  `lat` decimal(9,6) DEFAULT NULL,
  `lng` decimal(9,6) DEFAULT NULL,
  `address` varchar(160) COLLATE utf8_unicode_ci DEFAULT NULL,
  `outcome` varchar(45) COLLATE utf8_unicode_ci DEFAULT NULL COMMENT 'NOT_SOLD,SOLD\n',
  `price` int(11) DEFAULT NULL,
  `area` int(11) DEFAULT NULL,
  `date_removed` datetime DEFAULT NULL,
  `date_submited` varchar(45) COLLATE utf8_unicode_ci DEFAULT NULL,
  `purpose` varchar(45) COLLATE utf8_unicode_ci DEFAULT NULL,
  `type` varchar(45) COLLATE utf8_unicode_ci DEFAULT NULL,
  `property_json` text COLLATE utf8_unicode_ci COMMENT 'complete json details in english or default language',
  `id_old` int(11) DEFAULT NULL,
  `user_id_remover` int(11) DEFAULT NULL,
  `user_id_agent` int(11) DEFAULT NULL,
  PRIMARY KEY (`id_mapreport`)
) ENGINE=InnoDB AUTO_INCREMENT=7 DEFAULT CHARSET=utf8 COLLATE=utf8_unicode_ci;
/*!40101 SET character_set_client = @saved_cs_client */;

--
-- Dumping data for table `map_report`
--

INSERT INTO `map_report` VALUES (1,46.378570,16.079735,'Veliki lovreÄan','NOT_SOLD',150,60,'2014-03-18 22:16:28','2014-03-07 20:12:14','Sale','House','{\"id\":\"29\",\"gps\":\"46.3785703, 16.0797348\",\"lat\":\"46.378570\",\"lng\":\"16.079735\",\"date\":\"2014-03-07 20:12:14\",\"date_modified\":\"2014-12-28 18:59:23\",\"address\":\"Veliki lovre\\u010dan\",\"type\":null,\"repository_id\":\"195\",\"is_featured\":\"0\",\"search_values\":\"id: 29Veliki lovre\\u010dan My property new house   Sale House Vara\\u017edinska Cestica   50-100m2 60 D 2 2 5    Agent  50 20 SKIP_ON_EMPTY   SKIP_ON_EMPTY       trueAir conditioning trueCable TV  trueBalcony        700 700    Moja nekretnina novo house   Prodaja Ku\\u0107a Vara\\u017edinska Cestica   50-100m2 60 D 2 2 5    Agent    SKIP_ON_EMPTY   SKIP_ON_EMPTY       trueKlimatizacija trueKabelska TV  trueBalkon        700 700   \",\"is_activated\":\"0\",\"activation_paid_date\":null,\"featured_paid_date\":null,\"counter_views\":\"0\",\"image_filename\":null,\"image_repository\":null,\"option10_1\":\"My property\",\"option8_1\":\"Lorem ipsum dolor sit amet, consectetur adipiscing elit. Sed vulputate \\r\\nnec neque gravida rhoncus. Donec sit amet blandit mauris, sed bibendum \\r\\nrisus.\",\"option17_1\":\"<p>\\r\\nLorem ipsum dolor sit amet, consectetur adipiscing elit. Sed vulputate \\r\\nnec neque gravida rhoncus. Donec sit amet blandit mauris, sed bibendum \\r\\nrisus. Cras ut urna semper, facilisis augue sed, imperdiet nulla. Duis \\r\\ntristique tellus tortor, dapibus gravida sem sodales id. Nullam quis \\r\\nconvallis libero, vitae pulvinar nisi.<\\/p><p><span style=\\\"font-weight: bold;\\\">Nam eget est facilisis, porta mi \\r\\nac, ultricies enim. Proin nisi diam, eleifend ac eleifend in, dapibus in\\r\\n orci. Vestibulum elementum lectus non nisl venenatis, tempus molestie \\r\\nnisi tempus. Pellentesque facilisis nibh nec purus blandit, id aliquam \\r\\nlorem fermentum.\\r\\n<\\/span><\\/p>\\r\\n<p>\\r\\n<span style=\\\"font-style: italic;\\\">Ut erat lacus, sagittis ac leo eu, molestie mattis libero. Nam sit amet \\r\\nmassa et magna porttitor eleifend a aliquam nunc. Pellentesque a est a \\r\\naugue dignissim tristique eu nec augue. Integer pretium sollicitudin \\r\\ntellus, quis hendrerit nunc accumsan et. Fusce bibendum a neque vel \\r\\nfringilla. Vivamus viverra enim at purus gravida, in elementum neque \\r\\neleifend. Curabitur sodales dapibus urna, at mattis lacus eleifend non. \\r\\nDonec ultricies porta orci eu congue. Nulla sodales arcu a libero \\r\\naliquet, nec aliquam ante sagittis.<\\/span><\\/p>\",\"option38_1\":\"new\",\"option6_1\":\"house\",\"option56_1\":\"\",\"option1_1\":\"0\",\"option4_1\":\"Sale\",\"option2_1\":\"House\",\"option5_1\":\"Vara\\u017edinska\",\"option7_1\":\"Cestica\",\"option40_1\":\"\",\"option64_1\":\"\",\"option3_1\":\"50-100m2\",\"option57_1\":\"60\",\"option39_1\":\"D\",\"option19_1\":\"2\",\"option20_1\":\"2\",\"option58_1\":\"5\",\"option36_1\":\"\",\"option55_1\":\"\",\"option37_1\":\"\",\"option54_1\":\"Agent\",\"option53_1\":\"\",\"option59_1\":\"50\",\"option60_1\":\"20\",\"option66_1\":\"0\",\"option67_1\":\"\",\"option68_1\":\"\",\"option69_1\":\"\",\"option70_1\":\"\",\"option71_1\":\"\",\"option72_1\":\"\",\"option73_1\":\"\",\"option21_1\":\"0\",\"option22_1\":\"true\",\"option23_1\":\"true\",\"option24_1\":\"0\",\"option25_1\":\"0\",\"option28_1\":\"0\",\"option29_1\":\"0\",\"option31_1\":\"0\",\"option52_1\":\"0\",\"option11_1\":\"true\",\"option30_1\":\"0\",\"option27_1\":\"0\",\"option33_1\":\"0\",\"option32_1\":\"0\",\"option43_1\":\"0\",\"option44_1\":\"\",\"option45_1\":\"\",\"option46_1\":\"\",\"option47_1\":\"\",\"option48_1\":\"\",\"option49_1\":\"\",\"option50_1\":\"700\",\"option51_1\":\"700\",\"option9_1\":\"0\",\"option12_1\":\"\",\"option42_1\":\"0\",\"option10_2\":\"Moja nekretnina\",\"option8_2\":\"Lorem ipsum dolor sit amet, consectetur adipiscing elit. Sed vulputate \\r\\nnec neque gravida rhoncus. Donec sit amet blandit mauris, sed bibendum \\r\\nrisus.\",\"option17_2\":\"<p>\\r\\nLorem ipsum dolor sit amet, consectetur adipiscing elit. Sed vulputate \\r\\nnec neque gravida rhoncus. Donec sit amet blandit mauris, sed bibendum \\r\\nrisus. Cras ut urna semper, facilisis augue sed, imperdiet nulla. Duis \\r\\ntristique tellus tortor, dapibus gravida sem sodales id. Nullam quis \\r\\nconvallis libero, vitae pulvinar nisi.<\\/p><p><span style=\\\"font-weight: bold;\\\">Nam eget est facilisis, porta mi \\r\\nac, ultricies enim. Proin nisi diam, eleifend ac eleifend in, dapibus in\\r\\n orci. Vestibulum elementum lectus non nisl venenatis, tempus molestie \\r\\nnisi tempus. Pellentesque facilisis nibh nec purus blandit, id aliquam \\r\\nlorem fermentum.\\r\\n<\\/span><\\/p>\\r\\n<p>\\r\\n<span style=\\\"font-style: italic;\\\">Ut erat lacus, sagittis ac leo eu, molestie mattis libero. Nam sit amet \\r\\nmassa et magna porttitor eleifend a aliquam nunc. Pellentesque a est a \\r\\naugue dignissim tristique eu nec augue. Integer pretium sollicitudin \\r\\ntellus, quis hendrerit nunc accumsan et. Fusce bibendum a neque vel \\r\\nfringilla. Vivamus viverra enim at purus gravida, in elementum neque \\r\\neleifend. Curabitur sodales dapibus urna, at mattis lacus eleifend non. \\r\\nDonec ultricies porta orci eu congue. Nulla sodales arcu a libero \\r\\naliquet, nec aliquam ante sagittis.<\\/span><\\/p>\",\"option38_2\":\"novo\",\"option6_2\":\"house\",\"option56_2\":\"\",\"option1_2\":\"0\",\"option4_2\":\"Prodaja\",\"option2_2\":\"Ku\\u0107a\",\"option5_2\":\"Vara\\u017edinska\",\"option7_2\":\"Cestica\",\"option40_2\":\"\",\"option64_2\":\"\",\"option3_2\":\"50-100m2\",\"option57_2\":\"60\",\"option39_2\":\"D\",\"option19_2\":\"2\",\"option20_2\":\"2\",\"option58_2\":\"5\",\"option36_2\":\"\",\"option55_2\":\"\",\"option37_2\":\"\",\"option54_2\":\"Agent\",\"option53_2\":\"\",\"option59_2\":\"\",\"option60_2\":\"\",\"option66_2\":\"0\",\"option67_2\":\"\",\"option68_2\":\"\",\"option69_2\":\"\",\"option70_2\":\"\",\"option71_2\":\"\",\"option72_2\":\"\",\"option73_2\":\"\",\"option21_2\":\"0\",\"option22_2\":\"true\",\"option23_2\":\"true\",\"option24_2\":\"0\",\"option25_2\":\"0\",\"option28_2\":\"0\",\"option29_2\":\"0\",\"option31_2\":\"0\",\"option52_2\":\"0\",\"option11_2\":\"true\",\"option30_2\":\"0\",\"option27_2\":\"0\",\"option33_2\":\"0\",\"option32_2\":\"0\",\"option43_2\":\"0\",\"option44_2\":\"\",\"option45_2\":\"\",\"option46_2\":\"\",\"option47_2\":\"\",\"option48_2\":\"\",\"option49_2\":\"\",\"option50_2\":\"700\",\"option51_2\":\"700\",\"option9_2\":\"0\",\"option12_2\":\"\",\"option42_2\":\"0\",\"agent\":\"18\",\"slug_1\":\"\",\"slug_2\":\"\"}',NULL,NULL,NULL),(2,46.373121,16.127040,'Cestica','SOLD',100,40,'2014-03-18 22:17:28','2014-01-07 13:32:50','Rent','Apartment','{\"id\":\"30\",\"gps\":\"46.3731205, 16.1270403\",\"lat\":\"46.373121\",\"lng\":\"16.127040\",\"date\":\"2015-01-07 13:32:50\",\"date_modified\":\"2015-02-22 15:04:06\",\"address\":\"Cestica\",\"type\":null,\"repository_id\":\"197\",\"is_featured\":\"0\",\"search_values\":\"id: 30Cestica Bjelovar estate empty apartment   Rent Apartment Bjelovarska Bjelovar  Less than 50m2 40 - 3 3 7 90,000.00   Agent - 70 20 262 Manitoba - Winnipeg -  FieldGate properties 264 1234567890 http:\\/\\/www.google.com http:\\/\\/www.facebook.com http:\\/\\/www.twitter.com 0-24  trueAir conditioning trueComputer trueHeating trueInternet trueMicrowave  trueBalcony trueGrill truePool trueParking  600 600 600 600        bjelovar-estate-1-en Bjelovar nekretnina empty apartment   Najam Stan Bjelovarska Bjelovar  Manje od 50m2 40 - 3 3 7 90,000.00   Agent - 70 20 263 Manitoba - Winnipeg -  FieldGate properties 2 265 1234567890 http:\\/\\/www.google.com http:\\/\\/www.facebook.com http:\\/\\/www.twitter.com 0-24  trueKlimatizacija trueRa\\u010dunalo trueGrijanje trueInternet trueMikrovalna  trueBalkon trueRo\\u0161tilj trueBazen trueParking  600 600 600 600        bjelovar-nekretnina\",\"is_activated\":\"1\",\"activation_paid_date\":null,\"featured_paid_date\":null,\"counter_views\":\"197\",\"image_filename\":\"431262903_9d77804a5b_o (1).jpg\",\"image_repository\":\"[\\\"431262903_9d77804a5b_o (1).jpg\\\",\\\"431267985_286ac5c8cd_o (1).jpg\\\"]\",\"option10_1\":\"Bjelovar estate\",\"option8_1\":\"Lorem ipsum dolor sit amet, consectetur adipiscing elit. Sed vulputate \\r\\nnec neque gravida rhoncus. Donec sit amet blandit mauris, sed bibendum \\r\\nrisus.\",\"option17_1\":\"<p>\\r\\nLorem ipsum dolor sit amet, consectetur adipiscing elit. Sed vulputate \\r\\nnec neque gravida rhoncus. Donec sit amet blandit mauris, sed bibendum \\r\\nrisus. Cras ut urna semper, facilisis augue sed, imperdiet nulla. Duis \\r\\ntristique tellus tortor, dapibus gravida sem sodales id. Nullam quis \\r\\nconvallis libero, vitae pulvinar nisi.<\\/p><p><span style=\\\"font-weight: bold;\\\">Nam eget est facilisis, porta mi \\r\\nac, ultricies enim. Proin nisi diam, eleifend ac eleifend in, dapibus in\\r\\n orci. Vestibulum elementum lectus non nisl venenatis, tempus molestie \\r\\nnisi tempus. Pellentesque facilisis nibh nec purus blandit, id aliquam \\r\\nlorem fermentum.\\r\\n<\\/span><\\/p>\\r\\n<p>\\r\\n<span style=\\\"font-style: italic;\\\">Ut erat lacus, sagittis ac leo eu, molestie mattis libero. Nam sit amet \\r\\nmassa et magna porttitor eleifend a aliquam nunc. Pellentesque a est a \\r\\naugue dignissim tristique eu nec augue. Integer pretium sollicitudin \\r\\ntellus, quis hendrerit nunc accumsan et. Fusce bibendum a neque vel \\r\\nfringilla. Vivamus viverra enim at purus gravida, in elementum neque \\r\\neleifend. Curabitur sodales dapibus urna, at mattis lacus eleifend non. \\r\\nDonec ultricies porta orci eu congue. Nulla sodales arcu a libero \\r\\naliquet, nec aliquam ante sagittis.<\\/span><\\/p>\",\"option38_1\":\"empty\",\"option6_1\":\"apartment\",\"option56_1\":\"\",\"option1_1\":\"0\",\"option4_1\":\"Rent\",\"option2_1\":\"Apartment\",\"option5_1\":\"Bjelovarska\",\"option7_1\":\"Bjelovar\",\"option40_1\":\"\",\"option3_1\":\"Less than 50m2\",\"option57_1\":\"40\",\"option39_1\":\"-\",\"option19_1\":\"3\",\"option20_1\":\"3\",\"option58_1\":\"7\",\"option36_1\":\"90,000.00\",\"option55_1\":\"\",\"option37_1\":\"\",\"option54_1\":\"Agent\",\"option53_1\":\"-\",\"option59_1\":\"70\",\"option60_1\":\"20\",\"option65_1\":\"262\",\"option64_1\":\"Manitoba - Winnipeg -\",\"option66_1\":\"0\",\"option67_1\":\"FieldGate properties\",\"option74_1\":\"264\",\"option68_1\":\"1234567890\",\"option69_1\":\"http:\\/\\/www.google.com\",\"option70_1\":\"http:\\/\\/www.facebook.com\",\"option71_1\":\"http:\\/\\/www.twitter.com\",\"option72_1\":\"345 Dixon Road\\r\\nToronto Ontario M9R 15G\\r\\n(Dixon &amp; Kipling)\",\"option73_1\":\"0-24\",\"option21_1\":\"0\",\"option22_1\":\"true\",\"option23_1\":\"0\",\"option24_1\":\"true\",\"option25_1\":\"0\",\"option28_1\":\"true\",\"option29_1\":\"true\",\"option31_1\":\"true\",\"option52_1\":\"0\",\"option11_1\":\"true\",\"option30_1\":\"0\",\"option27_1\":\"true\",\"option33_1\":\"true\",\"option32_1\":\"true\",\"option43_1\":\"0\",\"option44_1\":\"600\",\"option45_1\":\"600\",\"option46_1\":\"600\",\"option47_1\":\"600\",\"option48_1\":\"\",\"option49_1\":\"\",\"option50_1\":\"\",\"option51_1\":\"\",\"option9_1\":\"0\",\"option12_1\":\"\",\"option42_1\":\"0\",\"option10_2\":\"Bjelovar nekretnina\",\"option8_2\":\"Lorem ipsum dolor sit amet, consectetur adipiscing elit. Sed vulputate \\r\\nnec neque gravida rhoncus. Donec sit amet blandit mauris, sed bibendum \\r\\nrisus.\",\"option17_2\":\"<p>\\r\\nLorem ipsum dolor sit amet, consectetur adipiscing elit. Sed vulputate \\r\\nnec neque gravida rhoncus. Donec sit amet blandit mauris, sed bibendum \\r\\nrisus. Cras ut urna semper, facilisis augue sed, imperdiet nulla. Duis \\r\\ntristique tellus tortor, dapibus gravida sem sodales id. Nullam quis \\r\\nconvallis libero, vitae pulvinar nisi.<\\/p><p><span style=\\\"font-weight: bold;\\\">Nam eget est facilisis, porta mi \\r\\nac, ultricies enim. Proin nisi diam, eleifend ac eleifend in, dapibus in\\r\\n orci. Vestibulum elementum lectus non nisl venenatis, tempus molestie \\r\\nnisi tempus. Pellentesque facilisis nibh nec purus blandit, id aliquam \\r\\nlorem fermentum.\\r\\n<\\/span><\\/p>\\r\\n<p>\\r\\n<span style=\\\"font-style: italic;\\\">Ut erat lacus, sagittis ac leo eu, molestie mattis libero. Nam sit amet \\r\\nmassa et magna porttitor eleifend a aliquam nunc. Pellentesque a est a \\r\\naugue dignissim tristique eu nec augue. Integer pretium sollicitudin \\r\\ntellus, quis hendrerit nunc accumsan et. Fusce bibendum a neque vel \\r\\nfringilla. Vivamus viverra enim at purus gravida, in elementum neque \\r\\neleifend. Curabitur sodales dapibus urna, at mattis lacus eleifend non. \\r\\nDonec ultricies porta orci eu congue. Nulla sodales arcu a libero \\r\\naliquet, nec aliquam ante sagittis.<\\/span><\\/p>\",\"option38_2\":\"empty\",\"option6_2\":\"apartment\",\"option56_2\":\"\",\"option1_2\":\"0\",\"option4_2\":\"Najam\",\"option2_2\":\"Stan\",\"option5_2\":\"Bjelovarska\",\"option7_2\":\"Bjelovar\",\"option40_2\":\"\",\"option3_2\":\"Manje od 50m2\",\"option57_2\":\"40\",\"option39_2\":\"-\",\"option19_2\":\"3\",\"option20_2\":\"3\",\"option58_2\":\"7\",\"option36_2\":\"90,000.00\",\"option55_2\":\"\",\"option37_2\":\"\",\"option54_2\":\"Agent\",\"option53_2\":\"-\",\"option59_2\":\"70\",\"option60_2\":\"20\",\"option65_2\":\"263\",\"option64_2\":\"Manitoba - Winnipeg -\",\"option66_2\":\"0\",\"option67_2\":\"FieldGate properties 2\",\"option74_2\":\"265\",\"option68_2\":\"1234567890\",\"option69_2\":\"http:\\/\\/www.google.com\",\"option70_2\":\"http:\\/\\/www.facebook.com\",\"option71_2\":\"http:\\/\\/www.twitter.com\",\"option72_2\":\"My company description<br>\",\"option73_2\":\"0-24\",\"option21_2\":\"0\",\"option22_2\":\"true\",\"option23_2\":\"0\",\"option24_2\":\"true\",\"option25_2\":\"0\",\"option28_2\":\"true\",\"option29_2\":\"true\",\"option31_2\":\"true\",\"option52_2\":\"0\",\"option11_2\":\"true\",\"option30_2\":\"0\",\"option27_2\":\"true\",\"option33_2\":\"true\",\"option32_2\":\"true\",\"option43_2\":\"0\",\"option44_2\":\"600\",\"option45_2\":\"600\",\"option46_2\":\"600\",\"option47_2\":\"600\",\"option48_2\":\"\",\"option49_2\":\"\",\"option50_2\":\"\",\"option51_2\":\"\",\"option9_2\":\"0\",\"option12_2\":\"\",\"option42_2\":\"0\",\"agent\":\"18\",\"slug_1\":\"bjelovar-estate-1-en\",\"slug_2\":\"bjelovar-nekretnina\"}',NULL,NULL,NULL),(3,46.378570,16.079735,'Veliki lovreÄan','SOLD',200,60,'2015-03-18 22:17:35','2014-03-07 20:12:14','Sale','House','{\"id\":\"29\",\"gps\":\"46.3785703, 16.0797348\",\"lat\":\"46.378570\",\"lng\":\"16.079735\",\"date\":\"2014-03-07 20:12:14\",\"date_modified\":\"2014-12-28 18:59:23\",\"address\":\"Veliki lovre\\u010dan\",\"type\":null,\"repository_id\":\"195\",\"is_featured\":\"0\",\"search_values\":\"id: 29Veliki lovre\\u010dan My property new house   Sale House Vara\\u017edinska Cestica   50-100m2 60 D 2 2 5    Agent  50 20 SKIP_ON_EMPTY   SKIP_ON_EMPTY       trueAir conditioning trueCable TV  trueBalcony        700 700    Moja nekretnina novo house   Prodaja Ku\\u0107a Vara\\u017edinska Cestica   50-100m2 60 D 2 2 5    Agent    SKIP_ON_EMPTY   SKIP_ON_EMPTY       trueKlimatizacija trueKabelska TV  trueBalkon        700 700   \",\"is_activated\":\"0\",\"activation_paid_date\":null,\"featured_paid_date\":null,\"counter_views\":\"0\",\"image_filename\":null,\"image_repository\":null,\"option10_1\":\"My property\",\"option8_1\":\"Lorem ipsum dolor sit amet, consectetur adipiscing elit. Sed vulputate \\r\\nnec neque gravida rhoncus. Donec sit amet blandit mauris, sed bibendum \\r\\nrisus.\",\"option17_1\":\"<p>\\r\\nLorem ipsum dolor sit amet, consectetur adipiscing elit. Sed vulputate \\r\\nnec neque gravida rhoncus. Donec sit amet blandit mauris, sed bibendum \\r\\nrisus. Cras ut urna semper, facilisis augue sed, imperdiet nulla. Duis \\r\\ntristique tellus tortor, dapibus gravida sem sodales id. Nullam quis \\r\\nconvallis libero, vitae pulvinar nisi.<\\/p><p><span style=\\\"font-weight: bold;\\\">Nam eget est facilisis, porta mi \\r\\nac, ultricies enim. Proin nisi diam, eleifend ac eleifend in, dapibus in\\r\\n orci. Vestibulum elementum lectus non nisl venenatis, tempus molestie \\r\\nnisi tempus. Pellentesque facilisis nibh nec purus blandit, id aliquam \\r\\nlorem fermentum.\\r\\n<\\/span><\\/p>\\r\\n<p>\\r\\n<span style=\\\"font-style: italic;\\\">Ut erat lacus, sagittis ac leo eu, molestie mattis libero. Nam sit amet \\r\\nmassa et magna porttitor eleifend a aliquam nunc. Pellentesque a est a \\r\\naugue dignissim tristique eu nec augue. Integer pretium sollicitudin \\r\\ntellus, quis hendrerit nunc accumsan et. Fusce bibendum a neque vel \\r\\nfringilla. Vivamus viverra enim at purus gravida, in elementum neque \\r\\neleifend. Curabitur sodales dapibus urna, at mattis lacus eleifend non. \\r\\nDonec ultricies porta orci eu congue. Nulla sodales arcu a libero \\r\\naliquet, nec aliquam ante sagittis.<\\/span><\\/p>\",\"option38_1\":\"new\",\"option6_1\":\"house\",\"option56_1\":\"\",\"option1_1\":\"0\",\"option4_1\":\"Sale\",\"option2_1\":\"House\",\"option5_1\":\"Vara\\u017edinska\",\"option7_1\":\"Cestica\",\"option40_1\":\"\",\"option64_1\":\"\",\"option3_1\":\"50-100m2\",\"option57_1\":\"60\",\"option39_1\":\"D\",\"option19_1\":\"2\",\"option20_1\":\"2\",\"option58_1\":\"5\",\"option36_1\":\"\",\"option55_1\":\"\",\"option37_1\":\"\",\"option54_1\":\"Agent\",\"option53_1\":\"\",\"option59_1\":\"50\",\"option60_1\":\"20\",\"option66_1\":\"0\",\"option67_1\":\"\",\"option68_1\":\"\",\"option69_1\":\"\",\"option70_1\":\"\",\"option71_1\":\"\",\"option72_1\":\"\",\"option73_1\":\"\",\"option21_1\":\"0\",\"option22_1\":\"true\",\"option23_1\":\"true\",\"option24_1\":\"0\",\"option25_1\":\"0\",\"option28_1\":\"0\",\"option29_1\":\"0\",\"option31_1\":\"0\",\"option52_1\":\"0\",\"option11_1\":\"true\",\"option30_1\":\"0\",\"option27_1\":\"0\",\"option33_1\":\"0\",\"option32_1\":\"0\",\"option43_1\":\"0\",\"option44_1\":\"\",\"option45_1\":\"\",\"option46_1\":\"\",\"option47_1\":\"\",\"option48_1\":\"\",\"option49_1\":\"\",\"option50_1\":\"700\",\"option51_1\":\"700\",\"option9_1\":\"0\",\"option12_1\":\"\",\"option42_1\":\"0\",\"option10_2\":\"Moja nekretnina\",\"option8_2\":\"Lorem ipsum dolor sit amet, consectetur adipiscing elit. Sed vulputate \\r\\nnec neque gravida rhoncus. Donec sit amet blandit mauris, sed bibendum \\r\\nrisus.\",\"option17_2\":\"<p>\\r\\nLorem ipsum dolor sit amet, consectetur adipiscing elit. Sed vulputate \\r\\nnec neque gravida rhoncus. Donec sit amet blandit mauris, sed bibendum \\r\\nrisus. Cras ut urna semper, facilisis augue sed, imperdiet nulla. Duis \\r\\ntristique tellus tortor, dapibus gravida sem sodales id. Nullam quis \\r\\nconvallis libero, vitae pulvinar nisi.<\\/p><p><span style=\\\"font-weight: bold;\\\">Nam eget est facilisis, porta mi \\r\\nac, ultricies enim. Proin nisi diam, eleifend ac eleifend in, dapibus in\\r\\n orci. Vestibulum elementum lectus non nisl venenatis, tempus molestie \\r\\nnisi tempus. Pellentesque facilisis nibh nec purus blandit, id aliquam \\r\\nlorem fermentum.\\r\\n<\\/span><\\/p>\\r\\n<p>\\r\\n<span style=\\\"font-style: italic;\\\">Ut erat lacus, sagittis ac leo eu, molestie mattis libero. Nam sit amet \\r\\nmassa et magna porttitor eleifend a aliquam nunc. Pellentesque a est a \\r\\naugue dignissim tristique eu nec augue. Integer pretium sollicitudin \\r\\ntellus, quis hendrerit nunc accumsan et. Fusce bibendum a neque vel \\r\\nfringilla. Vivamus viverra enim at purus gravida, in elementum neque \\r\\neleifend. Curabitur sodales dapibus urna, at mattis lacus eleifend non. \\r\\nDonec ultricies porta orci eu congue. Nulla sodales arcu a libero \\r\\naliquet, nec aliquam ante sagittis.<\\/span><\\/p>\",\"option38_2\":\"novo\",\"option6_2\":\"house\",\"option56_2\":\"\",\"option1_2\":\"0\",\"option4_2\":\"Prodaja\",\"option2_2\":\"Ku\\u0107a\",\"option5_2\":\"Vara\\u017edinska\",\"option7_2\":\"Cestica\",\"option40_2\":\"\",\"option64_2\":\"\",\"option3_2\":\"50-100m2\",\"option57_2\":\"60\",\"option39_2\":\"D\",\"option19_2\":\"2\",\"option20_2\":\"2\",\"option58_2\":\"5\",\"option36_2\":\"\",\"option55_2\":\"\",\"option37_2\":\"\",\"option54_2\":\"Agent\",\"option53_2\":\"\",\"option59_2\":\"\",\"option60_2\":\"\",\"option66_2\":\"0\",\"option67_2\":\"\",\"option68_2\":\"\",\"option69_2\":\"\",\"option70_2\":\"\",\"option71_2\":\"\",\"option72_2\":\"\",\"option73_2\":\"\",\"option21_2\":\"0\",\"option22_2\":\"true\",\"option23_2\":\"true\",\"option24_2\":\"0\",\"option25_2\":\"0\",\"option28_2\":\"0\",\"option29_2\":\"0\",\"option31_2\":\"0\",\"option52_2\":\"0\",\"option11_2\":\"true\",\"option30_2\":\"0\",\"option27_2\":\"0\",\"option33_2\":\"0\",\"option32_2\":\"0\",\"option43_2\":\"0\",\"option44_2\":\"\",\"option45_2\":\"\",\"option46_2\":\"\",\"option47_2\":\"\",\"option48_2\":\"\",\"option49_2\":\"\",\"option50_2\":\"700\",\"option51_2\":\"700\",\"option9_2\":\"0\",\"option12_2\":\"\",\"option42_2\":\"0\",\"agent\":\"18\",\"slug_1\":\"\",\"slug_2\":\"\"}',NULL,NULL,NULL),(4,46.373121,16.127040,'Cestica','SOLD',300,40,'2015-03-18 22:17:42','2015-01-07 13:32:50','Rent','Apartment','{\"id\":\"30\",\"gps\":\"46.3731205, 16.1270403\",\"lat\":\"46.373121\",\"lng\":\"16.127040\",\"date\":\"2015-01-07 13:32:50\",\"date_modified\":\"2015-02-22 15:04:06\",\"address\":\"Cestica\",\"type\":null,\"repository_id\":\"197\",\"is_featured\":\"0\",\"search_values\":\"id: 30Cestica Bjelovar estate empty apartment   Rent Apartment Bjelovarska Bjelovar  Less than 50m2 40 - 3 3 7 90,000.00   Agent - 70 20 262 Manitoba - Winnipeg -  FieldGate properties 264 1234567890 http:\\/\\/www.google.com http:\\/\\/www.facebook.com http:\\/\\/www.twitter.com 0-24  trueAir conditioning trueComputer trueHeating trueInternet trueMicrowave  trueBalcony trueGrill truePool trueParking  600 600 600 600        bjelovar-estate-1-en Bjelovar nekretnina empty apartment   Najam Stan Bjelovarska Bjelovar  Manje od 50m2 40 - 3 3 7 90,000.00   Agent - 70 20 263 Manitoba - Winnipeg -  FieldGate properties 2 265 1234567890 http:\\/\\/www.google.com http:\\/\\/www.facebook.com http:\\/\\/www.twitter.com 0-24  trueKlimatizacija trueRa\\u010dunalo trueGrijanje trueInternet trueMikrovalna  trueBalkon trueRo\\u0161tilj trueBazen trueParking  600 600 600 600        bjelovar-nekretnina\",\"is_activated\":\"1\",\"activation_paid_date\":null,\"featured_paid_date\":null,\"counter_views\":\"197\",\"image_filename\":\"431262903_9d77804a5b_o (1).jpg\",\"image_repository\":\"[\\\"431262903_9d77804a5b_o (1).jpg\\\",\\\"431267985_286ac5c8cd_o (1).jpg\\\"]\",\"option10_1\":\"Bjelovar estate\",\"option8_1\":\"Lorem ipsum dolor sit amet, consectetur adipiscing elit. Sed vulputate \\r\\nnec neque gravida rhoncus. Donec sit amet blandit mauris, sed bibendum \\r\\nrisus.\",\"option17_1\":\"<p>\\r\\nLorem ipsum dolor sit amet, consectetur adipiscing elit. Sed vulputate \\r\\nnec neque gravida rhoncus. Donec sit amet blandit mauris, sed bibendum \\r\\nrisus. Cras ut urna semper, facilisis augue sed, imperdiet nulla. Duis \\r\\ntristique tellus tortor, dapibus gravida sem sodales id. Nullam quis \\r\\nconvallis libero, vitae pulvinar nisi.<\\/p><p><span style=\\\"font-weight: bold;\\\">Nam eget est facilisis, porta mi \\r\\nac, ultricies enim. Proin nisi diam, eleifend ac eleifend in, dapibus in\\r\\n orci. Vestibulum elementum lectus non nisl venenatis, tempus molestie \\r\\nnisi tempus. Pellentesque facilisis nibh nec purus blandit, id aliquam \\r\\nlorem fermentum.\\r\\n<\\/span><\\/p>\\r\\n<p>\\r\\n<span style=\\\"font-style: italic;\\\">Ut erat lacus, sagittis ac leo eu, molestie mattis libero. Nam sit amet \\r\\nmassa et magna porttitor eleifend a aliquam nunc. Pellentesque a est a \\r\\naugue dignissim tristique eu nec augue. Integer pretium sollicitudin \\r\\ntellus, quis hendrerit nunc accumsan et. Fusce bibendum a neque vel \\r\\nfringilla. Vivamus viverra enim at purus gravida, in elementum neque \\r\\neleifend. Curabitur sodales dapibus urna, at mattis lacus eleifend non. \\r\\nDonec ultricies porta orci eu congue. Nulla sodales arcu a libero \\r\\naliquet, nec aliquam ante sagittis.<\\/span><\\/p>\",\"option38_1\":\"empty\",\"option6_1\":\"apartment\",\"option56_1\":\"\",\"option1_1\":\"0\",\"option4_1\":\"Rent\",\"option2_1\":\"Apartment\",\"option5_1\":\"Bjelovarska\",\"option7_1\":\"Bjelovar\",\"option40_1\":\"\",\"option3_1\":\"Less than 50m2\",\"option57_1\":\"40\",\"option39_1\":\"-\",\"option19_1\":\"3\",\"option20_1\":\"3\",\"option58_1\":\"7\",\"option36_1\":\"90,000.00\",\"option55_1\":\"\",\"option37_1\":\"\",\"option54_1\":\"Agent\",\"option53_1\":\"-\",\"option59_1\":\"70\",\"option60_1\":\"20\",\"option65_1\":\"262\",\"option64_1\":\"Manitoba - Winnipeg -\",\"option66_1\":\"0\",\"option67_1\":\"FieldGate properties\",\"option74_1\":\"264\",\"option68_1\":\"1234567890\",\"option69_1\":\"http:\\/\\/www.google.com\",\"option70_1\":\"http:\\/\\/www.facebook.com\",\"option71_1\":\"http:\\/\\/www.twitter.com\",\"option72_1\":\"345 Dixon Road\\r\\nToronto Ontario M9R 15G\\r\\n(Dixon &amp; Kipling)\",\"option73_1\":\"0-24\",\"option21_1\":\"0\",\"option22_1\":\"true\",\"option23_1\":\"0\",\"option24_1\":\"true\",\"option25_1\":\"0\",\"option28_1\":\"true\",\"option29_1\":\"true\",\"option31_1\":\"true\",\"option52_1\":\"0\",\"option11_1\":\"true\",\"option30_1\":\"0\",\"option27_1\":\"true\",\"option33_1\":\"true\",\"option32_1\":\"true\",\"option43_1\":\"0\",\"option44_1\":\"600\",\"option45_1\":\"600\",\"option46_1\":\"600\",\"option47_1\":\"600\",\"option48_1\":\"\",\"option49_1\":\"\",\"option50_1\":\"\",\"option51_1\":\"\",\"option9_1\":\"0\",\"option12_1\":\"\",\"option42_1\":\"0\",\"option10_2\":\"Bjelovar nekretnina\",\"option8_2\":\"Lorem ipsum dolor sit amet, consectetur adipiscing elit. Sed vulputate \\r\\nnec neque gravida rhoncus. Donec sit amet blandit mauris, sed bibendum \\r\\nrisus.\",\"option17_2\":\"<p>\\r\\nLorem ipsum dolor sit amet, consectetur adipiscing elit. Sed vulputate \\r\\nnec neque gravida rhoncus. Donec sit amet blandit mauris, sed bibendum \\r\\nrisus. Cras ut urna semper, facilisis augue sed, imperdiet nulla. Duis \\r\\ntristique tellus tortor, dapibus gravida sem sodales id. Nullam quis \\r\\nconvallis libero, vitae pulvinar nisi.<\\/p><p><span style=\\\"font-weight: bold;\\\">Nam eget est facilisis, porta mi \\r\\nac, ultricies enim. Proin nisi diam, eleifend ac eleifend in, dapibus in\\r\\n orci. Vestibulum elementum lectus non nisl venenatis, tempus molestie \\r\\nnisi tempus. Pellentesque facilisis nibh nec purus blandit, id aliquam \\r\\nlorem fermentum.\\r\\n<\\/span><\\/p>\\r\\n<p>\\r\\n<span style=\\\"font-style: italic;\\\">Ut erat lacus, sagittis ac leo eu, molestie mattis libero. Nam sit amet \\r\\nmassa et magna porttitor eleifend a aliquam nunc. Pellentesque a est a \\r\\naugue dignissim tristique eu nec augue. Integer pretium sollicitudin \\r\\ntellus, quis hendrerit nunc accumsan et. Fusce bibendum a neque vel \\r\\nfringilla. Vivamus viverra enim at purus gravida, in elementum neque \\r\\neleifend. Curabitur sodales dapibus urna, at mattis lacus eleifend non. \\r\\nDonec ultricies porta orci eu congue. Nulla sodales arcu a libero \\r\\naliquet, nec aliquam ante sagittis.<\\/span><\\/p>\",\"option38_2\":\"empty\",\"option6_2\":\"apartment\",\"option56_2\":\"\",\"option1_2\":\"0\",\"option4_2\":\"Najam\",\"option2_2\":\"Stan\",\"option5_2\":\"Bjelovarska\",\"option7_2\":\"Bjelovar\",\"option40_2\":\"\",\"option3_2\":\"Manje od 50m2\",\"option57_2\":\"40\",\"option39_2\":\"-\",\"option19_2\":\"3\",\"option20_2\":\"3\",\"option58_2\":\"7\",\"option36_2\":\"90,000.00\",\"option55_2\":\"\",\"option37_2\":\"\",\"option54_2\":\"Agent\",\"option53_2\":\"-\",\"option59_2\":\"70\",\"option60_2\":\"20\",\"option65_2\":\"263\",\"option64_2\":\"Manitoba - Winnipeg -\",\"option66_2\":\"0\",\"option67_2\":\"FieldGate properties 2\",\"option74_2\":\"265\",\"option68_2\":\"1234567890\",\"option69_2\":\"http:\\/\\/www.google.com\",\"option70_2\":\"http:\\/\\/www.facebook.com\",\"option71_2\":\"http:\\/\\/www.twitter.com\",\"option72_2\":\"My company description<br>\",\"option73_2\":\"0-24\",\"option21_2\":\"0\",\"option22_2\":\"true\",\"option23_2\":\"0\",\"option24_2\":\"true\",\"option25_2\":\"0\",\"option28_2\":\"true\",\"option29_2\":\"true\",\"option31_2\":\"true\",\"option52_2\":\"0\",\"option11_2\":\"true\",\"option30_2\":\"0\",\"option27_2\":\"true\",\"option33_2\":\"true\",\"option32_2\":\"true\",\"option43_2\":\"0\",\"option44_2\":\"600\",\"option45_2\":\"600\",\"option46_2\":\"600\",\"option47_2\":\"600\",\"option48_2\":\"\",\"option49_2\":\"\",\"option50_2\":\"\",\"option51_2\":\"\",\"option9_2\":\"0\",\"option12_2\":\"\",\"option42_2\":\"0\",\"agent\":\"18\",\"slug_1\":\"bjelovar-estate-1-en\",\"slug_2\":\"bjelovar-nekretnina\"}',NULL,NULL,NULL),(5,46.373121,16.127040,'Cestica','SOLD',100,40,'2015-03-18 22:17:59','2015-01-07 13:32:50','Rent','Apartment','{\"id\":\"30\",\"gps\":\"46.3731205, 16.1270403\",\"lat\":\"46.373121\",\"lng\":\"16.127040\",\"date\":\"2015-01-07 13:32:50\",\"date_modified\":\"2015-02-22 15:04:06\",\"address\":\"Cestica\",\"type\":null,\"repository_id\":\"197\",\"is_featured\":\"0\",\"search_values\":\"id: 30Cestica Bjelovar estate empty apartment   Rent Apartment Bjelovarska Bjelovar  Less than 50m2 40 - 3 3 7 90,000.00   Agent - 70 20 262 Manitoba - Winnipeg -  FieldGate properties 264 1234567890 http:\\/\\/www.google.com http:\\/\\/www.facebook.com http:\\/\\/www.twitter.com 0-24  trueAir conditioning trueComputer trueHeating trueInternet trueMicrowave  trueBalcony trueGrill truePool trueParking  600 600 600 600        bjelovar-estate-1-en Bjelovar nekretnina empty apartment   Najam Stan Bjelovarska Bjelovar  Manje od 50m2 40 - 3 3 7 90,000.00   Agent - 70 20 263 Manitoba - Winnipeg -  FieldGate properties 2 265 1234567890 http:\\/\\/www.google.com http:\\/\\/www.facebook.com http:\\/\\/www.twitter.com 0-24  trueKlimatizacija trueRa\\u010dunalo trueGrijanje trueInternet trueMikrovalna  trueBalkon trueRo\\u0161tilj trueBazen trueParking  600 600 600 600        bjelovar-nekretnina\",\"is_activated\":\"1\",\"activation_paid_date\":null,\"featured_paid_date\":null,\"counter_views\":\"197\",\"image_filename\":\"431262903_9d77804a5b_o (1).jpg\",\"image_repository\":\"[\\\"431262903_9d77804a5b_o (1).jpg\\\",\\\"431267985_286ac5c8cd_o (1).jpg\\\"]\",\"option10_1\":\"Bjelovar estate\",\"option8_1\":\"Lorem ipsum dolor sit amet, consectetur adipiscing elit. Sed vulputate \\r\\nnec neque gravida rhoncus. Donec sit amet blandit mauris, sed bibendum \\r\\nrisus.\",\"option17_1\":\"<p>\\r\\nLorem ipsum dolor sit amet, consectetur adipiscing elit. Sed vulputate \\r\\nnec neque gravida rhoncus. Donec sit amet blandit mauris, sed bibendum \\r\\nrisus. Cras ut urna semper, facilisis augue sed, imperdiet nulla. Duis \\r\\ntristique tellus tortor, dapibus gravida sem sodales id. Nullam quis \\r\\nconvallis libero, vitae pulvinar nisi.<\\/p><p><span style=\\\"font-weight: bold;\\\">Nam eget est facilisis, porta mi \\r\\nac, ultricies enim. Proin nisi diam, eleifend ac eleifend in, dapibus in\\r\\n orci. Vestibulum elementum lectus non nisl venenatis, tempus molestie \\r\\nnisi tempus. Pellentesque facilisis nibh nec purus blandit, id aliquam \\r\\nlorem fermentum.\\r\\n<\\/span><\\/p>\\r\\n<p>\\r\\n<span style=\\\"font-style: italic;\\\">Ut erat lacus, sagittis ac leo eu, molestie mattis libero. Nam sit amet \\r\\nmassa et magna porttitor eleifend a aliquam nunc. Pellentesque a est a \\r\\naugue dignissim tristique eu nec augue. Integer pretium sollicitudin \\r\\ntellus, quis hendrerit nunc accumsan et. Fusce bibendum a neque vel \\r\\nfringilla. Vivamus viverra enim at purus gravida, in elementum neque \\r\\neleifend. Curabitur sodales dapibus urna, at mattis lacus eleifend non. \\r\\nDonec ultricies porta orci eu congue. Nulla sodales arcu a libero \\r\\naliquet, nec aliquam ante sagittis.<\\/span><\\/p>\",\"option38_1\":\"empty\",\"option6_1\":\"apartment\",\"option56_1\":\"\",\"option1_1\":\"0\",\"option4_1\":\"Rent\",\"option2_1\":\"Apartment\",\"option5_1\":\"Bjelovarska\",\"option7_1\":\"Bjelovar\",\"option40_1\":\"\",\"option3_1\":\"Less than 50m2\",\"option57_1\":\"40\",\"option39_1\":\"-\",\"option19_1\":\"3\",\"option20_1\":\"3\",\"option58_1\":\"7\",\"option36_1\":\"90,000.00\",\"option55_1\":\"\",\"option37_1\":\"\",\"option54_1\":\"Agent\",\"option53_1\":\"-\",\"option59_1\":\"70\",\"option60_1\":\"20\",\"option65_1\":\"262\",\"option64_1\":\"Manitoba - Winnipeg -\",\"option66_1\":\"0\",\"option67_1\":\"FieldGate properties\",\"option74_1\":\"264\",\"option68_1\":\"1234567890\",\"option69_1\":\"http:\\/\\/www.google.com\",\"option70_1\":\"http:\\/\\/www.facebook.com\",\"option71_1\":\"http:\\/\\/www.twitter.com\",\"option72_1\":\"345 Dixon Road\\r\\nToronto Ontario M9R 15G\\r\\n(Dixon &amp; Kipling)\",\"option73_1\":\"0-24\",\"option21_1\":\"0\",\"option22_1\":\"true\",\"option23_1\":\"0\",\"option24_1\":\"true\",\"option25_1\":\"0\",\"option28_1\":\"true\",\"option29_1\":\"true\",\"option31_1\":\"true\",\"option52_1\":\"0\",\"option11_1\":\"true\",\"option30_1\":\"0\",\"option27_1\":\"true\",\"option33_1\":\"true\",\"option32_1\":\"true\",\"option43_1\":\"0\",\"option44_1\":\"600\",\"option45_1\":\"600\",\"option46_1\":\"600\",\"option47_1\":\"600\",\"option48_1\":\"\",\"option49_1\":\"\",\"option50_1\":\"\",\"option51_1\":\"\",\"option9_1\":\"0\",\"option12_1\":\"\",\"option42_1\":\"0\",\"option10_2\":\"Bjelovar nekretnina\",\"option8_2\":\"Lorem ipsum dolor sit amet, consectetur adipiscing elit. Sed vulputate \\r\\nnec neque gravida rhoncus. Donec sit amet blandit mauris, sed bibendum \\r\\nrisus.\",\"option17_2\":\"<p>\\r\\nLorem ipsum dolor sit amet, consectetur adipiscing elit. Sed vulputate \\r\\nnec neque gravida rhoncus. Donec sit amet blandit mauris, sed bibendum \\r\\nrisus. Cras ut urna semper, facilisis augue sed, imperdiet nulla. Duis \\r\\ntristique tellus tortor, dapibus gravida sem sodales id. Nullam quis \\r\\nconvallis libero, vitae pulvinar nisi.<\\/p><p><span style=\\\"font-weight: bold;\\\">Nam eget est facilisis, porta mi \\r\\nac, ultricies enim. Proin nisi diam, eleifend ac eleifend in, dapibus in\\r\\n orci. Vestibulum elementum lectus non nisl venenatis, tempus molestie \\r\\nnisi tempus. Pellentesque facilisis nibh nec purus blandit, id aliquam \\r\\nlorem fermentum.\\r\\n<\\/span><\\/p>\\r\\n<p>\\r\\n<span style=\\\"font-style: italic;\\\">Ut erat lacus, sagittis ac leo eu, molestie mattis libero. Nam sit amet \\r\\nmassa et magna porttitor eleifend a aliquam nunc. Pellentesque a est a \\r\\naugue dignissim tristique eu nec augue. Integer pretium sollicitudin \\r\\ntellus, quis hendrerit nunc accumsan et. Fusce bibendum a neque vel \\r\\nfringilla. Vivamus viverra enim at purus gravida, in elementum neque \\r\\neleifend. Curabitur sodales dapibus urna, at mattis lacus eleifend non. \\r\\nDonec ultricies porta orci eu congue. Nulla sodales arcu a libero \\r\\naliquet, nec aliquam ante sagittis.<\\/span><\\/p>\",\"option38_2\":\"empty\",\"option6_2\":\"apartment\",\"option56_2\":\"\",\"option1_2\":\"0\",\"option4_2\":\"Najam\",\"option2_2\":\"Stan\",\"option5_2\":\"Bjelovarska\",\"option7_2\":\"Bjelovar\",\"option40_2\":\"\",\"option3_2\":\"Manje od 50m2\",\"option57_2\":\"40\",\"option39_2\":\"-\",\"option19_2\":\"3\",\"option20_2\":\"3\",\"option58_2\":\"7\",\"option36_2\":\"90,000.00\",\"option55_2\":\"\",\"option37_2\":\"\",\"option54_2\":\"Agent\",\"option53_2\":\"-\",\"option59_2\":\"70\",\"option60_2\":\"20\",\"option65_2\":\"263\",\"option64_2\":\"Manitoba - Winnipeg -\",\"option66_2\":\"0\",\"option67_2\":\"FieldGate properties 2\",\"option74_2\":\"265\",\"option68_2\":\"1234567890\",\"option69_2\":\"http:\\/\\/www.google.com\",\"option70_2\":\"http:\\/\\/www.facebook.com\",\"option71_2\":\"http:\\/\\/www.twitter.com\",\"option72_2\":\"My company description<br>\",\"option73_2\":\"0-24\",\"option21_2\":\"0\",\"option22_2\":\"true\",\"option23_2\":\"0\",\"option24_2\":\"true\",\"option25_2\":\"0\",\"option28_2\":\"true\",\"option29_2\":\"true\",\"option31_2\":\"true\",\"option52_2\":\"0\",\"option11_2\":\"true\",\"option30_2\":\"0\",\"option27_2\":\"true\",\"option33_2\":\"true\",\"option32_2\":\"true\",\"option43_2\":\"0\",\"option44_2\":\"600\",\"option45_2\":\"600\",\"option46_2\":\"600\",\"option47_2\":\"600\",\"option48_2\":\"\",\"option49_2\":\"\",\"option50_2\":\"\",\"option51_2\":\"\",\"option9_2\":\"0\",\"option12_2\":\"\",\"option42_2\":\"0\",\"agent\":\"18\",\"slug_1\":\"bjelovar-estate-1-en\",\"slug_2\":\"bjelovar-nekretnina\"}',NULL,NULL,NULL),(6,46.378570,16.079735,'Veliki lovreÄan','SOLD',100,60,'2015-03-21 11:49:54','2014-03-07 20:12:14','Sale','House','{\"id\":\"29\",\"gps\":\"46.3785703, 16.0797348\",\"lat\":\"46.378570\",\"lng\":\"16.079735\",\"date\":\"2014-03-07 20:12:14\",\"date_modified\":\"2014-12-28 18:59:23\",\"address\":\"Veliki lovre\\u010dan\",\"type\":null,\"repository_id\":\"195\",\"is_featured\":\"0\",\"search_values\":\"id: 29Veliki lovre\\u010dan My property new house   Sale House Vara\\u017edinska Cestica   50-100m2 60 D 2 2 5    Agent  50 20 SKIP_ON_EMPTY   SKIP_ON_EMPTY       trueAir conditioning trueCable TV  trueBalcony        700 700    Moja nekretnina novo house   Prodaja Ku\\u0107a Vara\\u017edinska Cestica   50-100m2 60 D 2 2 5    Agent    SKIP_ON_EMPTY   SKIP_ON_EMPTY       trueKlimatizacija trueKabelska TV  trueBalkon        700 700   \",\"is_activated\":\"0\",\"activation_paid_date\":null,\"featured_paid_date\":null,\"counter_views\":\"0\",\"image_filename\":null,\"image_repository\":null,\"option10_1\":\"My property\",\"option8_1\":\"Lorem ipsum dolor sit amet, consectetur adipiscing elit. Sed vulputate \\r\\nnec neque gravida rhoncus. Donec sit amet blandit mauris, sed bibendum \\r\\nrisus.\",\"option17_1\":\"<p>\\r\\nLorem ipsum dolor sit amet, consectetur adipiscing elit. Sed vulputate \\r\\nnec neque gravida rhoncus. Donec sit amet blandit mauris, sed bibendum \\r\\nrisus. Cras ut urna semper, facilisis augue sed, imperdiet nulla. Duis \\r\\ntristique tellus tortor, dapibus gravida sem sodales id. Nullam quis \\r\\nconvallis libero, vitae pulvinar nisi.<\\/p><p><span style=\\\"font-weight: bold;\\\">Nam eget est facilisis, porta mi \\r\\nac, ultricies enim. Proin nisi diam, eleifend ac eleifend in, dapibus in\\r\\n orci. Vestibulum elementum lectus non nisl venenatis, tempus molestie \\r\\nnisi tempus. Pellentesque facilisis nibh nec purus blandit, id aliquam \\r\\nlorem fermentum.\\r\\n<\\/span><\\/p>\\r\\n<p>\\r\\n<span style=\\\"font-style: italic;\\\">Ut erat lacus, sagittis ac leo eu, molestie mattis libero. Nam sit amet \\r\\nmassa et magna porttitor eleifend a aliquam nunc. Pellentesque a est a \\r\\naugue dignissim tristique eu nec augue. Integer pretium sollicitudin \\r\\ntellus, quis hendrerit nunc accumsan et. Fusce bibendum a neque vel \\r\\nfringilla. Vivamus viverra enim at purus gravida, in elementum neque \\r\\neleifend. Curabitur sodales dapibus urna, at mattis lacus eleifend non. \\r\\nDonec ultricies porta orci eu congue. Nulla sodales arcu a libero \\r\\naliquet, nec aliquam ante sagittis.<\\/span><\\/p>\",\"option38_1\":\"new\",\"option6_1\":\"house\",\"option56_1\":\"\",\"option1_1\":\"0\",\"option4_1\":\"Sale\",\"option2_1\":\"House\",\"option5_1\":\"Vara\\u017edinska\",\"option7_1\":\"Cestica\",\"option40_1\":\"\",\"option64_1\":\"\",\"option3_1\":\"50-100m2\",\"option57_1\":\"60\",\"option39_1\":\"D\",\"option19_1\":\"2\",\"option20_1\":\"2\",\"option58_1\":\"5\",\"option36_1\":\"\",\"option55_1\":\"\",\"option37_1\":\"\",\"option54_1\":\"Agent\",\"option53_1\":\"\",\"option59_1\":\"50\",\"option60_1\":\"20\",\"option66_1\":\"0\",\"option67_1\":\"\",\"option68_1\":\"\",\"option69_1\":\"\",\"option70_1\":\"\",\"option71_1\":\"\",\"option72_1\":\"\",\"option73_1\":\"\",\"option21_1\":\"0\",\"option22_1\":\"true\",\"option23_1\":\"true\",\"option24_1\":\"0\",\"option25_1\":\"0\",\"option28_1\":\"0\",\"option29_1\":\"0\",\"option31_1\":\"0\",\"option52_1\":\"0\",\"option11_1\":\"true\",\"option30_1\":\"0\",\"option27_1\":\"0\",\"option33_1\":\"0\",\"option32_1\":\"0\",\"option43_1\":\"0\",\"option44_1\":\"\",\"option45_1\":\"\",\"option46_1\":\"\",\"option47_1\":\"\",\"option48_1\":\"\",\"option49_1\":\"\",\"option50_1\":\"700\",\"option51_1\":\"700\",\"option9_1\":\"0\",\"option12_1\":\"\",\"option42_1\":\"0\",\"option10_2\":\"Moja nekretnina\",\"option8_2\":\"Lorem ipsum dolor sit amet, consectetur adipiscing elit. Sed vulputate \\r\\nnec neque gravida rhoncus. Donec sit amet blandit mauris, sed bibendum \\r\\nrisus.\",\"option17_2\":\"<p>\\r\\nLorem ipsum dolor sit amet, consectetur adipiscing elit. Sed vulputate \\r\\nnec neque gravida rhoncus. Donec sit amet blandit mauris, sed bibendum \\r\\nrisus. Cras ut urna semper, facilisis augue sed, imperdiet nulla. Duis \\r\\ntristique tellus tortor, dapibus gravida sem sodales id. Nullam quis \\r\\nconvallis libero, vitae pulvinar nisi.<\\/p><p><span style=\\\"font-weight: bold;\\\">Nam eget est facilisis, porta mi \\r\\nac, ultricies enim. Proin nisi diam, eleifend ac eleifend in, dapibus in\\r\\n orci. Vestibulum elementum lectus non nisl venenatis, tempus molestie \\r\\nnisi tempus. Pellentesque facilisis nibh nec purus blandit, id aliquam \\r\\nlorem fermentum.\\r\\n<\\/span><\\/p>\\r\\n<p>\\r\\n<span style=\\\"font-style: italic;\\\">Ut erat lacus, sagittis ac leo eu, molestie mattis libero. Nam sit amet \\r\\nmassa et magna porttitor eleifend a aliquam nunc. Pellentesque a est a \\r\\naugue dignissim tristique eu nec augue. Integer pretium sollicitudin \\r\\ntellus, quis hendrerit nunc accumsan et. Fusce bibendum a neque vel \\r\\nfringilla. Vivamus viverra enim at purus gravida, in elementum neque \\r\\neleifend. Curabitur sodales dapibus urna, at mattis lacus eleifend non. \\r\\nDonec ultricies porta orci eu congue. Nulla sodales arcu a libero \\r\\naliquet, nec aliquam ante sagittis.<\\/span><\\/p>\",\"option38_2\":\"novo\",\"option6_2\":\"house\",\"option56_2\":\"\",\"option1_2\":\"0\",\"option4_2\":\"Prodaja\",\"option2_2\":\"Ku\\u0107a\",\"option5_2\":\"Vara\\u017edinska\",\"option7_2\":\"Cestica\",\"option40_2\":\"\",\"option64_2\":\"\",\"option3_2\":\"50-100m2\",\"option57_2\":\"60\",\"option39_2\":\"D\",\"option19_2\":\"2\",\"option20_2\":\"2\",\"option58_2\":\"5\",\"option36_2\":\"\",\"option55_2\":\"\",\"option37_2\":\"\",\"option54_2\":\"Agent\",\"option53_2\":\"\",\"option59_2\":\"\",\"option60_2\":\"\",\"option66_2\":\"0\",\"option67_2\":\"\",\"option68_2\":\"\",\"option69_2\":\"\",\"option70_2\":\"\",\"option71_2\":\"\",\"option72_2\":\"\",\"option73_2\":\"\",\"option21_2\":\"0\",\"option22_2\":\"true\",\"option23_2\":\"true\",\"option24_2\":\"0\",\"option25_2\":\"0\",\"option28_2\":\"0\",\"option29_2\":\"0\",\"option31_2\":\"0\",\"option52_2\":\"0\",\"option11_2\":\"true\",\"option30_2\":\"0\",\"option27_2\":\"0\",\"option33_2\":\"0\",\"option32_2\":\"0\",\"option43_2\":\"0\",\"option44_2\":\"\",\"option45_2\":\"\",\"option46_2\":\"\",\"option47_2\":\"\",\"option48_2\":\"\",\"option49_2\":\"\",\"option50_2\":\"700\",\"option51_2\":\"700\",\"option9_2\":\"0\",\"option12_2\":\"\",\"option42_2\":\"0\",\"agent\":\"18\",\"slug_1\":\"\",\"slug_2\":\"\"}',29,18,18);

--
-- Table structure for table `masking`
--

DROP TABLE IF EXISTS `masking`;
/*!40101 SET @saved_cs_client     = @@character_set_client */;
/*!40101 SET character_set_client = utf8 */;
CREATE TABLE `masking` (
  `id` int(11) NOT NULL AUTO_INCREMENT,
  `date_submit` datetime DEFAULT NULL,
  `visitor_type` varchar(45) COLLATE utf8_unicode_ci DEFAULT NULL,
  `name` varchar(45) COLLATE utf8_unicode_ci DEFAULT NULL,
  `phone` varchar(45) COLLATE utf8_unicode_ci DEFAULT NULL,
  `email` varchar(45) COLLATE utf8_unicode_ci DEFAULT NULL,
  `allow_contact` tinyint(1) DEFAULT '0',
  `agent_id` int(11) DEFAULT NULL,
  `property_id` int(11) DEFAULT NULL,
  PRIMARY KEY (`id`)
) ENGINE=InnoDB AUTO_INCREMENT=2 DEFAULT CHARSET=utf8 COLLATE=utf8_unicode_ci;
/*!40101 SET character_set_client = @saved_cs_client */;

--
-- Dumping data for table `masking`
--

INSERT INTO `masking` VALUES (1,'2016-01-22 18:30:28','Individual','test','1231','test@gmail.com',1,9,8);

--
-- Table structure for table `option`
--

DROP TABLE IF EXISTS `option`;
/*!40101 SET @saved_cs_client     = @@character_set_client */;
/*!40101 SET character_set_client = utf8 */;
CREATE TABLE `option` (
  `id` int(11) NOT NULL AUTO_INCREMENT,
  `parent_id` int(11) DEFAULT NULL,
  `order` int(11) DEFAULT NULL,
  `type` varchar(45) COLLATE utf8_unicode_ci DEFAULT NULL,
  `visible` tinyint(1) DEFAULT '0',
  `is_locked` tinyint(1) DEFAULT '0',
  `is_frontend` tinyint(1) DEFAULT '1',
  `is_hardlocked` tinyint(1) DEFAULT '0',
  `is_required` tinyint(1) DEFAULT '0',
  `is_not_translatable` tinyint(1) DEFAULT NULL,
  `columns_number` int(12) DEFAULT NULL,
  `is_quickvisible` tinyint(1) DEFAULT NULL,
  `max_length` int(11) DEFAULT NULL,
  `repository_id` int(11) DEFAULT NULL,
  `image_filename` varchar(160) COLLATE utf8_unicode_ci DEFAULT NULL,
  `image_gallery` text COLLATE utf8_unicode_ci,
  PRIMARY KEY (`id`)
) ENGINE=InnoDB AUTO_INCREMENT=80 DEFAULT CHARSET=utf8 COLLATE=utf8_unicode_ci;
/*!40101 SET character_set_client = @saved_cs_client */;

--
-- Dumping data for table `option`
--

INSERT INTO `option` VALUES (1,0,10,'CATEGORY',0,0,1,1,0,NULL,NULL,NULL,NULL,302,NULL,NULL),(2,1,12,'DROPDOWN',1,1,1,1,0,NULL,NULL,1,NULL,293,NULL,''),(3,1,16,'DROPDOWN',0,1,1,0,0,NULL,NULL,NULL,NULL,NULL,NULL,NULL),(4,1,11,'DROPDOWN',1,1,1,1,0,0,NULL,1,NULL,306,NULL,''),(5,1,13,'INPUTBOX',0,1,1,1,0,NULL,NULL,NULL,NULL,307,NULL,NULL),(6,0,6,'DROPDOWN',0,1,1,1,0,NULL,NULL,1,NULL,322,NULL,''),(7,1,14,'INPUTBOX',1,1,1,1,0,NULL,NULL,NULL,NULL,NULL,NULL,NULL),(8,0,3,'TEXTAREA',0,1,1,1,0,NULL,NULL,1,NULL,332,NULL,''),(9,0,63,'CATEGORY',0,1,0,0,0,NULL,NULL,NULL,NULL,NULL,NULL,NULL),(10,0,1,'INPUTBOX',1,1,1,1,1,NULL,NULL,NULL,20,NULL,NULL,NULL),(11,52,49,'CHECKBOX',0,1,1,0,0,NULL,NULL,NULL,NULL,NULL,NULL,NULL),(12,9,64,'INPUTBOX',0,1,1,0,0,NULL,NULL,NULL,NULL,NULL,NULL,NULL),(17,0,4,'TEXTAREA',0,1,1,1,0,NULL,NULL,1,NULL,319,NULL,''),(19,1,19,'INPUTBOX',0,1,1,0,0,NULL,NULL,NULL,NULL,NULL,NULL,NULL),(20,1,20,'INPUTBOX',0,1,1,0,0,NULL,NULL,NULL,NULL,296,NULL,NULL),(21,0,40,'CATEGORY',0,1,1,1,0,NULL,NULL,NULL,NULL,NULL,NULL,NULL),(22,21,41,'CHECKBOX',0,1,1,0,0,NULL,NULL,NULL,NULL,320,NULL,''),(23,21,42,'CHECKBOX',0,0,1,0,0,NULL,NULL,NULL,NULL,NULL,NULL,NULL),(24,21,43,'CHECKBOX',0,0,1,0,0,NULL,NULL,NULL,NULL,NULL,NULL,NULL),(25,21,44,'CHECKBOX',0,1,1,0,0,NULL,NULL,NULL,NULL,323,NULL,NULL),(26,21,18,'CHECKBOX',0,1,1,0,0,NULL,NULL,NULL,NULL,NULL,NULL,NULL),(27,52,51,'CHECKBOX',0,1,1,0,0,NULL,NULL,NULL,NULL,NULL,NULL,NULL),(28,21,45,'CHECKBOX',0,1,1,0,0,NULL,NULL,NULL,NULL,NULL,NULL,NULL),(29,21,46,'CHECKBOX',0,1,1,0,0,NULL,NULL,NULL,NULL,NULL,NULL,NULL),(30,52,50,'CHECKBOX',0,1,1,0,0,NULL,NULL,NULL,NULL,NULL,NULL,NULL),(31,21,47,'CHECKBOX',0,0,1,0,0,NULL,NULL,NULL,NULL,305,NULL,NULL),(32,52,53,'CHECKBOX',0,1,1,0,0,NULL,NULL,NULL,NULL,NULL,NULL,NULL),(33,52,52,'CHECKBOX',0,1,1,0,0,NULL,NULL,NULL,0,NULL,NULL,NULL),(34,0,4,'INPUTBOX',0,1,1,0,0,NULL,NULL,NULL,NULL,NULL,NULL,NULL),(35,0,26,'INPUTBOX',0,1,1,0,0,NULL,NULL,NULL,NULL,NULL,NULL,NULL),(36,1,22,'INPUTBOX',0,1,1,1,0,NULL,NULL,1,NULL,313,NULL,''),(37,1,24,'INPUTBOX',0,1,1,1,0,NULL,NULL,1,NULL,333,NULL,''),(38,0,5,'DROPDOWN',0,1,0,1,0,NULL,NULL,NULL,NULL,318,NULL,''),(39,1,18,'DROPDOWN',0,0,1,0,0,NULL,NULL,NULL,NULL,NULL,NULL,NULL),(40,1,15,'INPUTBOX',0,1,1,1,0,NULL,NULL,NULL,0,NULL,NULL,NULL),(41,1,16,'CHECKBOX',0,0,0,0,0,NULL,NULL,NULL,NULL,NULL,NULL,NULL),(42,0,65,'CATEGORY',0,1,0,0,0,NULL,NULL,NULL,NULL,NULL,NULL,NULL),(43,0,54,'CATEGORY',0,1,1,1,0,NULL,NULL,NULL,NULL,NULL,NULL,NULL),(44,43,55,'INPUTBOX',0,1,1,0,0,NULL,NULL,NULL,NULL,321,NULL,''),(45,43,56,'INPUTBOX',0,1,1,0,0,NULL,NULL,NULL,NULL,NULL,NULL,NULL),(46,43,57,'INPUTBOX',0,1,1,0,0,NULL,NULL,NULL,NULL,NULL,NULL,NULL),(47,43,58,'INPUTBOX',0,1,1,0,0,NULL,NULL,NULL,NULL,NULL,NULL,NULL),(48,43,59,'INPUTBOX',0,1,1,0,0,NULL,NULL,NULL,NULL,NULL,NULL,NULL),(49,43,60,'INPUTBOX',0,1,1,0,0,NULL,NULL,NULL,NULL,NULL,NULL,NULL),(50,43,61,'INPUTBOX',0,1,1,0,0,NULL,NULL,NULL,NULL,NULL,NULL,NULL),(51,43,62,'INPUTBOX',0,1,1,0,0,NULL,NULL,NULL,NULL,NULL,NULL,NULL),(52,0,48,'CATEGORY',0,1,1,1,0,NULL,NULL,NULL,NULL,NULL,NULL,NULL),(53,1,26,'INPUTBOX',0,0,1,0,0,NULL,NULL,NULL,NULL,NULL,NULL,NULL),(54,1,25,'DROPDOWN',0,1,1,1,0,NULL,NULL,NULL,NULL,NULL,NULL,NULL),(55,1,23,'INPUTBOX',0,1,1,0,0,NULL,NULL,NULL,0,NULL,NULL,NULL),(56,0,7,'DROPDOWN',0,1,0,1,0,NULL,NULL,NULL,NULL,298,NULL,NULL),(57,1,17,'INPUTBOX',0,0,1,0,0,NULL,NULL,NULL,NULL,303,NULL,NULL),(58,1,21,'INPUTBOX',0,0,1,0,0,NULL,NULL,NULL,NULL,297,NULL,NULL),(59,1,27,'INPUTBOX',0,1,1,0,0,NULL,NULL,NULL,NULL,299,NULL,NULL),(60,1,28,'INPUTBOX',0,1,1,0,0,NULL,NULL,NULL,NULL,304,NULL,NULL),(64,0,9,'TREE',0,1,1,0,0,NULL,NULL,NULL,NULL,295,NULL,NULL),(65,0,30,'UPLOAD',0,1,1,0,0,NULL,NULL,NULL,NULL,NULL,NULL,NULL),(66,0,31,'CATEGORY',0,1,0,0,0,NULL,NULL,NULL,NULL,NULL,NULL,NULL),(67,66,32,'INPUTBOX',0,1,0,0,0,NULL,NULL,NULL,NULL,NULL,NULL,NULL),(68,66,34,'INPUTBOX',0,1,0,0,0,NULL,NULL,NULL,NULL,NULL,NULL,NULL),(69,66,35,'INPUTBOX',0,1,0,0,0,NULL,NULL,NULL,NULL,NULL,NULL,NULL),(70,66,36,'INPUTBOX',0,1,0,0,0,NULL,NULL,NULL,NULL,NULL,NULL,NULL),(71,66,37,'INPUTBOX',0,1,0,0,0,NULL,NULL,NULL,NULL,NULL,NULL,NULL),(72,66,38,'TEXTAREA',0,1,0,0,0,NULL,NULL,NULL,NULL,NULL,NULL,NULL),(73,66,39,'INPUTBOX',0,1,0,0,0,NULL,NULL,NULL,NULL,NULL,NULL,NULL),(74,66,33,'UPLOAD',0,1,0,0,0,NULL,NULL,NULL,NULL,NULL,NULL,NULL),(75,1,26,'INPUTBOX',0,0,1,0,0,NULL,NULL,NULL,NULL,NULL,NULL,NULL),(76,0,8,'HTMLTABLE',0,0,1,0,0,NULL,NULL,NULL,NULL,294,NULL,''),(77,1,29,'PEDIGREE',0,0,1,0,0,NULL,NULL,NULL,NULL,301,NULL,NULL),(78,0,2,'INPUTBOX',0,1,1,0,0,NULL,NULL,NULL,NULL,310,NULL,''),(79,0,1,'TREE',1,1,1,0,0,NULL,NULL,NULL,NULL,NULL,NULL,NULL);

--
-- Table structure for table `option_lang`
--

DROP TABLE IF EXISTS `option_lang`;
/*!40101 SET @saved_cs_client     = @@character_set_client */;
/*!40101 SET character_set_client = utf8 */;
CREATE TABLE `option_lang` (
  `id_option_lang` int(11) NOT NULL AUTO_INCREMENT,
  `option_id` int(11) NOT NULL,
  `language_id` int(11) NOT NULL,
  `option` varchar(100) COLLATE utf8_unicode_ci DEFAULT NULL,
  `values` text COLLATE utf8_unicode_ci,
  `prefix` varchar(25) COLLATE utf8_unicode_ci DEFAULT NULL,
  `suffix` varchar(25) COLLATE utf8_unicode_ci DEFAULT NULL,
  `hint` varchar(100) COLLATE utf8_unicode_ci DEFAULT NULL,
  PRIMARY KEY (`id_option_lang`),
  UNIQUE KEY `id_UNIQUE` (`id_option_lang`),
  KEY `fk_option_lang_language1_idx` (`language_id`),
  KEY `fk_option_lang_option1_idx` (`option_id`),
  CONSTRAINT `fk_option_lang_language1` FOREIGN KEY (`language_id`) REFERENCES `language` (`id`) ON DELETE NO ACTION ON UPDATE NO ACTION,
  CONSTRAINT `fk_option_lang_option1` FOREIGN KEY (`option_id`) REFERENCES `option` (`id`) ON DELETE NO ACTION ON UPDATE NO ACTION
) ENGINE=InnoDB AUTO_INCREMENT=629 DEFAULT CHARSET=utf8 COLLATE=utf8_unicode_ci;
/*!40101 SET character_set_client = @saved_cs_client */;

--
-- Dumping data for table `option_lang`
--

INSERT INTO `option_lang` VALUES (62,7,2,'Grad','',NULL,NULL,NULL),(63,7,1,'City','',NULL,NULL,NULL),(81,11,2,'Balkon','',NULL,NULL,NULL),(82,11,1,'Balcony','',NULL,NULL,NULL),(86,19,1,'Bathrooms','',NULL,NULL,NULL),(87,19,2,'Kupaonica','',NULL,NULL,NULL),(88,20,1,'Bedrooms','',NULL,NULL,NULL),(89,20,2,'Spavaonica','',NULL,NULL,NULL),(98,25,1,'Dishwasher','',NULL,NULL,NULL),(99,25,2,'Perilica suÄ‘a','',NULL,NULL,NULL),(102,27,1,'Grill','',NULL,NULL,NULL),(103,27,2,'RoÅ¡tilj','',NULL,NULL,NULL),(104,28,1,'Heating','',NULL,NULL,NULL),(105,28,2,'Grijanje','',NULL,NULL,NULL),(106,29,1,'Internet','',NULL,NULL,NULL),(107,29,2,'Internet','',NULL,NULL,NULL),(112,32,1,'Parking','',NULL,NULL,NULL),(113,32,2,'Parking','',NULL,NULL,NULL),(160,23,1,'Cable TV','',NULL,'',NULL),(161,23,2,'Kabelska TV','',NULL,'',NULL),(162,31,1,'Microwave','',NULL,'',NULL),(163,31,2,'Mikrovalna','',NULL,'',NULL),(164,24,1,'Computer','',NULL,'',NULL),(165,24,2,'RaÄunalo','',NULL,'',NULL),(180,1,1,'Overview','',NULL,'',NULL),(181,1,2,'Osnovni podaci','',NULL,'',NULL),(228,42,1,'Hidden amenities','',NULL,'',NULL),(229,42,2,'Sakrivene znaÄajke','',NULL,'',NULL),(255,9,1,'Multimedia','',NULL,'',NULL),(256,9,2,'Multimedia','',NULL,'',NULL),(267,12,1,'Embed video code','',NULL,'',NULL),(268,12,2,'Integrirani video kod','',NULL,'',NULL),(275,43,1,'Distances','','','',NULL),(276,43,2,'Udaljenosti','','','',NULL),(279,45,1,'Train','','','m',NULL),(280,45,2,'Vlak','','','m',NULL),(281,46,1,'Metro','','','m',NULL),(282,46,2,'Podzemna','','','m',NULL),(283,47,1,'Bus','','','m',NULL),(284,47,2,'autobus','','','m',NULL),(285,48,1,'Pharmacies','','','m',NULL),(286,48,2,'Ljekarna','','','m',NULL),(287,49,1,'Bakery','','','m',NULL),(288,49,2,'Pekara','','','m',NULL),(291,51,1,'Coffee shop','','','m',NULL),(292,51,2,'kafiÄ‡','','','m',NULL),(293,21,1,'Indoor amenities','','','',NULL),(294,21,2,'Pogodnosti unutraÅ¡njosti','','','',NULL),(295,52,1,'Outdoor amenities','','','',NULL),(296,52,2,'Vanjske pogodnosti','','','',NULL),(299,39,1,'Energy efficiency','-,A++,A+,A,B,C,D,E,F,G,H','','',NULL),(300,39,2,'Energetski razred','-,A++,A+,A,B,C,D,E,F,G,H','','',NULL),(315,54,1,'Ownership','Agent,Owner,Builder','','',NULL),(316,54,2,'VlasniÅ¡tvo','Agent,Vlasnik,IzvoÄ‘aÄ','','',NULL),(323,56,1,'Pro rating',',1,2,3,4,5','','',NULL),(324,56,2,'Pro ocjena',',1,2,3,4,5','','',NULL),(329,57,1,'Size precise','','','m2',NULL),(330,57,2,'VeliÄina precizno','','','m2',NULL),(333,58,1,'Rooms','','','',NULL),(334,58,2,'Soba','','','',NULL),(355,59,1,'Energy efficient','','','kWh EP / m2, year',NULL),(356,59,2,'Energetska efikasnost','','','kWh EP / m2, year',NULL),(357,60,1,'Gas emissions','','','kg CO2 / mÂ², year',NULL),(358,60,2,'Emisije plinova','','','kg CO2 / mÂ², year',NULL),(379,64,1,'Location','','','',NULL),(380,64,2,'Location','','','',NULL),(381,65,1,'Plan image','','','',NULL),(382,65,2,'Slika plana','','','',NULL),(403,66,1,'Company','','','',NULL),(404,66,2,'Tvrtka','','','',NULL),(405,73,1,'Office hours','','','',NULL),(406,73,2,'Radno vrijeme','','','',NULL),(407,72,1,'Company description','','','',NULL),(408,72,2,'Opis tvrtke','','','',NULL),(409,71,1,'Twitter link','','','',NULL),(410,71,2,'Twitter link','','','',NULL),(411,70,1,'Facebook link','','','',NULL),(412,70,2,'Facebook link','','','',NULL),(413,69,1,'Website','','','',NULL),(414,69,2,'Web stranice','','','',NULL),(415,68,1,'Phone number','','','',NULL),(416,68,2,'Telefon','','','',NULL),(417,74,1,'Company logo 60x60px','','','',NULL),(418,74,2,'Logo tvrtke','','','',NULL),(419,67,1,'Company name','','','',NULL),(420,67,2,'Naziv tvrtke','','','',NULL),(437,53,1,'Floor','','','',NULL),(438,53,2,'Kat','','','',NULL),(439,30,1,'Lift','','','',NULL),(440,30,2,'Dizalo','','','',NULL),(485,10,1,'Property name','','','',NULL),(486,10,2,'Naziv nekretnine','','','',NULL),(489,40,1,'Zip code','','','',NULL),(490,40,2,'PoÅ¡tanski broj','','','',NULL),(491,33,1,'Pool','','','',NULL),(492,33,2,'Bazen','','','',NULL),(495,55,1,'Rent price (incl.)','','$','',NULL),(496,55,2,'Cijena najma (reÅ¾ije)','','','â‚¬',NULL),(527,5,1,'County','','','',NULL),(528,5,2,'Å½upanija','','','',NULL),(531,3,1,'Area','Less than 50m2,50-100m2,More than 100m2','','',NULL),(532,3,2,'PovrÅ¡ina','Manje od 50m2,50-100m2,ViÅ¡e od 100m2','','',NULL),(533,50,1,'Restaurant','','','m',NULL),(534,50,2,'Restoran','','','m',NULL),(545,77,1,'Pedigree tree','','','',NULL),(546,77,2,'Stablo porijekla','','','',NULL),(555,76,1,'Prices table','Property type[A1|A2|A3],01.05-31.05.[B1|B2|B3],01.06-30.06.[C1|C2|C3],01.07-30.07.,01.08-31.08.','','',NULL),(556,76,2,'Popis cijena','Vrsta nekretnine[A1c|A2c|A3c],01.05-31.05.[B1c|B2c|B3c],01.06-30.06.[C1c|C2c|C3c],01.07-30.07.,01.08-31.08.','','',NULL),(559,78,1,'Keywords','','','',NULL),(560,78,2,'KljuÄne rijeÄi','','','',NULL),(583,22,1,'Air conditioning','','','',NULL),(584,22,2,'Klimatizacija','','','',NULL),(585,44,1,'Beach','','','m',NULL),(586,44,2,'PlaÅ¾e','','','m',NULL),(603,38,1,'Badge','empty,new,sold,action','','',''),(604,38,2,'Oznaka','empty,novo,prodano,akcija','','',''),(609,8,1,'Description short','','','',''),(610,8,2,'Opis ukratko','','','',''),(611,17,1,'Description long','','','',''),(612,17,2,'SadrÅ¾aj dulji','','','',''),(613,6,1,'Marker','empty,commercial,house,land,apartment','','','Pin/Marker/Icon for location on map'),(614,6,2,'Marker','empty,commercial,house,land,apartment','','','Pin/Marker/Icon za lokaciju na karti'),(617,2,1,'Type','Apartment,House,Land,Commercial property','','',''),(618,2,2,'Vrsta','Stan,KuÄ‡a,ZemljiÅ¡te,Poslovni prostor','','',''),(619,36,1,'Sale price','2000,3000,5000,10000,20000|3000,5000,10000,20000,100000','$','',''),(620,36,2,'Prodajna cijena','2000,3000,5000,10000,20000|3000,5000,10000,20000,100000','','â‚¬',''),(621,37,1,'Rent price (excl.)','','$','',''),(622,37,2,'Cijena najma','','','â‚¬',''),(625,4,1,'Purpose','Sale,Rent,Sale and Rent','','',''),(626,4,2,'Namjena','Prodaja,Najam,Prodaja i najam','','',''),(627,79,1,'Categories','','','',NULL),(628,79,2,'Categories','','','',NULL);

--
-- Table structure for table `packages`
--

DROP TABLE IF EXISTS `packages`;
/*!40101 SET @saved_cs_client     = @@character_set_client */;
/*!40101 SET character_set_client = utf8 */;
CREATE TABLE `packages` (
  `id` int(11) NOT NULL AUTO_INCREMENT,
  `date_created` datetime DEFAULT NULL,
  `date_modified` datetime DEFAULT NULL,
  `package_name` varchar(60) COLLATE utf8_unicode_ci DEFAULT NULL COMMENT 'FREE\nBASIC\nPREMIUM\n',
  `package_price` decimal(10,2) DEFAULT NULL,
  `package_days` int(11) DEFAULT '0',
  `num_listing_limit` int(11) DEFAULT '0',
  `currency_code` varchar(45) COLLATE utf8_unicode_ci DEFAULT 'USD',
  `show_private_listings` tinyint(1) DEFAULT '1',
  `user_type` varchar(45) COLLATE utf8_unicode_ci DEFAULT '' COMMENT 'USER|AGENT',
  `auto_activation` tinyint(1) DEFAULT '0',
  `num_images_limit` int(11) DEFAULT '1000',
  `num_amenities_limit` int(11) DEFAULT '1000',
  `num_featured_limit` int(11) DEFAULT '0',
  PRIMARY KEY (`id`)
) ENGINE=InnoDB AUTO_INCREMENT=4 DEFAULT CHARSET=utf8 COLLATE=utf8_unicode_ci;
/*!40101 SET character_set_client = @saved_cs_client */;

--
-- Dumping data for table `packages`
--

INSERT INTO `packages` VALUES (1,'2014-06-05 21:19:57','2015-04-15 15:17:41','Free',0.00,0,1,'USD',1,'',0,5,5,0),(2,'2014-06-05 21:19:57','2015-10-19 19:42:07','Basic',10.00,30,10,'USD',1,'',1,1000,1000,0),(3,'2014-06-05 21:19:57','2016-04-26 10:22:13','Premium',20.00,30,40,'USD',1,'',1,1000,1000,1);

--
-- Table structure for table `page`
--

DROP TABLE IF EXISTS `page`;
/*!40101 SET @saved_cs_client     = @@character_set_client */;
/*!40101 SET character_set_client = utf8 */;
CREATE TABLE `page` (
  `id` int(11) NOT NULL AUTO_INCREMENT,
  `parent_id` int(11) DEFAULT NULL,
  `order` int(11) DEFAULT NULL,
  `type` varchar(45) COLLATE utf8_unicode_ci NOT NULL DEFAULT '',
  `date` datetime DEFAULT NULL,
  `date_publish` datetime DEFAULT NULL,
  `template` varchar(100) COLLATE utf8_unicode_ci DEFAULT NULL,
  `template_header` varchar(100) COLLATE utf8_unicode_ci DEFAULT NULL,
  `template_footer` varchar(100) COLLATE utf8_unicode_ci DEFAULT NULL,
  `slug` varchar(160) COLLATE utf8_unicode_ci DEFAULT NULL,
  `repository_id` int(11) DEFAULT NULL,
  `is_visible` tinyint(1) DEFAULT '1',
  `is_private` tinyint(1) DEFAULT '0',
  `image_filename` varchar(200) COLLATE utf8_unicode_ci DEFAULT NULL,
  PRIMARY KEY (`id`)
) ENGINE=InnoDB AUTO_INCREMENT=179 DEFAULT CHARSET=utf8 COLLATE=utf8_unicode_ci;
/*!40101 SET character_set_client = @saved_cs_client */;

--
-- Dumping data for table `page`
--

INSERT INTO `page` VALUES (1,0,1,'PAGE',NULL,NULL,'page_homepage-side','0','0',NULL,40,1,0,NULL),(2,5,15,'PAGE',NULL,NULL,'page_homepage-filters',NULL,NULL,NULL,187,1,0,NULL),(3,5,14,'PAGE',NULL,NULL,'page_homepage-filters','','',NULL,26,1,0,NULL),(4,0,26,'PAGE',NULL,NULL,'page_contact','','',NULL,25,1,0,NULL),(5,0,10,'PAGE','2013-12-12 16:01:35',NULL,'page_agents','','',NULL,24,1,0,'413539183_cc8e400d9d_o.jpg'),(6,1,3,'PAGE','2013-12-29 12:06:05',NULL,'page_homepage-filters','0','0',NULL,182,1,0,NULL),(142,5,11,'PAGE','2014-01-04 22:19:49',NULL,'page_news',NULL,NULL,NULL,183,1,0,NULL),(144,5,16,'PAGE','2014-02-20 16:16:30',NULL,'page_homepage-filters',NULL,NULL,NULL,200,1,0,NULL),(146,5,17,'PAGE','2014-03-15 18:18:13',NULL,'page_page','','',NULL,202,1,0,NULL),(147,0,9,'PAGE','2014-04-05 10:33:02',NULL,'page_featured',NULL,NULL,NULL,203,1,0,NULL),(151,0,2,'MODULE_NEWS_CATEGORY','2014-04-06 16:07:03',NULL,NULL,NULL,NULL,NULL,NULL,1,0,NULL),(152,0,1,'MODULE_NEWS_CATEGORY','2014-04-06 16:21:32',NULL,NULL,NULL,NULL,NULL,NULL,1,0,NULL),(154,152,13,'MODULE_NEWS_POST','2014-04-06 20:01:32','2014-04-09 19:57:33','page_page',NULL,NULL,NULL,207,1,0,'5388658660_975a93b2ae_b (1).jpg'),(155,151,1,'MODULE_NEWS_POST','2014-04-06 20:13:51','2014-04-08 20:13:05','page_news',NULL,NULL,NULL,208,1,0,'5388050721_b84cf3a0a3_b (1).jpg'),(156,157,20,'ARTICLE','2014-04-08 17:59:20','2014-04-08 17:59:20','page_page',NULL,NULL,NULL,209,1,0,'5388050419_e3ef95b8eb_b (1).jpg'),(157,5,18,'PAGE','2014-04-08 22:08:34',NULL,'page_articles',NULL,NULL,NULL,210,1,0,NULL),(158,157,19,'ARTICLE','2014-04-08 22:30:56','2014-04-08 22:30:56','page_page',NULL,NULL,NULL,211,1,0,'5388051239_00764065f2_b (1).jpg'),(159,151,1,'MODULE_NEWS_POST','2014-04-15 18:37:33','2014-04-15 18:36:57','page_page',NULL,NULL,NULL,240,1,0,'5388057701_5a618e8a9e_b (1).jpg'),(160,5,21,'PAGE','2014-04-27 20:45:54',NULL,'page_showroom',NULL,NULL,NULL,242,1,0,NULL),(161,5,22,'PAGE','2014-05-10 13:27:50',NULL,'page_expert',NULL,NULL,NULL,245,1,0,NULL),(162,5,23,'PAGE','2014-05-20 19:05:57',NULL,'page_page',NULL,NULL,NULL,246,0,0,NULL),(163,5,24,'PAGE','2014-06-30 18:24:25',NULL,'page_page',NULL,NULL,NULL,248,1,1,NULL),(169,0,8,'PAGE','2014-08-01 19:02:31','2014-08-01 19:02:31','page_agents-list','','',NULL,255,1,0,NULL),(173,5,25,'PAGE','2015-01-20 18:56:43','2015-01-20 18:56:43','page_sitemap',NULL,NULL,NULL,279,1,0,NULL),(174,1,4,'PAGE','2017-05-18 14:22:13','2017-05-18 14:22:13','page_homepage-side','0','0',NULL,325,1,0,NULL),(175,1,5,'PAGE','2017-05-18 14:23:11','2017-05-18 14:23:11','page_homepage-geo','0','0',NULL,326,1,0,NULL),(176,1,6,'PAGE','2017-05-18 14:30:47','2017-05-18 14:30:47','page_fullscreen','0','0',NULL,327,1,0,NULL),(177,1,7,'PAGE','2017-05-18 14:31:16','2017-05-18 14:31:16','page_demomaps','0','0',NULL,328,1,0,NULL),(178,1,2,'PAGE','2017-06-03 20:33:58','2017-06-03 20:33:58','page_homepage','0','0',NULL,330,1,0,NULL);

--
-- Table structure for table `page_lang`
--

DROP TABLE IF EXISTS `page_lang`;
/*!40101 SET @saved_cs_client     = @@character_set_client */;
/*!40101 SET character_set_client = utf8 */;
CREATE TABLE `page_lang` (
  `id_page_lang` int(11) NOT NULL AUTO_INCREMENT,
  `page_id` int(11) NOT NULL,
  `language_id` int(11) NOT NULL,
  `title` varchar(160) COLLATE utf8_unicode_ci DEFAULT NULL,
  `navigation_title` varchar(160) COLLATE utf8_unicode_ci DEFAULT NULL,
  `body` text COLLATE utf8_unicode_ci,
  `description` text COLLATE utf8_unicode_ci,
  `keywords` varchar(200) COLLATE utf8_unicode_ci DEFAULT NULL,
  `slug` varchar(100) COLLATE utf8_unicode_ci DEFAULT NULL,
  PRIMARY KEY (`id_page_lang`),
  KEY `fk_page_language1` (`language_id`),
  KEY `fk_page_lang_page1_idx` (`page_id`),
  CONSTRAINT `fk_page_lang_page1` FOREIGN KEY (`page_id`) REFERENCES `page` (`id`) ON DELETE NO ACTION ON UPDATE NO ACTION,
  CONSTRAINT `fk_page_language10` FOREIGN KEY (`language_id`) REFERENCES `language` (`id`) ON DELETE NO ACTION ON UPDATE NO ACTION
) ENGINE=InnoDB AUTO_INCREMENT=837 DEFAULT CHARSET=utf8 COLLATE=utf8_unicode_ci;
/*!40101 SET character_set_client = @saved_cs_client */;

--
-- Dumping data for table `page_lang`
--

INSERT INTO `page_lang` VALUES (285,152,1,'My blog',NULL,NULL,NULL,NULL,NULL),(286,152,2,'Moj blog',NULL,NULL,NULL,NULL,NULL),(301,151,1,'Top news',NULL,NULL,NULL,NULL,NULL),(302,151,2,'Top vijesti',NULL,NULL,NULL,NULL,NULL),(311,157,1,'Articles','Articles','','','',NULL),(312,157,2,'ÄŒlanci','ÄŒlanci','','','',NULL),(319,156,1,'Article test','Article test','<p>\r\nLorem ipsum dolor sit amet, consectetur adipiscing elit. Suspendisse \r\nsollicitudin commodo cursus. Nunc varius accumsan ultrices. Quisque \r\nhendrerit mi id ullamcorper pretium. Lorem ipsum dolor sit amet, \r\nconsectetur adipiscing elit. Nam ac metus vitae nibh aliquet adipiscing \r\nquis at nibh. Nullam lacinia magna sed enim ullamcorper rutrum. Proin \r\nquis vulputate est. Duis vitae purus vel mauris rutrum bibendum eu sit \r\namet erat. Vestibulum accumsan dapibus mauris, faucibus vehicula ipsum \r\ntempor pharetra. Sed porta, purus sit amet sollicitudin vestibulum, leo \r\nneque fringilla mauris, quis semper odio ante non arcu. Suspendisse \r\nporttitor mollis nisi, eu imperdiet eros condimentum at. Nunc tempor \r\nsodales suscipit.\r\n</p>\r\n<p>\r\n<span style=\"font-weight: bold;\">Sed sed mollis nunc. Interdum et malesuada fames ac ante ipsum primis in\r\n faucibus. Proin luctus semper eros, quis egestas leo. Pellentesque \r\nrisus felis, vulputate eu massa et, rhoncus molestie dui. Vivamus \r\nmalesuada dui nec cursus lobortis. Donec augue tortor, accumsan id lacus\r\n quis, suscipit ullamcorper dolor. Nunc ullamcorper elit suscipit, \r\nmollis tortor in, pharetra purus. Sed dapibus dolor mauris, quis \r\nelementum arcu auctor id. Maecenas eget orci in lacus vestibulum \r\nvehicula. Pellentesque et felis eget diam hendrerit ultricies. Quisque \r\nsit amet tellus odio. Nulla pharetra turpis non turpis molestie, \r\nsuscipit tincidunt nisl lobortis. In eget porttitor libero. Proin non \r\nbibendum nisi, vitae volutpat nisl. Vivamus pretium scelerisque risus, \r\nnon tristique arcu cursus eu. Cras velit lacus, venenatis ut mi \r\nmalesuada, dapibus viverra nisi.\r\n</span></p>\r\n<p>\r\n<span style=\"font-style: italic;\">Aliquam dapibus lorem vitae leo euismod commodo. Cras porttitor leo \r\neleifend velit malesuada pretium. Praesent ac auctor purus. Mauris \r\nligula ligula, hendrerit at justo in, molestie viverra sapien. In \r\nplacerat sem risus, a convallis massa viverra nec. Vestibulum ante ipsum\r\n primis in faucibus orci luctus et ultrices posuere cubilia Curae; \r\nPraesent ac justo in orci aliquet lacinia ut vitae nibh. Quisque pretium\r\n quam nibh, imperdiet pulvinar ligula dictum id. In a auctor arcu. Fusce\r\n feugiat purus eget odio congue, mollis iaculis nulla tincidunt. Sed nec\r\n massa vulputate, pretium nisi malesuada, lacinia ligula.\r\n</span></p>\r\n<p>\r\nVestibulum eget tempor mauris. Praesent tincidunt enim eu massa \r\ntristique, pellentesque faucibus ipsum pharetra. Sed pulvinar convallis \r\ntortor eget placerat. Duis mattis tempus sollicitudin. Praesent eu porta\r\n libero, sed consectetur risus. Cum sociis natoque penatibus et magnis \r\ndis parturient montes, nascetur ridiculus mus. Duis vulputate, arcu nec \r\ntincidunt lacinia, mi velit malesuada sapien, a commodo lacus lacus sit \r\namet nisl. Donec rhoncus lectus sit amet sem dictum interdum. Vivamus \r\nlobortis tortor fringilla est gravida ultricies. Integer ut mauris quam.\r\n</p>','Lorem ipsum dolor sit amet, consectetur adipiscing elit. Suspendisse sollicitudin commodo cursus. Nunc varius accumsan ultrices. Quisque hendrerit mi id ullamcorper pretium. Lorem ipsum dolor sit amet, consectetur adipiscing elit.','Article test',NULL),(320,156,2,'Test Älanak','Test Älanak','<p>\r\nLorem ipsum dolor sit amet, consectetur adipiscing elit. Suspendisse \r\nsollicitudin commodo cursus. Nunc varius accumsan ultrices. Quisque \r\nhendrerit mi id ullamcorper pretium. Lorem ipsum dolor sit amet, \r\nconsectetur adipiscing elit. Nam ac metus vitae nibh aliquet adipiscing \r\nquis at nibh. Nullam lacinia magna sed enim ullamcorper rutrum. Proin \r\nquis vulputate est. Duis vitae purus vel mauris rutrum bibendum eu sit \r\namet erat. Vestibulum accumsan dapibus mauris, faucibus vehicula ipsum \r\ntempor pharetra. Sed porta, purus sit amet sollicitudin vestibulum, leo \r\nneque fringilla mauris, quis semper odio ante non arcu. Suspendisse \r\nporttitor mollis nisi, eu imperdiet eros condimentum at. Nunc tempor \r\nsodales suscipit.\r\n</p>\r\n<p>\r\n<span style=\"font-weight: bold;\">Sed sed mollis nunc. Interdum et malesuada fames ac ante ipsum primis in\r\n faucibus. Proin luctus semper eros, quis egestas leo. Pellentesque \r\nrisus felis, vulputate eu massa et, rhoncus molestie dui. Vivamus \r\nmalesuada dui nec cursus lobortis. Donec augue tortor, accumsan id lacus\r\n quis, suscipit ullamcorper dolor. Nunc ullamcorper elit suscipit, \r\nmollis tortor in, pharetra purus. Sed dapibus dolor mauris, quis \r\nelementum arcu auctor id. Maecenas eget orci in lacus vestibulum \r\nvehicula. Pellentesque et felis eget diam hendrerit ultricies. Quisque \r\nsit amet tellus odio. Nulla pharetra turpis non turpis molestie, \r\nsuscipit tincidunt nisl lobortis. In eget porttitor libero. Proin non \r\nbibendum nisi, vitae volutpat nisl. Vivamus pretium scelerisque risus, \r\nnon tristique arcu cursus eu. Cras velit lacus, venenatis ut mi \r\nmalesuada, dapibus viverra nisi.\r\n</span></p>\r\n<p>\r\n<span style=\"font-style: italic;\">Aliquam dapibus lorem vitae leo euismod commodo. Cras porttitor leo \r\neleifend velit malesuada pretium. Praesent ac auctor purus. Mauris \r\nligula ligula, hendrerit at justo in, molestie viverra sapien. In \r\nplacerat sem risus, a convallis massa viverra nec. Vestibulum ante ipsum\r\n primis in faucibus orci luctus et ultrices posuere cubilia Curae; \r\nPraesent ac justo in orci aliquet lacinia ut vitae nibh. Quisque pretium\r\n quam nibh, imperdiet pulvinar ligula dictum id. In a auctor arcu. Fusce\r\n feugiat purus eget odio congue, mollis iaculis nulla tincidunt. Sed nec\r\n massa vulputate, pretium nisi malesuada, lacinia ligula.\r\n</span></p>\r\n<p>\r\nVestibulum eget tempor mauris. Praesent tincidunt enim eu massa \r\ntristique, pellentesque faucibus ipsum pharetra. Sed pulvinar convallis \r\ntortor eget placerat. Duis mattis tempus sollicitudin. Praesent eu porta\r\n libero, sed consectetur risus. Cum sociis natoque penatibus et magnis \r\ndis parturient montes, nascetur ridiculus mus. Duis vulputate, arcu nec \r\ntincidunt lacinia, mi velit malesuada sapien, a commodo lacus lacus sit \r\namet nisl. Donec rhoncus lectus sit amet sem dictum interdum. Vivamus \r\nlobortis tortor fringilla est gravida ultricies. Integer ut mauris quam.\r\n</p>','Lorem ipsum dolor sit amet, consectetur adipiscing elit. Suspendisse sollicitudin commodo cursus. Nunc varius accumsan ultrices. Quisque hendrerit mi id ullamcorper pretium. Lorem ipsum dolor sit amet, consectetur adipiscing elit.','Test Älanak',NULL),(321,158,1,'Test article 2','Test article 2','<p>\r\nLorem ipsum dolor sit amet, consectetur adipiscing elit. Suspendisse \r\nsollicitudin commodo cursus. Nunc varius accumsan ultrices. Quisque \r\nhendrerit mi id ullamcorper pretium. Lorem ipsum dolor sit amet, \r\nconsectetur adipiscing elit. Nam ac metus vitae nibh aliquet adipiscing \r\nquis at nibh. Nullam lacinia magna sed enim ullamcorper rutrum. Proin \r\nquis vulputate est. Duis vitae purus vel mauris rutrum bibendum eu sit \r\namet erat. Vestibulum accumsan dapibus mauris, faucibus vehicula ipsum \r\ntempor pharetra. Sed porta, purus sit amet sollicitudin vestibulum, leo \r\nneque fringilla mauris, quis semper odio ante non arcu. Suspendisse \r\nporttitor mollis nisi, eu imperdiet eros condimentum at. Nunc tempor \r\nsodales suscipit.\r\n</p>\r\n<p>\r\n<span style=\"font-weight: bold;\">Sed sed mollis nunc. Interdum et malesuada fames ac ante ipsum primis in\r\n faucibus. Proin luctus semper eros, quis egestas leo. Pellentesque \r\nrisus felis, vulputate eu massa et, rhoncus molestie dui. Vivamus \r\nmalesuada dui nec cursus lobortis. Donec augue tortor, accumsan id lacus\r\n quis, suscipit ullamcorper dolor. Nunc ullamcorper elit suscipit, \r\nmollis tortor in, pharetra purus. Sed dapibus dolor mauris, quis \r\nelementum arcu auctor id. Maecenas eget orci in lacus vestibulum \r\nvehicula. Pellentesque et felis eget diam hendrerit ultricies. Quisque \r\nsit amet tellus odio. Nulla pharetra turpis non turpis molestie, \r\nsuscipit tincidunt nisl lobortis. In eget porttitor libero. Proin non \r\nbibendum nisi, vitae volutpat nisl. Vivamus pretium scelerisque risus, \r\nnon tristique arcu cursus eu. Cras velit lacus, venenatis ut mi \r\nmalesuada, dapibus viverra nisi.\r\n</span></p>\r\n<p>\r\n<span style=\"font-style: italic;\">Aliquam dapibus lorem vitae leo euismod commodo. Cras porttitor leo \r\neleifend velit malesuada pretium. Praesent ac auctor purus. Mauris \r\nligula ligula, hendrerit at justo in, molestie viverra sapien. In \r\nplacerat sem risus, a convallis massa viverra nec. Vestibulum ante ipsum\r\n primis in faucibus orci luctus et ultrices posuere cubilia Curae; \r\nPraesent ac justo in orci aliquet lacinia ut vitae nibh. Quisque pretium\r\n quam nibh, imperdiet pulvinar ligula dictum id. In a auctor arcu. Fusce\r\n feugiat purus eget odio congue, mollis iaculis nulla tincidunt. Sed nec\r\n massa vulputate, pretium nisi malesuada, lacinia ligula.\r\n</span></p>\r\n<p>\r\nVestibulum eget tempor mauris. Praesent tincidunt enim eu massa \r\ntristique, pellentesque faucibus ipsum pharetra. Sed pulvinar convallis \r\ntortor eget placerat. Duis mattis tempus sollicitudin. Praesent eu porta\r\n libero, sed consectetur risus. Cum sociis natoque penatibus et magnis \r\ndis parturient montes, nascetur ridiculus mus. Duis vulputate, arcu nec \r\ntincidunt lacinia, mi velit malesuada sapien, a commodo lacus lacus sit \r\namet nisl. Donec rhoncus lectus sit amet sem dictum interdum. Vivamus \r\nlobortis tortor fringilla est gravida ultricies. Integer ut mauris quam.\r\n</p>','Lorem ipsum dolor sit amet, consectetur adipiscing elit. Suspendisse sollicitudin commodo cursus. Nunc varius accumsan ultrices. Quisque hendrerit mi id ullamcorper pretium. Lorem ipsum dolor sit amet, consectetur adipiscing elit.','Test article 2',NULL),(322,158,2,'Test Älanak 2','Test Älanak 2','<p>\r\nLorem ipsum dolor sit amet, consectetur adipiscing elit. Suspendisse \r\nsollicitudin commodo cursus. Nunc varius accumsan ultrices. Quisque \r\nhendrerit mi id ullamcorper pretium. Lorem ipsum dolor sit amet, \r\nconsectetur adipiscing elit. Nam ac metus vitae nibh aliquet adipiscing \r\nquis at nibh. Nullam lacinia magna sed enim ullamcorper rutrum. Proin \r\nquis vulputate est. Duis vitae purus vel mauris rutrum bibendum eu sit \r\namet erat. Vestibulum accumsan dapibus mauris, faucibus vehicula ipsum \r\ntempor pharetra. Sed porta, purus sit amet sollicitudin vestibulum, leo \r\nneque fringilla mauris, quis semper odio ante non arcu. Suspendisse \r\nporttitor mollis nisi, eu imperdiet eros condimentum at. Nunc tempor \r\nsodales suscipit.\r\n</p>\r\n<p>\r\n<span style=\"font-weight: bold;\">Sed sed mollis nunc. Interdum et malesuada fames ac ante ipsum primis in\r\n faucibus. Proin luctus semper eros, quis egestas leo. Pellentesque \r\nrisus felis, vulputate eu massa et, rhoncus molestie dui. Vivamus \r\nmalesuada dui nec cursus lobortis. Donec augue tortor, accumsan id lacus\r\n quis, suscipit ullamcorper dolor. Nunc ullamcorper elit suscipit, \r\nmollis tortor in, pharetra purus. Sed dapibus dolor mauris, quis \r\nelementum arcu auctor id. Maecenas eget orci in lacus vestibulum \r\nvehicula. Pellentesque et felis eget diam hendrerit ultricies. Quisque \r\nsit amet tellus odio. Nulla pharetra turpis non turpis molestie, \r\nsuscipit tincidunt nisl lobortis. In eget porttitor libero. Proin non \r\nbibendum nisi, vitae volutpat nisl. Vivamus pretium scelerisque risus, \r\nnon tristique arcu cursus eu. Cras velit lacus, venenatis ut mi \r\nmalesuada, dapibus viverra nisi.\r\n</span></p>\r\n<p>\r\n<span style=\"font-style: italic;\">Aliquam dapibus lorem vitae leo euismod commodo. Cras porttitor leo \r\neleifend velit malesuada pretium. Praesent ac auctor purus. Mauris \r\nligula ligula, hendrerit at justo in, molestie viverra sapien. In \r\nplacerat sem risus, a convallis massa viverra nec. Vestibulum ante ipsum\r\n primis in faucibus orci luctus et ultrices posuere cubilia Curae; \r\nPraesent ac justo in orci aliquet lacinia ut vitae nibh. Quisque pretium\r\n quam nibh, imperdiet pulvinar ligula dictum id. In a auctor arcu. Fusce\r\n feugiat purus eget odio congue, mollis iaculis nulla tincidunt. Sed nec\r\n massa vulputate, pretium nisi malesuada, lacinia ligula.\r\n</span></p>\r\n<p>\r\nVestibulum eget tempor mauris. Praesent tincidunt enim eu massa \r\ntristique, pellentesque faucibus ipsum pharetra. Sed pulvinar convallis \r\ntortor eget placerat. Duis mattis tempus sollicitudin. Praesent eu porta\r\n libero, sed consectetur risus. Cum sociis natoque penatibus et magnis \r\ndis parturient montes, nascetur ridiculus mus. Duis vulputate, arcu nec \r\ntincidunt lacinia, mi velit malesuada sapien, a commodo lacus lacus sit \r\namet nisl. Donec rhoncus lectus sit amet sem dictum interdum. Vivamus \r\nlobortis tortor fringilla est gravida ultricies. Integer ut mauris quam.\r\n</p>','Lorem ipsum dolor sit amet, consectetur adipiscing elit. Suspendisse sollicitudin commodo cursus. Nunc varius accumsan ultrices. Quisque hendrerit mi id ullamcorper pretium. Lorem ipsum dolor sit amet, consectetur adipiscing elit.','Test Älanak 2',NULL),(325,159,1,'Test news category 2','Test news category 2','<p>\r\nLorem ipsum dolor sit amet, consectetur adipiscing elit. Suspendisse \r\nsollicitudin commodo cursus. Nunc varius accumsan ultrices. Quisque \r\nhendrerit mi id ullamcorper pretium. Lorem ipsum dolor sit amet, \r\nconsectetur adipiscing elit. Nam ac metus vitae nibh aliquet adipiscing \r\nquis at nibh. Nullam lacinia magna sed enim ullamcorper rutrum. Proin \r\nquis vulputate est. Duis vitae purus vel mauris rutrum bibendum eu sit \r\namet erat. Vestibulum accumsan dapibus mauris, faucibus vehicula ipsum \r\ntempor pharetra. Sed porta, purus sit amet sollicitudin vestibulum, leo \r\nneque fringilla mauris, quis semper odio ante non arcu. Suspendisse \r\nporttitor mollis nisi, eu imperdiet eros condimentum at. Nunc tempor \r\nsodales suscipit.\r\n</p>\r\n<p>\r\n<span style=\"font-weight: bold;\">Sed sed mollis nunc. Interdum et malesuada fames ac ante ipsum primis in\r\n faucibus. Proin luctus semper eros, quis egestas leo. Pellentesque \r\nrisus felis, vulputate eu massa et, rhoncus molestie dui. Vivamus \r\nmalesuada dui nec cursus lobortis. Donec augue tortor, accumsan id lacus\r\n quis, suscipit ullamcorper dolor. Nunc ullamcorper elit suscipit, \r\nmollis tortor in, pharetra purus. Sed dapibus dolor mauris, quis \r\nelementum arcu auctor id. Maecenas eget orci in lacus vestibulum \r\nvehicula. Pellentesque et felis eget diam hendrerit ultricies. Quisque \r\nsit amet tellus odio. Nulla pharetra turpis non turpis molestie, \r\nsuscipit tincidunt nisl lobortis. In eget porttitor libero. Proin non \r\nbibendum nisi, vitae volutpat nisl. Vivamus pretium scelerisque risus, \r\nnon tristique arcu cursus eu. Cras velit lacus, venenatis ut mi \r\nmalesuada, dapibus viverra nisi.\r\n</span></p>\r\n<p>\r\n<span style=\"font-style: italic;\">Aliquam dapibus lorem vitae leo euismod commodo. Cras porttitor leo \r\neleifend velit malesuada pretium. Praesent ac auctor purus. Mauris \r\nligula ligula, hendrerit at justo in, molestie viverra sapien. In \r\nplacerat sem risus, a convallis massa viverra nec. Vestibulum ante ipsum\r\n primis in faucibus orci luctus et ultrices posuere cubilia Curae; \r\nPraesent ac justo in orci aliquet lacinia ut vitae nibh. Quisque pretium\r\n quam nibh, imperdiet pulvinar ligula dictum id. In a auctor arcu. Fusce\r\n feugiat purus eget odio congue, mollis iaculis nulla tincidunt. Sed nec\r\n massa vulputate, pretium nisi malesuada, lacinia ligula.\r\n</span></p>\r\n<p>\r\nVestibulum eget tempor mauris. Praesent tincidunt enim eu massa \r\ntristique, pellentesque faucibus ipsum pharetra. Sed pulvinar convallis \r\ntortor eget placerat. Duis mattis tempus sollicitudin. Praesent eu porta\r\n libero, sed consectetur risus. Cum sociis natoque penatibus et magnis \r\ndis parturient montes, nascetur ridiculus mus. Duis vulputate, arcu nec \r\ntincidunt lacinia, mi velit malesuada sapien, a commodo lacus lacus sit \r\namet nisl. Donec rhoncus lectus sit amet sem dictum interdum. Vivamus \r\nlobortis tortor fringilla est gravida ultricies. Integer ut mauris quam.\r\n</p>','Lorem ipsum dolor sit amet, consectetur adipiscing elit. Suspendisse sollicitudin commodo cursus. Nunc varius accumsan ultrices. Quisque hendrerit mi id ullamcorper pretium. Lorem ipsum dolor sit amet, consectetur adipiscing elit.','Test news category 2',NULL),(326,159,2,'Test news category 2','Test news category 2','<p>\r\nLorem ipsum dolor sit amet, consectetur adipiscing elit. Suspendisse \r\nsollicitudin commodo cursus. Nunc varius accumsan ultrices. Quisque \r\nhendrerit mi id ullamcorper pretium. Lorem ipsum dolor sit amet, \r\nconsectetur adipiscing elit. Nam ac metus vitae nibh aliquet adipiscing \r\nquis at nibh. Nullam lacinia magna sed enim ullamcorper rutrum. Proin \r\nquis vulputate est. Duis vitae purus vel mauris rutrum bibendum eu sit \r\namet erat. Vestibulum accumsan dapibus mauris, faucibus vehicula ipsum \r\ntempor pharetra. Sed porta, purus sit amet sollicitudin vestibulum, leo \r\nneque fringilla mauris, quis semper odio ante non arcu. Suspendisse \r\nporttitor mollis nisi, eu imperdiet eros condimentum at. Nunc tempor \r\nsodales suscipit.\r\n</p>\r\n<p>\r\n<span style=\"font-weight: bold;\">Sed sed mollis nunc. Interdum et malesuada fames ac ante ipsum primis in\r\n faucibus. Proin luctus semper eros, quis egestas leo. Pellentesque \r\nrisus felis, vulputate eu massa et, rhoncus molestie dui. Vivamus \r\nmalesuada dui nec cursus lobortis. Donec augue tortor, accumsan id lacus\r\n quis, suscipit ullamcorper dolor. Nunc ullamcorper elit suscipit, \r\nmollis tortor in, pharetra purus. Sed dapibus dolor mauris, quis \r\nelementum arcu auctor id. Maecenas eget orci in lacus vestibulum \r\nvehicula. Pellentesque et felis eget diam hendrerit ultricies. Quisque \r\nsit amet tellus odio. Nulla pharetra turpis non turpis molestie, \r\nsuscipit tincidunt nisl lobortis. In eget porttitor libero. Proin non \r\nbibendum nisi, vitae volutpat nisl. Vivamus pretium scelerisque risus, \r\nnon tristique arcu cursus eu. Cras velit lacus, venenatis ut mi \r\nmalesuada, dapibus viverra nisi.\r\n</span></p>\r\n<p>\r\n<span style=\"font-style: italic;\">Aliquam dapibus lorem vitae leo euismod commodo. Cras porttitor leo \r\neleifend velit malesuada pretium. Praesent ac auctor purus. Mauris \r\nligula ligula, hendrerit at justo in, molestie viverra sapien. In \r\nplacerat sem risus, a convallis massa viverra nec. Vestibulum ante ipsum\r\n primis in faucibus orci luctus et ultrices posuere cubilia Curae; \r\nPraesent ac justo in orci aliquet lacinia ut vitae nibh. Quisque pretium\r\n quam nibh, imperdiet pulvinar ligula dictum id. In a auctor arcu. Fusce\r\n feugiat purus eget odio congue, mollis iaculis nulla tincidunt. Sed nec\r\n massa vulputate, pretium nisi malesuada, lacinia ligula.\r\n</span></p>\r\n<p>\r\nVestibulum eget tempor mauris. Praesent tincidunt enim eu massa \r\ntristique, pellentesque faucibus ipsum pharetra. Sed pulvinar convallis \r\ntortor eget placerat. Duis mattis tempus sollicitudin. Praesent eu porta\r\n libero, sed consectetur risus. Cum sociis natoque penatibus et magnis \r\ndis parturient montes, nascetur ridiculus mus. Duis vulputate, arcu nec \r\ntincidunt lacinia, mi velit malesuada sapien, a commodo lacus lacus sit \r\namet nisl. Donec rhoncus lectus sit amet sem dictum interdum. Vivamus \r\nlobortis tortor fringilla est gravida ultricies. Integer ut mauris quam.\r\n</p>','Lorem ipsum dolor sit amet, consectetur adipiscing elit. Suspendisse sollicitudin commodo cursus. Nunc varius accumsan ultrices. Quisque hendrerit mi id ullamcorper pretium. Lorem ipsum dolor sit amet, consectetur adipiscing elit.','Test news category 2',NULL),(327,160,1,'Showroom','Showroom','Showroom','Showroom','Showroom',NULL),(328,160,2,'Showroom','Showroom','Showroom','Showroom','Showroom',NULL),(331,161,1,'Ask Expert','Ask Expert','Lorem ipsum dolor sit amet, consectetur adipiscing elit. Suspendisse \r\nsollicitudin commodo cursus. Nunc varius accumsan ultrices. Quisque \r\nhendrerit mi id ullamcorper pretium. Lorem ipsum dolor sit amet, \r\nconsectetur adipiscing elit. Nam ac metus vitae nibh aliquet adipiscing \r\nquis at nibh. Nullam lacinia magna sed enim ullamcorper rutrum.','Ask Expert','Ask Expert',NULL),(332,161,2,'Pitaj eksperta','Pitaj eksperta','Lorem ipsum dolor sit amet, consectetur adipiscing elit. Suspendisse \r\nsollicitudin commodo cursus. Nunc varius accumsan ultrices. Quisque \r\nhendrerit mi id ullamcorper pretium. Lorem ipsum dolor sit amet, \r\nconsectetur adipiscing elit. Nam ac metus vitae nibh aliquet adipiscing \r\nquis at nibh. Nullam lacinia magna sed enim ullamcorper rutrum.','Pitaj eksperta','Pitaj eksperta',NULL),(337,162,1,'Hidden page example','Hidden page example','Hidden page example','Hidden page example','Hidden page example',NULL),(338,162,2,'Primjer skrivene stranice','Primjer skrivene stranice','Primjer skrivene stranice','Primjer skrivene stranice','Primjer skrivene stranice',NULL),(345,163,1,'Private page','Private page','Private page, only visible for logged users.<br>','Private page','Private page',NULL),(346,163,2,'Privatna stranica','Privatna stranica','Privatna stranica, vidljiva samo prijavljenim posjetiteljima.<br>','Privatna stranica','Privatna stranica',NULL),(365,155,1,'Test news category','Test news category','<p>\r\nLorem ipsum dolor sit amet, consectetur adipiscing elit. Suspendisse \r\nsollicitudin commodo cursus. Nunc varius accumsan ultrices. Quisque \r\nhendrerit mi id ullamcorper pretium. Lorem ipsum dolor sit amet, \r\nconsectetur adipiscing elit. Nam ac metus vitae nibh aliquet adipiscing \r\nquis at nibh. Nullam lacinia magna sed enim ullamcorper rutrum. Proin \r\nquis vulputate est. Duis vitae purus vel mauris rutrum bibendum eu sit \r\namet erat. Vestibulum accumsan dapibus mauris, faucibus vehicula ipsum \r\ntempor pharetra. Sed porta, purus sit amet sollicitudin vestibulum, leo \r\nneque fringilla mauris, quis semper odio ante non arcu. Suspendisse \r\nporttitor mollis nisi, eu imperdiet eros condimentum at. Nunc tempor \r\nsodales suscipit.\r\n</p>\r\n<p>\r\n<span style=\"font-weight: bold;\">Sed sed mollis nunc. Interdum et malesuada fames ac ante ipsum primis in\r\n faucibus. Proin luctus semper eros, quis egestas leo. Pellentesque \r\nrisus felis, vulputate eu massa et, rhoncus molestie dui. Vivamus \r\nmalesuada dui nec cursus lobortis. Donec augue tortor, accumsan id lacus\r\n quis, suscipit ullamcorper dolor. Nunc ullamcorper elit suscipit, \r\nmollis tortor in, pharetra purus. Sed dapibus dolor mauris, quis \r\nelementum arcu auctor id. Maecenas eget orci in lacus vestibulum \r\nvehicula. Pellentesque et felis eget diam hendrerit ultricies. Quisque \r\nsit amet tellus odio. Nulla pharetra turpis non turpis molestie, \r\nsuscipit tincidunt nisl lobortis. In eget porttitor libero. Proin non \r\nbibendum nisi, vitae volutpat nisl. Vivamus pretium scelerisque risus, \r\nnon tristique arcu cursus eu. Cras velit lacus, venenatis ut mi \r\nmalesuada, dapibus viverra nisi.\r\n</span></p>\r\n<p>\r\n<span style=\"font-style: italic;\">Aliquam dapibus lorem vitae leo euismod commodo. Cras porttitor leo \r\neleifend velit malesuada pretium. Praesent ac auctor purus. Mauris \r\nligula ligula, hendrerit at justo in, molestie viverra sapien. In \r\nplacerat sem risus, a convallis massa viverra nec. Vestibulum ante ipsum\r\n primis in faucibus orci luctus et ultrices posuere cubilia Curae; \r\nPraesent ac justo in orci aliquet lacinia ut vitae nibh. Quisque pretium\r\n quam nibh, imperdiet pulvinar ligula dictum id. In a auctor arcu. Fusce\r\n feugiat purus eget odio congue, mollis iaculis nulla tincidunt. Sed nec\r\n massa vulputate, pretium nisi malesuada, lacinia ligula.\r\n</span></p>\r\n<p>\r\nVestibulum eget tempor mauris. Praesent tincidunt enim eu massa \r\ntristique, pellentesque faucibus ipsum pharetra. Sed pulvinar convallis \r\ntortor eget placerat. Duis mattis tempus sollicitudin. Praesent eu porta\r\n libero, sed consectetur risus. Cum sociis natoque penatibus et magnis \r\ndis parturient montes, nascetur ridiculus mus. Duis vulputate, arcu nec \r\ntincidunt lacinia, mi velit malesuada sapien, a commodo lacus lacus sit \r\namet nisl. Donec rhoncus lectus sit amet sem dictum interdum. Vivamus \r\nlobortis tortor fringilla est gravida ultricies. Integer ut mauris quam.\r\n</p>','Lorem ipsum dolor sit amet, consectetur adipiscing elit. Suspendisse sollicitudin commodo cursus. Nunc varius accumsan ultrices. Quisque hendrerit mi id ullamcorper pretium. Lorem ipsum dolor sit amet, consectetur adipiscing elit.','Test news category',NULL),(366,155,2,'Test novost kategorija','Test novost kategorija','<p>\r\nLorem ipsum dolor sit amet, consectetur adipiscing elit. Suspendisse \r\nsollicitudin commodo cursus. Nunc varius accumsan ultrices. Quisque \r\nhendrerit mi id ullamcorper pretium. Lorem ipsum dolor sit amet, \r\nconsectetur adipiscing elit. Nam ac metus vitae nibh aliquet adipiscing \r\nquis at nibh. Nullam lacinia magna sed enim ullamcorper rutrum. Proin \r\nquis vulputate est. Duis vitae purus vel mauris rutrum bibendum eu sit \r\namet erat. Vestibulum accumsan dapibus mauris, faucibus vehicula ipsum \r\ntempor pharetra. Sed porta, purus sit amet sollicitudin vestibulum, leo \r\nneque fringilla mauris, quis semper odio ante non arcu. Suspendisse \r\nporttitor mollis nisi, eu imperdiet eros condimentum at. Nunc tempor \r\nsodales suscipit.\r\n</p>\r\n<p>\r\n<span style=\"font-weight: bold;\">Sed sed mollis nunc. Interdum et malesuada fames ac ante ipsum primis in\r\n faucibus. Proin luctus semper eros, quis egestas leo. Pellentesque \r\nrisus felis, vulputate eu massa et, rhoncus molestie dui. Vivamus \r\nmalesuada dui nec cursus lobortis. Donec augue tortor, accumsan id lacus\r\n quis, suscipit ullamcorper dolor. Nunc ullamcorper elit suscipit, \r\nmollis tortor in, pharetra purus. Sed dapibus dolor mauris, quis \r\nelementum arcu auctor id. Maecenas eget orci in lacus vestibulum \r\nvehicula. Pellentesque et felis eget diam hendrerit ultricies. Quisque \r\nsit amet tellus odio. Nulla pharetra turpis non turpis molestie, \r\nsuscipit tincidunt nisl lobortis. In eget porttitor libero. Proin non \r\nbibendum nisi, vitae volutpat nisl. Vivamus pretium scelerisque risus, \r\nnon tristique arcu cursus eu. Cras velit lacus, venenatis ut mi \r\nmalesuada, dapibus viverra nisi.\r\n</span></p>\r\n<p>\r\n<span style=\"font-style: italic;\">Aliquam dapibus lorem vitae leo euismod commodo. Cras porttitor leo \r\neleifend velit malesuada pretium. Praesent ac auctor purus. Mauris \r\nligula ligula, hendrerit at justo in, molestie viverra sapien. In \r\nplacerat sem risus, a convallis massa viverra nec. Vestibulum ante ipsum\r\n primis in faucibus orci luctus et ultrices posuere cubilia Curae; \r\nPraesent ac justo in orci aliquet lacinia ut vitae nibh. Quisque pretium\r\n quam nibh, imperdiet pulvinar ligula dictum id. In a auctor arcu. Fusce\r\n feugiat purus eget odio congue, mollis iaculis nulla tincidunt. Sed nec\r\n massa vulputate, pretium nisi malesuada, lacinia ligula.\r\n</span></p>\r\n<p>\r\nVestibulum eget tempor mauris. Praesent tincidunt enim eu massa \r\ntristique, pellentesque faucibus ipsum pharetra. Sed pulvinar convallis \r\ntortor eget placerat. Duis mattis tempus sollicitudin. Praesent eu porta\r\n libero, sed consectetur risus. Cum sociis natoque penatibus et magnis \r\ndis parturient montes, nascetur ridiculus mus. Duis vulputate, arcu nec \r\ntincidunt lacinia, mi velit malesuada sapien, a commodo lacus lacus sit \r\namet nisl. Donec rhoncus lectus sit amet sem dictum interdum. Vivamus \r\nlobortis tortor fringilla est gravida ultricies. Integer ut mauris quam.\r\n</p>','Lorem ipsum dolor sit amet, consectetur adipiscing elit. Suspendisse sollicitudin commodo cursus. Nunc varius accumsan ultrices. Quisque hendrerit mi id ullamcorper pretium. Lorem ipsum dolor sit amet, consectetur adipiscing elit.','Test novost kategorija',NULL),(421,154,1,'My blog test','Test news','<p>\r\nLorem ipsum dolor sit amet, consectetur adipiscing elit. Suspendisse \r\nsollicitudin commodo cursus. Nunc varius accumsan ultrices. Quisque \r\nhendrerit mi id ullamcorper pretium. Lorem ipsum dolor sit amet, \r\nconsectetur adipiscing elit. Nam ac metus vitae nibh aliquet adipiscing \r\nquis at nibh. Nullam lacinia magna sed enim ullamcorper rutrum. Proin \r\nquis vulputate est. Duis vitae purus vel mauris rutrum bibendum eu sit \r\namet erat. Vestibulum accumsan dapibus mauris, faucibus vehicula ipsum \r\ntempor pharetra. Sed porta, purus sit amet sollicitudin vestibulum, leo \r\nneque fringilla mauris, quis semper odio ante non arcu. Suspendisse \r\nporttitor mollis nisi, eu imperdiet eros condimentum at. Nunc tempor \r\nsodales suscipit.\r\n</p>\r\n<p>\r\n<span style=\"font-weight: bold;\">Sed sed mollis nunc. Interdum et malesuada fames ac ante ipsum primis in\r\n faucibus. Proin luctus semper eros, quis egestas leo. Pellentesque \r\nrisus felis, vulputate eu massa et, rhoncus molestie dui. Vivamus \r\nmalesuada dui nec cursus lobortis. Donec augue tortor, accumsan id lacus\r\n quis, suscipit ullamcorper dolor. Nunc ullamcorper elit suscipit, \r\nmollis tortor in, pharetra purus. Sed dapibus dolor mauris, quis \r\nelementum arcu auctor id. Maecenas eget orci in lacus vestibulum \r\nvehicula. Pellentesque et felis eget diam hendrerit ultricies. Quisque \r\nsit amet tellus odio. Nulla pharetra turpis non turpis molestie, \r\nsuscipit tincidunt nisl lobortis. In eget porttitor libero. Proin non \r\nbibendum nisi, vitae volutpat nisl. Vivamus pretium scelerisque risus, \r\nnon tristique arcu cursus eu. Cras velit lacus, venenatis ut mi \r\nmalesuada, dapibus viverra nisi.\r\n</span></p>\r\n<p>\r\n<span style=\"font-style: italic;\">Aliquam dapibus lorem vitae leo euismod commodo. Cras porttitor leo \r\neleifend velit malesuada pretium. Praesent ac auctor purus. Mauris \r\nligula ligula, hendrerit at justo in, molestie viverra sapien. In \r\nplacerat sem risus, a convallis massa viverra nec. Vestibulum ante ipsum\r\n primis in faucibus orci luctus et ultrices posuere cubilia Curae; \r\nPraesent ac justo in orci aliquet lacinia ut vitae nibh. Quisque pretium\r\n quam nibh, imperdiet pulvinar ligula dictum id. In a auctor arcu. Fusce\r\n feugiat purus eget odio congue, mollis iaculis nulla tincidunt. Sed nec\r\n massa vulputate, pretium nisi malesuada, lacinia ligula.\r\n</span></p>\r\n<p>\r\nVestibulum eget tempor mauris. Praesent tincidunt enim eu massa \r\ntristique, pellentesque faucibus ipsum pharetra. Sed pulvinar convallis \r\ntortor eget placerat. Duis mattis tempus sollicitudin. Praesent eu porta\r\n libero, sed consectetur risus. Cum sociis natoque penatibus et magnis \r\ndis parturient montes, nascetur ridiculus mus. Duis vulputate, arcu nec \r\ntincidunt lacinia, mi velit malesuada sapien, a commodo lacus lacus sit \r\namet nisl. Donec rhoncus lectus sit amet sem dictum interdum. Vivamus \r\nlobortis tortor fringilla est gravida ultricies. Integer ut mauris quam.\r\n</p>','Lorem ipsum dolor sit amet, consectetur adipiscing elit. Suspendisse sollicitudin commodo cursus. Nunc varius accumsan ultrices. Quisque hendrerit mi id ullamcorper pretium. Lorem ipsum dolor sit amet, consectetur adipiscing elit.','Test news',NULL),(422,154,2,'Moj blog test','Test novost','<p>\r\nLorem ipsum dolor sit amet, consectetur adipiscing elit. Suspendisse \r\nsollicitudin commodo cursus. Nunc varius accumsan ultrices. Quisque \r\nhendrerit mi id ullamcorper pretium. Lorem ipsum dolor sit amet, \r\nconsectetur adipiscing elit. Nam ac metus vitae nibh aliquet adipiscing \r\nquis at nibh. Nullam lacinia magna sed enim ullamcorper rutrum. Proin \r\nquis vulputate est. Duis vitae purus vel mauris rutrum bibendum eu sit \r\namet erat. Vestibulum accumsan dapibus mauris, faucibus vehicula ipsum \r\ntempor pharetra. Sed porta, purus sit amet sollicitudin vestibulum, leo \r\nneque fringilla mauris, quis semper odio ante non arcu. Suspendisse \r\nporttitor mollis nisi, eu imperdiet eros condimentum at. Nunc tempor \r\nsodales suscipit.\r\n</p>\r\n<p>\r\n<span style=\"font-weight: bold;\">Sed sed mollis nunc. Interdum et malesuada fames ac ante ipsum primis in\r\n faucibus. Proin luctus semper eros, quis egestas leo. Pellentesque \r\nrisus felis, vulputate eu massa et, rhoncus molestie dui. Vivamus \r\nmalesuada dui nec cursus lobortis. Donec augue tortor, accumsan id lacus\r\n quis, suscipit ullamcorper dolor. Nunc ullamcorper elit suscipit, \r\nmollis tortor in, pharetra purus. Sed dapibus dolor mauris, quis \r\nelementum arcu auctor id. Maecenas eget orci in lacus vestibulum \r\nvehicula. Pellentesque et felis eget diam hendrerit ultricies. Quisque \r\nsit amet tellus odio. Nulla pharetra turpis non turpis molestie, \r\nsuscipit tincidunt nisl lobortis. In eget porttitor libero. Proin non \r\nbibendum nisi, vitae volutpat nisl. Vivamus pretium scelerisque risus, \r\nnon tristique arcu cursus eu. Cras velit lacus, venenatis ut mi \r\nmalesuada, dapibus viverra nisi.\r\n</span></p>\r\n<p>\r\n<span style=\"font-style: italic;\">Aliquam dapibus lorem vitae leo euismod commodo. Cras porttitor leo \r\neleifend velit malesuada pretium. Praesent ac auctor purus. Mauris \r\nligula ligula, hendrerit at justo in, molestie viverra sapien. In \r\nplacerat sem risus, a convallis massa viverra nec. Vestibulum ante ipsum\r\n primis in faucibus orci luctus et ultrices posuere cubilia Curae; \r\nPraesent ac justo in orci aliquet lacinia ut vitae nibh. Quisque pretium\r\n quam nibh, imperdiet pulvinar ligula dictum id. In a auctor arcu. Fusce\r\n feugiat purus eget odio congue, mollis iaculis nulla tincidunt. Sed nec\r\n massa vulputate, pretium nisi malesuada, lacinia ligula.\r\n</span></p>\r\n<p>\r\nVestibulum eget tempor mauris. Praesent tincidunt enim eu massa \r\ntristique, pellentesque faucibus ipsum pharetra. Sed pulvinar convallis \r\ntortor eget placerat. Duis mattis tempus sollicitudin. Praesent eu porta\r\n libero, sed consectetur risus. Cum sociis natoque penatibus et magnis \r\ndis parturient montes, nascetur ridiculus mus. Duis vulputate, arcu nec \r\ntincidunt lacinia, mi velit malesuada sapien, a commodo lacus lacus sit \r\namet nisl. Donec rhoncus lectus sit amet sem dictum interdum. Vivamus \r\nlobortis tortor fringilla est gravida ultricies. Integer ut mauris quam.\r\n</p>','Lorem ipsum dolor sit amet, consectetur adipiscing elit. Suspendisse sollicitudin commodo cursus. Nunc varius accumsan ultrices. Quisque hendrerit mi id ullamcorper pretium. Lorem ipsum dolor sit amet, consectetur adipiscing elit.','Test novost',NULL),(459,147,1,'Featured','Featured','Featured properties example','Featured properties example','Featured','featured'),(460,147,2,'Izdvojene','Izdvojene','Izdvojene nekretnine','Izdvojene nekretnine','Izdvojene','izdvojene'),(463,142,1,'Test page','Blog page','<span style=\"font-weight: bold;\">Nam eget est facilisis, porta mi \r\nac, ultricies enim. Proin nisi diam, eleifend ac eleifend in, dapibus in\r\n orci. Vestibulum elementum lectus non nisl venenatis, tempus molestie \r\nnisi tempus. Pellentesque facilisis nibh nec purus blandit, id aliquam \r\nlorem fermentum.\r\n</span>','Nam eget est facilisis, porta mi ac, ultricies enim. Proin nisi diam, eleifend ac eleifend in, dapibus in orci. Vestibulum elementum lectus non nisl venenatis, tempus molestie nisi tempus. Pellentesque facilisis nibh nec purus blandit, id aliquam lorem fermentum.','test','test-page'),(464,142,2,'Test stranica','Blog stranica','<span style=\"font-weight: bold;\">Nam eget est facilisis, porta mi \r\nac, ultricies enim. Proin nisi diam, eleifend ac eleifend in, dapibus in\r\n orci. Vestibulum elementum lectus non nisl venenatis, tempus molestie \r\nnisi tempus. Pellentesque facilisis nibh nec purus blandit, id aliquam \r\nlorem fermentum.\r\n</span>','Nam eget est facilisis, porta mi ac, ultricies enim. Proin nisi diam, eleifend ac eleifend in, dapibus in orci. Vestibulum elementum lectus non nisl venenatis, tempus molestie nisi tempus. Pellentesque facilisis nibh nec purus blandit, id aliquam lorem fermentum.','test','test-stranica'),(475,2,1,'Sale','Sale','','','','sale'),(476,2,2,'Prodaja','Prodaja','','','','prodaja'),(477,144,1,'Sale and Rent','Sale and Rent','<br>','Sale and Rent','Sale and Rent','sale-and-rent'),(478,144,2,'Prodaja i najam','Prodaja i najam','<br>','Prodaja i najam','Prodaja i najam','prodaja-i-najam'),(503,173,1,'Treefield sitemap','Treefield sitemap','<h3>Neighborhood Sitemap</h3>','Sitemap','Sitemap','sitemap'),(504,173,2,'Treefield sitemap','Treefield sitemap','<h3>Neighborhood Sitemap</h3>','Sitemap','Sitemap','sitemap1'),(571,3,1,'Rent','Rent','','','','0'),(572,3,2,'Najam','Najam','','','najam,apartman','0'),(613,146,1,'Google link','Google link','http://www.google.com','This is just a link example, so you need enter your link to keywords with \'http\'','http://www.google.com','0'),(614,146,2,'Google link','Google link','http://www.google.com','This is just a link example, so you need enter your link to keywords with \'http\'','http://www.google.com','0'),(629,4,1,'Contact','Contact','<span style=\"font-weight: bold;\">Real estate point</span><br><span style=\"font-style: italic;\"><span style=\"font-weight: bold;\"><span><span>Real Estate Agency</span></span></span></span><br>Ilica 345<br>HR-10000 Zagreb<br><br><span style=\"font-weight: bold;\"><span>Tel:</span></span> +385 (0)1 123 321<br><span style=\"font-weight: bold;\"><span>Fax:</span></span> +385 (0)1 123 322<br><span style=\"font-weight: bold;\"><span>Mail:</span></span> info@info.info<br>','Short description','Contact','0'),(630,4,2,'Kontakt','Kontakt','<span style=\"font-weight: bold;\">Real estate point</span><br><span style=\"font-style: italic;\"><span style=\"font-weight: bold;\"><span><span>Real Estate Agency</span></span></span></span><br>Ilica 345<br>HR-10000 Zagreb<br><br><span style=\"font-weight: bold;\"><span bold;\"=\"\">Tel:</span></span> +385 (0)1 123 321<br><span style=\"font-weight: bold;\"><span bold;\"=\"\">Fax:</span></span> +385 (0)1 123 322<br><span style=\"font-weight: bold;\"><span bold;\"=\"\">Mail:</span></span> info@info.info','Kratki opis','Kontakt','0'),(639,5,1,'About us','About us','<p>\r\nLorem ipsum dolor sit amet, consectetur adipiscing elit. Suspendisse \r\nsollicitudin commodo cursus. Nunc varius accumsan ultrices. Quisque \r\nhendrerit mi id ullamcorper pretium. Lorem ipsum dolor sit amet, \r\nconsectetur adipiscing elit. Nam ac metus vitae nibh aliquet adipiscing \r\nquis at nibh. Nullam lacinia magna sed enim ullamcorper rutrum. Proin \r\nquis vulputate est. Duis vitae purus vel mauris rutrum bibendum eu sit \r\namet erat. Vestibulum accumsan dapibus mauris, faucibus vehicula ipsum \r\ntempor pharetra. Sed porta, purus sit amet sollicitudin vestibulum, leo \r\nneque fringilla mauris, quis semper odio ante non arcu. Suspendisse \r\nporttitor mollis nisi, eu imperdiet eros condimentum at. Nunc tempor \r\nsodales suscipit.\r\n</p>\r\n<p>\r\n<span style=\"font-weight: bold;\">Sed sed mollis nunc. Interdum et malesuada fames ac ante ipsum primis in\r\n faucibus. Proin luctus semper eros, quis egestas leo. Pellentesque \r\nrisus felis, vulputate eu massa et, rhoncus molestie dui. Vivamus \r\nmalesuada dui nec cursus lobortis. Donec augue tortor, accumsan id lacus\r\n quis, suscipit ullamcorper dolor. Nunc ullamcorper elit suscipit, \r\nmollis tortor in, pharetra purus. Sed dapibus dolor mauris, quis \r\nelementum arcu auctor id. Maecenas eget orci in lacus vestibulum \r\nvehicula. Pellentesque et felis eget diam hendrerit ultricies. Quisque \r\nsit amet tellus odio. Nulla pharetra turpis non turpis molestie, \r\nsuscipit tincidunt nisl lobortis. In eget porttitor libero. Proin non \r\nbibendum nisi, vitae volutpat nisl. Vivamus pretium scelerisque risus, \r\nnon tristique arcu cursus eu. Cras velit lacus, venenatis ut mi \r\nmalesuada, dapibus viverra nisi.\r\n</span></p>\r\n<p>\r\n<span style=\"font-style: italic;\">Aliquam dapibus lorem vitae leo euismod commodo. Cras porttitor leo \r\neleifend velit malesuada pretium. Praesent ac auctor purus. Mauris \r\nligula ligula, hendrerit at justo in, molestie viverra sapien. In \r\nplacerat sem risus, a convallis massa viverra nec. Vestibulum ante ipsum\r\n primis in faucibus orci luctus et ultrices posuere cubilia Curae; \r\nPraesent ac justo in orci aliquet lacinia ut vitae nibh. Quisque pretium\r\n quam nibh, imperdiet pulvinar ligula dictum id. In a auctor arcu. Fusce\r\n feugiat purus eget odio congue, mollis iaculis nulla tincidunt. Sed nec\r\n massa vulputate, pretium nisi malesuada, lacinia ligula.\r\n</span></p>\r\n<p>\r\nVestibulum eget tempor mauris. Praesent tincidunt enim eu massa \r\ntristique, pellentesque faucibus ipsum pharetra. Sed pulvinar convallis \r\ntortor eget placerat. Duis mattis tempus sollicitudin. Praesent eu porta\r\n libero, sed consectetur risus. Cum sociis natoque penatibus et magnis \r\ndis parturient montes, nascetur ridiculus mus. Duis vulputate, arcu nec \r\ntincidunt lacinia, mi velit malesuada sapien, a commodo lacus lacus sit \r\namet nisl. Donec rhoncus lectus sit amet sem dictum interdum. Vivamus \r\nlobortis tortor fringilla est gravida ultricies. Integer ut mauris quam.\r\n</p><p><br></p><p>Test</p>','Lorem ipsum dolor sit amet, consectetur adipiscing elit. Suspendisse sollicitudin commodo cursus. Nunc varius accumsan ultrices.','About us','0'),(640,5,2,'O nama','O nama','<p>\r\nLorem ipsum dolor sit amet, consectetur adipiscing elit. Suspendisse \r\nsollicitudin commodo cursus. Nunc varius accumsan ultrices. Quisque \r\nhendrerit mi id ullamcorper pretium. Lorem ipsum dolor sit amet, \r\nconsectetur adipiscing elit. Nam ac metus vitae nibh aliquet adipiscing \r\nquis at nibh. Nullam lacinia magna sed enim ullamcorper rutrum. Proin \r\nquis vulputate est. Duis vitae purus vel mauris rutrum bibendum eu sit \r\namet erat. Vestibulum accumsan dapibus mauris, faucibus vehicula ipsum \r\ntempor pharetra. Sed porta, purus sit amet sollicitudin vestibulum, leo \r\nneque fringilla mauris, quis semper odio ante non arcu. Suspendisse \r\nporttitor mollis nisi, eu imperdiet eros condimentum at. Nunc tempor \r\nsodales suscipit.\r\n</p>\r\n<p>\r\n<span style=\"font-weight: bold;\">Sed sed mollis nunc. Interdum et malesuada fames ac ante ipsum primis in\r\n faucibus. Proin luctus semper eros, quis egestas leo. Pellentesque \r\nrisus felis, vulputate eu massa et, rhoncus molestie dui. Vivamus \r\nmalesuada dui nec cursus lobortis. Donec augue tortor, accumsan id lacus\r\n quis, suscipit ullamcorper dolor. Nunc ullamcorper elit suscipit, \r\nmollis tortor in, pharetra purus. Sed dapibus dolor mauris, quis \r\nelementum arcu auctor id. Maecenas eget orci in lacus vestibulum \r\nvehicula. Pellentesque et felis eget diam hendrerit ultricies. Quisque \r\nsit amet tellus odio. Nulla pharetra turpis non turpis molestie, \r\nsuscipit tincidunt nisl lobortis. In eget porttitor libero. Proin non \r\nbibendum nisi, vitae volutpat nisl. Vivamus pretium scelerisque risus, \r\nnon tristique arcu cursus eu. Cras velit lacus, venenatis ut mi \r\nmalesuada, dapibus viverra nisi.\r\n</span></p>\r\n<p>\r\n<span style=\"font-style: italic;\">Aliquam dapibus lorem vitae leo euismod commodo. Cras porttitor leo \r\neleifend velit malesuada pretium. Praesent ac auctor purus. Mauris \r\nligula ligula, hendrerit at justo in, molestie viverra sapien. In \r\nplacerat sem risus, a convallis massa viverra nec. Vestibulum ante ipsum\r\n primis in faucibus orci luctus et ultrices posuere cubilia Curae; \r\nPraesent ac justo in orci aliquet lacinia ut vitae nibh. Quisque pretium\r\n quam nibh, imperdiet pulvinar ligula dictum id. In a auctor arcu. Fusce\r\n feugiat purus eget odio congue, mollis iaculis nulla tincidunt. Sed nec\r\n massa vulputate, pretium nisi malesuada, lacinia ligula.\r\n</span></p>\r\n<p>\r\nVestibulum eget tempor mauris. Praesent tincidunt enim eu massa \r\ntristique, pellentesque faucibus ipsum pharetra. Sed pulvinar convallis \r\ntortor eget placerat. Duis mattis tempus sollicitudin. Praesent eu porta\r\n libero, sed consectetur risus. Cum sociis natoque penatibus et magnis \r\ndis parturient montes, nascetur ridiculus mus. Duis vulputate, arcu nec \r\ntincidunt lacinia, mi velit malesuada sapien, a commodo lacus lacus sit \r\namet nisl. Donec rhoncus lectus sit amet sem dictum interdum. Vivamus \r\nlobortis tortor fringilla est gravida ultricies. Integer ut mauris quam.\r\n</p>','Lorem ipsum dolor sit amet, consectetur adipiscing elit. Suspendisse sollicitudin commodo cursus. Nunc varius accumsan ultrices.','O nama','0'),(737,169,1,'Agents','Agents','<p>Agents listing with search and pagination support example...<br>\r\n</p>','Lorem ipsum dolor sit amet, consectetur adipiscing elit. Suspendisse sollicitudin commodo cursus. Nunc varius accumsan ultrices. Quisque hendrerit mi id ullamcorper pretium. Lorem ipsum dolor sit amet, consectetur adipiscing elit. Nam ac metus vitae nibh aliquet adipiscing quis at nibh. Nullam lacinia magna sed enim ullamcorper rutrum. Proin quis vulputate est. Duis vitae purus vel mauris rutrum bibendum eu sit amet erat. Vestibulum accumsan dapibus mauris, faucibus vehicula ipsum tempor pharetra. Sed porta, purus sit amet sollicitudin vestibulum, leo neque fringilla mauris, quis semper odio ante non arcu. Suspendisse porttitor mollis nisi, eu imperdiet eros condimentum at. Nunc tempor sodales suscipit.\r\n\r\nSed sed mollis nunc. Interdum et malesuada fames ac ante ipsum primis in faucibus. Proin luctus semper eros, quis egestas leo. Pellentesque risus felis, vulputate eu massa et, rhoncus molestie dui. Vivamus malesuada dui nec cursus lobortis. Donec augue tortor, accumsan id lacus quis, suscipit ullamcorper dolor. Nunc ullamcorper elit suscipit, mollis tortor in, pharetra purus. Sed dapibus dolor mauris, quis elementum arcu auctor id. Maecenas eget orci in lacus vestibulum vehicula. Pellentesque et felis eget diam hendrerit ultricies. Quisque sit amet tellus odio. Nulla pharetra turpis non turpis molestie, suscipit tincidunt nisl lobortis. In eget porttitor libero. Proin non bibendum nisi, vitae volutpat nisl. Vivamus pretium scelerisque risus, non tristique arcu cursus eu. Cras velit lacus, venenatis ut mi malesuada, dapibus viverra nisi.','',NULL),(738,169,2,'Agenti','Agenti','<p>\r\nLorem ipsum dolor sit amet, consectetur adipiscing elit. Suspendisse \r\nsollicitudin commodo cursus. Nunc varius accumsan ultrices. Quisque \r\nhendrerit mi id ullamcorper pretium. Lorem ipsum dolor sit amet, \r\nconsectetur adipiscing elit. Nam ac metus vitae nibh aliquet adipiscing \r\nquis at nibh. Nullam lacinia magna sed enim ullamcorper rutrum. Proin \r\nquis vulputate est. Duis vitae purus vel mauris rutrum bibendum eu sit \r\namet erat. Vestibulum accumsan dapibus mauris, faucibus vehicula ipsum \r\ntempor pharetra. Sed porta, purus sit amet sollicitudin vestibulum, leo \r\nneque fringilla mauris, quis semper odio ante non arcu. Suspendisse \r\nporttitor mollis nisi, eu imperdiet eros condimentum at. Nunc tempor \r\nsodales suscipit.\r\n</p>\r\n<p>\r\n<span style=\"font-weight: bold;\">Sed sed mollis nunc. Interdum et malesuada fames ac ante ipsum primis in\r\n faucibus. Proin luctus semper eros, quis egestas leo. Pellentesque \r\nrisus felis, vulputate eu massa et, rhoncus molestie dui. Vivamus \r\nmalesuada dui nec cursus lobortis. Donec augue tortor, accumsan id lacus\r\n quis, suscipit ullamcorper dolor. Nunc ullamcorper elit suscipit, \r\nmollis tortor in, pharetra purus. Sed dapibus dolor mauris, quis \r\nelementum arcu auctor id. Maecenas eget orci in lacus vestibulum \r\nvehicula. Pellentesque et felis eget diam hendrerit ultricies. Quisque \r\nsit amet tellus odio. Nulla pharetra turpis non turpis molestie, \r\nsuscipit tincidunt nisl lobortis. In eget porttitor libero. Proin non \r\nbibendum nisi, vitae volutpat nisl. Vivamus pretium scelerisque risus, \r\nnon tristique arcu cursus eu. Cras velit lacus, venenatis ut mi \r\nmalesuada, dapibus viverra nisi.\r\n</span></p>','Lorem ipsum dolor sit amet, consectetur adipiscing elit. Suspendisse sollicitudin commodo cursus. Nunc varius accumsan ultrices. Quisque hendrerit mi id ullamcorper pretium. Lorem ipsum dolor sit amet, consectetur adipiscing elit. Nam ac metus vitae nibh aliquet adipiscing quis at nibh. Nullam lacinia magna sed enim ullamcorper rutrum. Proin quis vulputate est. Duis vitae purus vel mauris rutrum bibendum eu sit amet erat. Vestibulum accumsan dapibus mauris, faucibus vehicula ipsum tempor pharetra. Sed porta, purus sit amet sollicitudin vestibulum, leo neque fringilla mauris, quis semper odio ante non arcu. Suspendisse porttitor mollis nisi, eu imperdiet eros condimentum at. Nunc tempor sodales suscipit.\r\n\r\nSed sed mollis nunc. Interdum et malesuada fames ac ante ipsum primis in faucibus. Proin luctus semper eros, quis egestas leo. Pellentesque risus felis, vulputate eu massa et, rhoncus molestie dui. Vivamus malesuada dui nec cursus lobortis. Donec augue tortor, accumsan id lacus quis, suscipit ullamcorper dolor. Nunc ullamcorper elit suscipit, mollis tortor in, pharetra purus. Sed dapibus dolor mauris, quis elementum arcu auctor id. Maecenas eget orci in lacus vestibulum vehicula. Pellentesque et felis eget diam hendrerit ultricies. Quisque sit amet tellus odio. Nulla pharetra turpis non turpis molestie, suscipit tincidunt nisl lobortis. In eget porttitor libero. Proin non bibendum nisi, vitae volutpat nisl. Vivamus pretium scelerisque risus, non tristique arcu cursus eu. Cras velit lacus, venenatis ut mi malesuada, dapibus viverra nisi.','',NULL),(793,1,1,'Homepage','Homepage','<div class=\"row\">\r\n    <div class=\"span1\"><img src=\"assets/img/multilangual.png\"></div>\r\n    <div class=\"span3\">\r\n<h4>Native Multilangual</h4>\r\nNatively multilingual, no need to install any addon.\r\nEvery element can be translated and you can add as many languages as you want.\r\n</div>\r\n    <div class=\"span1\"><img src=\"assets/img/easy_customize.png\"></div>\r\n    <div class=\"span3\">\r\n<h4>Easy to customize</h4>\r\nApplication is based on CodeIgniter PHP framework, if you know CodeIgniter you can easily customize the system.\r\n</div>\r\n    <div class=\"span1\"><img src=\"assets/img/bootstrap.png\"></div>\r\n    <div class=\"span3\">\r\n<h4>Bootstrap ready</h4>\r\nBackend and Frontend based on Bootstrap and are easy to customize.\r\n</div>\r\n</div>\r\n<div class=\"row\">\r\n    <div class=\"span1\"><img src=\"assets/img/drag-drop.png\"></div>\r\n    <div class=\"span3\">\r\n<h4>User friendly</h4>\r\nWebsite structure is logical.\r\nManaging elements such as pages, estates or images is easily done by drag\'n\'drop!\r\n</div>\r\n    <div class=\"span1\"><img src=\"assets/img/template.png\"></div>\r\n    <div class=\"span3\">\r\n<h4>Template System</h4>\r\nEasy to use CodeIgniter Template Parser Class or alternative PHP syntax available.\r\n</div>\r\n    <div class=\"span1\"><img src=\"assets/img/robust.png\"></div>\r\n    <div class=\"span3\">\r\n<h4>Robust</h4>\r\nBuild as easy to use and robust Metro style Admin user interface\r\n</div>\r\n</div>\r\n<p> </p><br>\r\n<p> </p>','','',NULL),(794,1,2,'Doma','Doma','<div class=\"row\">\r\n    <div class=\"span1\"><img src=\"assets/img/multilangual.png\"></div>\r\n    <div class=\"span3\">\r\n<h4>Prirodna viÅ¡ejeziÄnost</h4>\r\nPrirodno podrÅ¾ana viÅ¡ejeziÄnost, bez potrebe za dodacima.\r\nSvaki element moÅ¾e biti preveden i moguÄ‡e je dodavati jezike po Å¾elji.\r\n</div>\r\n    <div class=\"span1\"><img src=\"assets/img/easy_customize.png\"></div>\r\n    <div class=\"span3\">\r\n<h4>Prilagodljiv</h4>\r\nAplikacija bazirana na CodeIgniter PHP frameworku, ako ste upoznati s  CodeIgniterom lako Ä‡ete modificirati sustav.\r\n</div>\r\n    <div class=\"span1\"><img src=\"assets/img/bootstrap.png\"></div>\r\n    <div class=\"span3\">\r\n<h4>Bootstrap ugraÄ‘en</h4>\r\nAdministracija i klijentska stranica bazirana na Boostrtapu i jednostavna za prilagodbu.\r\n</div>\r\n</div>\r\n<div class=\"row\">\r\n    <div class=\"span1\"><img src=\"assets/img/drag-drop.png\"></div>\r\n    <div class=\"span3\">\r\n<h4>Jednostavan<br></h4>\r\nStruktura webstranice jasna.\r\nUpravljanje elementima poput stranica, nekretninama ili slikama jednostavna pomoÄ‡u drag\'n\'drop!\r\n</div>\r\n    <div class=\"span1\"><img src=\"assets/img/template.png\"></div>\r\n    <div class=\"span3\">\r\n<h4>Sustav predloÅ¾aka</h4>\r\nJednostavan CodeIgniter Template Parser Class ili alternativna PHP syntax-a podrÅ¾ana.\r\n</div>\r\n    <div class=\"span1\"><img src=\"assets/img/robust.png\"></div>\r\n    <div class=\"span3\">\r\n<h4>Robustan</h4>\r\nRazvijen da buje jednostavan i izgledom robustan, ugraÄ‘eno Metro style Admin suÄelje\r\n</div>\r\n</div>\r\n<p> </p><br>\r\n<p> </p>','','',NULL),(797,6,1,'Slider and Search','Slider and Search','<div class=\"row\">\r\n    <div class=\"span1\"><img src=\"assets/img/multilangual.png\"></div>\r\n    <div class=\"span3\">\r\n<h4>Native Multilangual</h4>\r\nNatively multilingual, no need to install any addon.\r\nEvery element can be translated and you can add as many languages as you want.\r\n</div>\r\n    <div class=\"span1\"><img src=\"assets/img/easy_customize.png\"></div>\r\n    <div class=\"span3\">\r\n<h4>Easy to customize</h4>\r\nApplication is based on CodeIgniter PHP framework, if you know CodeIgniter you can easily customize the system.\r\n</div>\r\n    <div class=\"span1\"><img src=\"assets/img/bootstrap.png\"></div>\r\n    <div class=\"span3\">\r\n<h4>Bootstrap ready</h4>\r\nBackend and Frontend based on Bootstrap and are easy to customize.\r\n</div>\r\n</div>\r\n<div class=\"row\">\r\n    <div class=\"span1\"><img src=\"assets/img/drag-drop.png\"></div>\r\n    <div class=\"span3\">\r\n<h4>User friendly</h4>\r\nWebsite structure is logical.\r\nManaging elements such as pages, estates or images is easily done by drag\'n\'drop!\r\n</div>\r\n    <div class=\"span1\"><img src=\"assets/img/template.png\"></div>\r\n    <div class=\"span3\">\r\n<h4>Template System</h4>\r\nEasy to use CodeIgniter Template Parser Class or alternative PHP syntax available.\r\n</div>\r\n    <div class=\"span1\"><img src=\"assets/img/robust.png\"></div>\r\n    <div class=\"span3\">\r\n<h4>Robust</h4>\r\nBuild as easy to use and robust Metro style Admin user interface\r\n</div>\r\n</div>\r\n<p> </p><br>\r\n<p> </p>','','Slider and Search',NULL),(798,6,2,'Slider i Pretraga','Slider i Pretraga','<div class=\"row\">\r\n    <div class=\"span1\"><img src=\"assets/img/multilangual.png\"></div>\r\n    <div class=\"span3\">\r\n<h4>Prirodna viÅ¡ejeziÄnost</h4>\r\nPrirodno podrÅ¾ana viÅ¡ejeziÄnost, bez potrebe za dodacima.\r\nSvaki element moÅ¾e biti preveden i moguÄ‡e je dodavati jezike po Å¾elji.\r\n</div>\r\n    <div class=\"span1\"><img src=\"assets/img/easy_customize.png\"></div>\r\n    <div class=\"span3\">\r\n<h4>Prilagodljiv</h4>\r\nAplikacija bazirana na CodeIgniter PHP frameworku, ako ste upoznati s  CodeIgniterom lako Ä‡ete modificirati sustav.\r\n</div>\r\n    <div class=\"span1\"><img src=\"assets/img/bootstrap.png\"></div>\r\n    <div class=\"span3\">\r\n<h4>Bootstrap ugraÄ‘en</h4>\r\nAdministracija i klijentska stranica bazirana na Boostrtapu i jednostavna za prilagodbu.\r\n</div>\r\n</div>\r\n<div class=\"row\">\r\n    <div class=\"span1\"><img src=\"assets/img/drag-drop.png\"></div>\r\n    <div class=\"span3\">\r\n<h4>Jednostavan<br></h4>\r\nStruktura webstranice jasna.\r\nUpravljanje elementima poput stranica, nekretninama ili slikama jednostavna pomoÄ‡u drag\'n\'drop!\r\n</div>\r\n    <div class=\"span1\"><img src=\"assets/img/template.png\"></div>\r\n    <div class=\"span3\">\r\n<h4>Sustav predloÅ¾aka</h4>\r\nJednostavan CodeIgniter Template Parser Class ili alternativna PHP syntax-a podrÅ¾ana.\r\n</div>\r\n    <div class=\"span1\"><img src=\"assets/img/robust.png\"></div>\r\n    <div class=\"span3\">\r\n<h4>Robustan</h4>\r\nRazvijen da buje jednostavan i izgledom robustan, ugraÄ‘eno Metro style Admin suÄelje\r\n</div>\r\n</div>\r\n<p> </p><br>\r\n<p> </p>','','Slider i Pretraga',NULL),(801,174,1,'Map by Side','Map by Side','Map by Side','Map by Side','Map by Side',NULL),(802,174,2,'Mapa sa Strane','Mapa sa Strane','Mapa sa Strane','Mapa sa Strane','Mapa sa Strane',NULL),(821,175,1,'Geo SVG Map','Geo SVG Map','Geo SVG Map','Geo SVG Map','Geo SVG Map',NULL),(822,175,2,'Geo SVG Karta','Geo SVG Karta','Geo SVG Karta','Geo SVG Karta','Geo SVG Karta',NULL),(823,176,1,'Fullscreen','Fullscreen','Fullscreen','Fullscreen','Fullscreen',NULL),(824,176,2,'Puni zaslon','Puni zaslon','Puni zaslon','Puni zaslon','Puni zaslon',NULL),(827,177,1,'Demo maps','Demo maps','Demo maps','Demo maps','Demo maps',NULL),(828,177,2,'Primjeri karti','Primjeri karti','Primjeri karti','Primjeri karti','Primjeri karti',NULL),(835,178,1,'Map on top','Map on top','','Map on top','Map on top',''),(836,178,2,'Karta na vrhu','Karta na vrhu','Karta na vrhu','Karta na vrhu','Karta na vrhu','');

--
-- Table structure for table `payments`
--

DROP TABLE IF EXISTS `payments`;
/*!40101 SET @saved_cs_client     = @@character_set_client */;
/*!40101 SET character_set_client = utf8 */;
CREATE TABLE `payments` (
  `id` int(11) NOT NULL AUTO_INCREMENT,
  `date_paid` datetime DEFAULT NULL,
  `invoice_num` varchar(45) COLLATE utf8_unicode_ci DEFAULT NULL,
  `data_post` text COLLATE utf8_unicode_ci,
  `payer_id` varchar(100) COLLATE utf8_unicode_ci DEFAULT NULL,
  `txn_id` varchar(100) COLLATE utf8_unicode_ci DEFAULT NULL,
  `paid` varchar(45) COLLATE utf8_unicode_ci DEFAULT NULL,
  `currency_code` varchar(45) COLLATE utf8_unicode_ci DEFAULT NULL,
  `payer_email` varchar(100) COLLATE utf8_unicode_ci DEFAULT NULL,
  `listing_id` int(11) DEFAULT NULL,
  `payment_gateway` varchar(45) COLLATE utf8_unicode_ci DEFAULT NULL,
  `user_id` int(11) DEFAULT NULL,
  `package_id` int(11) DEFAULT NULL,
  `reservation_id` int(11) DEFAULT NULL,
  `saller_id` int(11) DEFAULT NULL,
  `property_id` int(11) DEFAULT NULL,
  PRIMARY KEY (`id`)
) ENGINE=InnoDB AUTO_INCREMENT=10 DEFAULT CHARSET=utf8 COLLATE=utf8_unicode_ci;
/*!40101 SET character_set_client = @saved_cs_client */;

--
-- Dumping data for table `payments`
--

INSERT INTO `payments` VALUES (1,'2014-06-03 21:30:22','','',NULL,NULL,NULL,NULL,NULL,NULL,NULL,NULL,NULL,NULL,NULL,NULL),(2,'2014-06-03 21:56:45','','Array\n(\n    [mc_gross] => 2.99\n    [invoice] => 12373469\n    [protection_eligibility] => Eligible\n    [address_status] => confirmed\n    [item_number1] => \n    [payer_id] => ER2LXCHKVY38Q\n    [tax] => 0.00\n    [address_street] => 1 Main St\n    [payment_date] => 12:56:41 Jun 03, 2014 PDT\n    [payment_status] => Completed\n    [charset] => windows-1252\n    [address_zip] => 95131\n    [mc_shipping] => 0.00\n    [mc_handling] => 0.00\n    [first_name] => Info\n    [mc_fee] => 0.39\n    [address_country_code] => US\n    [address_name] => Info Winter\n    [notify_version] => 3.8\n    [custom] => \n    [payer_status] => verified\n    [business] => sandi@iwinter.com.hr\n    [address_country] => United States\n    [num_cart_items] => 1\n    [mc_handling1] => 0.00\n    [address_city] => San Jose\n    [verify_sign] => AI36sk2Aln3iC.t.mla1wMizPRcQA8RKkhVgDKLdhbV.2hZelzrKnqbO\n    [payer_email] => info@iwinter.com.hr\n    [mc_shipping1] => 0.00\n    [tax1] => 0.00\n    [txn_id] => 5NJ254081K680701C\n    [payment_type] => instant\n    [last_name] => Winter\n    [address_state] => CA\n    [item_name1] => T-shirt\n    [receiver_email] => sandi@iwinter.com.hr\n    [payment_fee] => 0.39\n    [quantity1] => 1\n    [receiver_id] => S63XQYGHM4X8N\n    [txn_type] => cart\n    [mc_gross_1] => 2.99\n    [mc_currency] => USD\n    [residence_country] => US\n    [test_ipn] => 1\n    [transaction_subject] => \n    [payment_gross] => 2.99\n    [ipn_track_id] => 9d77baf4e8f10\n)\n',NULL,NULL,NULL,NULL,NULL,NULL,NULL,NULL,NULL,NULL,NULL,NULL),(3,'2014-06-03 22:39:44','7','a:47:{s:8:\"mc_gross\";s:5:\"20.00\";s:7:\"invoice\";s:1:\"7\";s:22:\"protection_eligibility\";s:8:\"Eligible\";s:14:\"address_status\";s:9:\"confirmed\";s:12:\"item_number1\";s:0:\"\";s:8:\"payer_id\";s:13:\"ER2LXCHKVY38Q\";s:3:\"tax\";s:4:\"0.00\";s:14:\"address_street\";s:9:\"1 Main St\";s:12:\"payment_date\";s:25:\"13:34:39 Jun 03, 2014 PDT\";s:14:\"payment_status\";s:9:\"Completed\";s:7:\"charset\";s:12:\"windows-1252\";s:11:\"address_zip\";s:5:\"95131\";s:11:\"mc_shipping\";s:4:\"0.00\";s:11:\"mc_handling\";s:4:\"0.00\";s:10:\"first_name\";s:4:\"Info\";s:6:\"mc_fee\";s:4:\"0.88\";s:20:\"address_country_code\";s:2:\"US\";s:12:\"address_name\";s:11:\"Info Winter\";s:14:\"notify_version\";s:3:\"3.8\";s:6:\"custom\";s:0:\"\";s:12:\"payer_status\";s:8:\"verified\";s:8:\"business\";s:20:\"sandi@iwinter.com.hr\";s:15:\"address_country\";s:13:\"United States\";s:14:\"num_cart_items\";s:1:\"1\";s:12:\"mc_handling1\";s:4:\"0.00\";s:12:\"address_city\";s:8:\"San Jose\";s:11:\"verify_sign\";s:56:\"A9LC3Qajo-H2V8mPq4eIktgPvG2RAQNl0qNtJ0agOtDs9xL3UMse9O06\";s:11:\"payer_email\";s:19:\"info@iwinter.com.hr\";s:12:\"mc_shipping1\";s:4:\"0.00\";s:4:\"tax1\";s:4:\"0.00\";s:6:\"txn_id\";s:17:\"38791587ML480703S\";s:12:\"payment_type\";s:7:\"instant\";s:9:\"last_name\";s:6:\"Winter\";s:13:\"address_state\";s:2:\"CA\";s:10:\"item_name1\";s:14:\"Reservation #7\";s:14:\"receiver_email\";s:20:\"sandi@iwinter.com.hr\";s:11:\"payment_fee\";s:4:\"0.88\";s:9:\"quantity1\";s:1:\"1\";s:11:\"receiver_id\";s:13:\"S63XQYGHM4X8N\";s:8:\"txn_type\";s:4:\"cart\";s:10:\"mc_gross_1\";s:5:\"20.00\";s:11:\"mc_currency\";s:3:\"USD\";s:17:\"residence_country\";s:2:\"US\";s:8:\"test_ipn\";s:1:\"1\";s:19:\"transaction_subject\";s:0:\"\";s:13:\"payment_gross\";s:5:\"20.00\";s:12:\"ipn_track_id\";s:13:\"631f1117659b2\";}','ER2LXCHKVY38Q','38791587ML480703S','20.00','USD','info@iwinter.com.hr',NULL,NULL,NULL,NULL,NULL,NULL,NULL),(4,'2014-06-03 22:42:41','7_RES_20.00','a:47:{s:8:\"mc_gross\";s:5:\"20.00\";s:7:\"invoice\";s:7:\"7_20.00\";s:22:\"protection_eligibility\";s:8:\"Eligible\";s:14:\"address_status\";s:9:\"confirmed\";s:12:\"item_number1\";s:0:\"\";s:8:\"payer_id\";s:13:\"ER2LXCHKVY38Q\";s:3:\"tax\";s:4:\"0.00\";s:14:\"address_street\";s:9:\"1 Main St\";s:12:\"payment_date\";s:25:\"13:42:39 Jun 03, 2014 PDT\";s:14:\"payment_status\";s:9:\"Completed\";s:7:\"charset\";s:12:\"windows-1252\";s:11:\"address_zip\";s:5:\"95131\";s:11:\"mc_shipping\";s:4:\"0.00\";s:11:\"mc_handling\";s:4:\"0.00\";s:10:\"first_name\";s:4:\"Info\";s:6:\"mc_fee\";s:4:\"0.88\";s:20:\"address_country_code\";s:2:\"US\";s:12:\"address_name\";s:11:\"Info Winter\";s:14:\"notify_version\";s:3:\"3.8\";s:6:\"custom\";s:0:\"\";s:12:\"payer_status\";s:8:\"verified\";s:8:\"business\";s:20:\"sandi@iwinter.com.hr\";s:15:\"address_country\";s:13:\"United States\";s:14:\"num_cart_items\";s:1:\"1\";s:12:\"mc_handling1\";s:4:\"0.00\";s:12:\"address_city\";s:8:\"San Jose\";s:11:\"verify_sign\";s:56:\"AwD4sJJmdrzDKNGw7KMAMuZSx1AHAeHkTMI1NDF3NgxE8tGDW8SfkKVk\";s:11:\"payer_email\";s:19:\"info@iwinter.com.hr\";s:12:\"mc_shipping1\";s:4:\"0.00\";s:4:\"tax1\";s:4:\"0.00\";s:6:\"txn_id\";s:17:\"70D58185F3775394K\";s:12:\"payment_type\";s:7:\"instant\";s:9:\"last_name\";s:6:\"Winter\";s:13:\"address_state\";s:2:\"CA\";s:10:\"item_name1\";s:14:\"Reservation #7\";s:14:\"receiver_email\";s:20:\"sandi@iwinter.com.hr\";s:11:\"payment_fee\";s:4:\"0.88\";s:9:\"quantity1\";s:1:\"1\";s:11:\"receiver_id\";s:13:\"S63XQYGHM4X8N\";s:8:\"txn_type\";s:4:\"cart\";s:10:\"mc_gross_1\";s:5:\"20.00\";s:11:\"mc_currency\";s:3:\"USD\";s:17:\"residence_country\";s:2:\"US\";s:8:\"test_ipn\";s:1:\"1\";s:19:\"transaction_subject\";s:0:\"\";s:13:\"payment_gross\";s:5:\"20.00\";s:12:\"ipn_track_id\";s:13:\"416b011ce481b\";}','ER2LXCHKVY38Q','70D58185F3775394K','20.00','USD','info@iwinter.com.hr',NULL,NULL,NULL,NULL,NULL,NULL,NULL),(5,'2014-06-03 22:48:52','7_RES_20.001977','a:47:{s:8:\"mc_gross\";s:5:\"20.00\";s:7:\"invoice\";s:11:\"7_20.001977\";s:22:\"protection_eligibility\";s:8:\"Eligible\";s:14:\"address_status\";s:9:\"confirmed\";s:12:\"item_number1\";s:0:\"\";s:8:\"payer_id\";s:13:\"ER2LXCHKVY38Q\";s:3:\"tax\";s:4:\"0.00\";s:14:\"address_street\";s:9:\"1 Main St\";s:12:\"payment_date\";s:25:\"13:48:48 Jun 03, 2014 PDT\";s:14:\"payment_status\";s:9:\"Completed\";s:7:\"charset\";s:12:\"windows-1252\";s:11:\"address_zip\";s:5:\"95131\";s:11:\"mc_shipping\";s:4:\"0.00\";s:11:\"mc_handling\";s:4:\"0.00\";s:10:\"first_name\";s:4:\"Info\";s:6:\"mc_fee\";s:4:\"0.88\";s:20:\"address_country_code\";s:2:\"US\";s:12:\"address_name\";s:11:\"Info Winter\";s:14:\"notify_version\";s:3:\"3.8\";s:6:\"custom\";s:0:\"\";s:12:\"payer_status\";s:8:\"verified\";s:8:\"business\";s:20:\"sandi@iwinter.com.hr\";s:15:\"address_country\";s:13:\"United States\";s:14:\"num_cart_items\";s:1:\"1\";s:12:\"mc_handling1\";s:4:\"0.00\";s:12:\"address_city\";s:8:\"San Jose\";s:11:\"verify_sign\";s:56:\"AfQuzaSFrGvt6rtvRwD4hrYb.JzkABhsZbG6RzQEHrWRVQMU4alyRccb\";s:11:\"payer_email\";s:19:\"info@iwinter.com.hr\";s:12:\"mc_shipping1\";s:4:\"0.00\";s:4:\"tax1\";s:4:\"0.00\";s:6:\"txn_id\";s:17:\"4WD08916J6958874J\";s:12:\"payment_type\";s:7:\"instant\";s:9:\"last_name\";s:6:\"Winter\";s:13:\"address_state\";s:2:\"CA\";s:10:\"item_name1\";s:14:\"Reservation #7\";s:14:\"receiver_email\";s:20:\"sandi@iwinter.com.hr\";s:11:\"payment_fee\";s:4:\"0.88\";s:9:\"quantity1\";s:1:\"1\";s:11:\"receiver_id\";s:13:\"S63XQYGHM4X8N\";s:8:\"txn_type\";s:4:\"cart\";s:10:\"mc_gross_1\";s:5:\"20.00\";s:11:\"mc_currency\";s:3:\"USD\";s:17:\"residence_country\";s:2:\"US\";s:8:\"test_ipn\";s:1:\"1\";s:19:\"transaction_subject\";s:0:\"\";s:13:\"payment_gross\";s:5:\"20.00\";s:12:\"ipn_track_id\";s:13:\"e5522708d8525\";}','ER2LXCHKVY38Q','4WD08916J6958874J','20.00','USD','info@iwinter.com.hr',NULL,NULL,NULL,NULL,NULL,NULL,NULL),(6,'2014-06-03 22:52:59','7_RES_80.006907','a:47:{s:8:\"mc_gross\";s:5:\"80.00\";s:7:\"invoice\";s:11:\"7_80.006907\";s:22:\"protection_eligibility\";s:8:\"Eligible\";s:14:\"address_status\";s:9:\"confirmed\";s:12:\"item_number1\";s:0:\"\";s:8:\"payer_id\";s:13:\"ER2LXCHKVY38Q\";s:3:\"tax\";s:4:\"0.00\";s:14:\"address_street\";s:9:\"1 Main St\";s:12:\"payment_date\";s:25:\"13:52:57 Jun 03, 2014 PDT\";s:14:\"payment_status\";s:9:\"Completed\";s:7:\"charset\";s:12:\"windows-1252\";s:11:\"address_zip\";s:5:\"95131\";s:11:\"mc_shipping\";s:4:\"0.00\";s:11:\"mc_handling\";s:4:\"0.00\";s:10:\"first_name\";s:4:\"Info\";s:6:\"mc_fee\";s:4:\"2.62\";s:20:\"address_country_code\";s:2:\"US\";s:12:\"address_name\";s:11:\"Info Winter\";s:14:\"notify_version\";s:3:\"3.8\";s:6:\"custom\";s:0:\"\";s:12:\"payer_status\";s:8:\"verified\";s:8:\"business\";s:20:\"sandi@iwinter.com.hr\";s:15:\"address_country\";s:13:\"United States\";s:14:\"num_cart_items\";s:1:\"1\";s:12:\"mc_handling1\";s:4:\"0.00\";s:12:\"address_city\";s:8:\"San Jose\";s:11:\"verify_sign\";s:56:\"AqJ-WZNVutuNierV3LZLs1Y1IawwAeAS8108YGtXxNytUpVrTq49CqhV\";s:11:\"payer_email\";s:19:\"info@iwinter.com.hr\";s:12:\"mc_shipping1\";s:4:\"0.00\";s:4:\"tax1\";s:4:\"0.00\";s:6:\"txn_id\";s:17:\"64V66530TY4484937\";s:12:\"payment_type\";s:7:\"instant\";s:9:\"last_name\";s:6:\"Winter\";s:13:\"address_state\";s:2:\"CA\";s:10:\"item_name1\";s:14:\"Reservation #7\";s:14:\"receiver_email\";s:20:\"sandi@iwinter.com.hr\";s:11:\"payment_fee\";s:4:\"2.62\";s:9:\"quantity1\";s:1:\"1\";s:11:\"receiver_id\";s:13:\"S63XQYGHM4X8N\";s:8:\"txn_type\";s:4:\"cart\";s:10:\"mc_gross_1\";s:5:\"80.00\";s:11:\"mc_currency\";s:3:\"USD\";s:17:\"residence_country\";s:2:\"US\";s:8:\"test_ipn\";s:1:\"1\";s:19:\"transaction_subject\";s:0:\"\";s:13:\"payment_gross\";s:5:\"80.00\";s:12:\"ipn_track_id\";s:13:\"35c5c566e12d4\";}','ER2LXCHKVY38Q','64V66530TY4484937','80.00','USD','info@iwinter.com.hr',NULL,NULL,NULL,NULL,NULL,NULL,NULL),(7,'2016-10-08 12:19:33',NULL,'a:8:{s:11:\"invoice_num\";s:15:\"3_PAC_9_20.00_6\";s:9:\"date_paid\";s:19:\"2016-10-08 12:19:33\";s:8:\"payer_id\";s:5:\"e020a\";s:6:\"txn_id\";s:32:\"3d50736e06e3936a1147f0942ac26835\";s:4:\"paid\";s:5:\"20.00\";s:13:\"currency_code\";s:3:\"USD\";s:11:\"payer_email\";s:20:\"kety@estatepoint.com\";s:9:\"data_post\";s:272:\"a:7:{s:11:\"invoice_num\";s:15:\"3_PAC_9_20.00_6\";s:9:\"date_paid\";s:19:\"2016-10-08 12:19:33\";s:8:\"payer_id\";s:5:\"e020a\";s:6:\"txn_id\";s:32:\"3d50736e06e3936a1147f0942ac26835\";s:4:\"paid\";s:5:\"20.00\";s:13:\"currency_code\";s:3:\"USD\";s:11:\"payer_email\";s:20:\"kety@estatepoint.com\";}\";}','e020a','3d50736e06e3936a1147f0942ac26835',NULL,NULL,'kety@estatepoint.com',NULL,NULL,NULL,NULL,NULL,NULL,NULL),(8,'2016-10-08 13:05:40','3_PAC_9_20.00_6','a:6:{s:7:\"invoice\";s:15:\"3_PAC_9_20.00_6\";s:8:\"payer_id\";s:5:\"af064\";s:6:\"txn_id\";s:32:\"453b4feb4dcaf6fc1fc212e76e0483e9\";s:8:\"mc_gross\";s:5:\"20.00\";s:11:\"mc_currency\";s:3:\"USD\";s:11:\"payer_email\";s:20:\"kety@estatepoint.com\";}','af064','453b4feb4dcaf6fc1fc212e76e0483e9','20.00','USD','kety@estatepoint.com',NULL,NULL,NULL,NULL,NULL,NULL,NULL),(9,'2016-10-08 13:06:47','3_PAC_9_20.00_6','a:6:{s:7:\"invoice\";s:15:\"3_PAC_9_20.00_6\";s:8:\"payer_id\";s:5:\"42708\";s:6:\"txn_id\";s:32:\"9c28229b8b26050b313c909844b7a984\";s:8:\"mc_gross\";s:5:\"20.00\";s:11:\"mc_currency\";s:3:\"USD\";s:11:\"payer_email\";s:20:\"kety@estatepoint.com\";}','42708','9c28229b8b26050b313c909844b7a984','20.00','USD','kety@estatepoint.com',NULL,NULL,NULL,NULL,NULL,NULL,NULL);

--
-- Table structure for table `promocode`
--

DROP TABLE IF EXISTS `promocode`;
/*!40101 SET @saved_cs_client     = @@character_set_client */;
/*!40101 SET character_set_client = utf8 */;
CREATE TABLE `promocode` (
  `id` int(11) NOT NULL AUTO_INCREMENT,
  `code_name` varchar(64) DEFAULT '',
  `value` float DEFAULT NULL,
  `quantity` int(11) DEFAULT NULL,
  `usage` varchar(128) DEFAULT '',
  `packages` varchar(128) DEFAULT '',
  `date_start` datetime DEFAULT NULL,
  `date_end` datetime DEFAULT NULL,
  `used` int(11) DEFAULT NULL,
  `promocode` varchar(128) DEFAULT '',
  `date_created` datetime DEFAULT NULL,
  PRIMARY KEY (`id`)
) ENGINE=InnoDB DEFAULT CHARSET=utf8;
/*!40101 SET character_set_client = @saved_cs_client */;

--
-- Dumping data for table `promocode`
--


--
-- Table structure for table `property`
--

DROP TABLE IF EXISTS `property`;
/*!40101 SET @saved_cs_client     = @@character_set_client */;
/*!40101 SET character_set_client = utf8 */;
CREATE TABLE `property` (
  `id` int(11) NOT NULL AUTO_INCREMENT,
  `id_transitions` int(11) DEFAULT NULL,
  `id_trans_text` varchar(60) COLLATE utf8_unicode_ci DEFAULT NULL,
  `gps` varchar(100) COLLATE utf8_unicode_ci DEFAULT NULL,
  `lat` decimal(9,6) DEFAULT NULL,
  `lng` decimal(9,6) DEFAULT NULL,
  `date` datetime DEFAULT NULL,
  `date_modified` datetime DEFAULT NULL,
  `date_activated` datetime DEFAULT NULL COMMENT 'Activated even if not paid for activation (by admin for example)',
  `address` varchar(200) COLLATE utf8_unicode_ci DEFAULT NULL,
  `type` varchar(45) COLLATE utf8_unicode_ci DEFAULT NULL COMMENT 'housing\nhouse\nland\nbusiness premises',
  `repository_id` int(11) DEFAULT NULL,
  `planimages_repository_id` int(11) DEFAULT NULL,
  `is_featured` tinyint(1) DEFAULT '0',
  `search_values` text COLLATE utf8_unicode_ci,
  `is_activated` tinyint(1) DEFAULT '1',
  `is_visible` tinyint(4) DEFAULT '1',
  `activation_paid_date` datetime DEFAULT NULL,
  `featured_paid_date` datetime DEFAULT NULL,
  `counter_views` int(11) DEFAULT '0',
  `avarage_rating` int(11) DEFAULT NULL,
  `image_filename` varchar(200) COLLATE utf8_unicode_ci DEFAULT NULL,
  `image_repository` text COLLATE utf8_unicode_ci,
  `sent_to_affiliate` tinyint(1) DEFAULT '0',
  `date_notify` datetime DEFAULT NULL,
  `status` varchar(45) COLLATE utf8_unicode_ci DEFAULT NULL,
  `date_status` datetime DEFAULT NULL,
  `affilate_id` int(11) DEFAULT NULL,
  `date_repost` datetime DEFAULT NULL,
  `date_renew` datetime DEFAULT NULL,
  `date_alert` datetime DEFAULT NULL,
  `last_edit_ip` varchar(64) COLLATE utf8_unicode_ci DEFAULT NULL,
  `date_notify_expired` datetime DEFAULT NULL,
  PRIMARY KEY (`id`),
  KEY `is_featured` (`is_featured`)
) ENGINE=InnoDB AUTO_INCREMENT=31 DEFAULT CHARSET=utf8 COLLATE=utf8_unicode_ci;
/*!40101 SET character_set_client = @saved_cs_client */;

--
-- Dumping data for table `property`
--

INSERT INTO `property` VALUES (7,NULL,NULL,'45.8642778, 15.985132953442',45.864278,15.985133,'2013-12-30 17:41:01','2014-12-28 19:01:06',NULL,'Bliznec 34z, Zagreb',NULL,27,NULL,0,'id: 7Bliznec 34z, Zagreb Spa Bliznec  new commercial    Sale and Rent Commercial property Zagreb Zagreb  Less than 50m2 33 B 5 5 12 50000  500 Agent  80 30 <li><span style=\"margin-left: 20px; left: 20px;\" class=\"vertical\"></span><span style=\"width: 0px; margin-left: 20px; left: 20px;\" class=\"horizontal\"></span><div id=\"1\"><span class=\"add_action\" title=\"Click for Add\"></span><span class=\"delete_action\" title=\"Click for Delete\"></span><span class=\"edit_action\" title=\"Click for Edit\"></span><span class=\"first_name\">1</span></div></li> SKIP_ON_EMPTY    SKIP_ON_EMPTY       trueAir conditioning trueHeating trueInternet  trueBalcony trueLift trueGrill truePool trueParking  1500 1500          Toplice Bliznec  novo commercial    Prodaja i najam Poslovni prostor Zagreb Zagreb  ViÅ¡e od 100m2 33 B 5 5 12 40000  400 Agent    <li><span style=\"margin-left: 0px; left: 0px;\" class=\"vertical\"></span><span style=\"width: 0px; margin-left: 0px; left: 0px;\" class=\"horizontal\"></span><div id=\"2\"><span class=\"add_action\" title=\"Click for Add\"></span><span class=\"delete_action\" title=\"Click for Delete\"></span><span class=\"edit_action\" title=\"Click for Edit\"></span><span class=\"first_name\">1</span></div></li> SKIP_ON_EMPTY    SKIP_ON_EMPTY       trueKlimatizacija trueGrijanje trueInternet  trueBalkon trueDizalo trueRoÅ¡tilj trueBazen trueParking  1500 1500         ',1,1,NULL,NULL,141,NULL,'386182116_5e4c8542ab_b.jpg','[\"386182116_5e4c8542ab_b.jpg\",\"386178827_b3f160ebbf_b.jpg\",\"386178836_d28b943063_b.jpg\",\"386178822_3fef9a2f07_b.jpg\"]',0,'2015-11-11 18:58:41',NULL,NULL,NULL,NULL,NULL,NULL,NULL,NULL),(8,NULL,NULL,'45.6147652, 15.4831556',45.614765,15.483156,'2013-12-30 17:47:51','2016-02-10 19:01:06',NULL,'TrÅ¡ka Cesta, Ozalj',NULL,28,NULL,1,'id: 8TrÅ¡ka Cesta, Ozalj Ozalj apartment Apartment,Test sold apartment    Rent Apartment Gorski Kotar Ozalj  Less than 50m2 48 - 1 1 4    Agent  300 30 <li><span style=\"margin-left: 20px; left: 20.8333px;\" class=\"vertical\"></span><span style=\"width: 0px; margin-left: 20px; left: 20.8333px;\" class=\"horizontal\"></span><span style=\"margin-left: 20px; left: 20.8333px;\" class=\"vertical\"></span><span style=\"width: 0px; margin-left: 20px; left: 20.8333px;\" class=\"horizontal\"></span><div id=\"1\"><span class=\"add_action\" title=\"Click for Add\"></span><span class=\"delete_action\" title=\"Click for Delete\"></span><span class=\"edit_action\" title=\"Click for Edit\"></span><span class=\"add_action\" title=\"Click for Add\"></span><span class=\"delete_action\" title=\"Click for Delete\"></span><span class=\"edit_action\" title=\"Click for Edit\"></span><span class=\"first_name\">1</span></div></li> SKIP_ON_EMPTY Ontario - Toronto - Downtown - City place -   SKIP_ON_EMPTY       trueAir conditioning trueComputer trueHeating trueInternet trueMicrowave  trueBalcony trueGrill trueParking       1200 1500 1500  <iframe width=\"560\" height=\"315\" src=\"//www.youtube.com/embed/FvMCKrwo8Hc\" frameborder=\"0\" allowfullscreen></iframe>  ozalj-apartment Ozalj apartman  prodano apartment    Najam Stan Gorski Kotar Ozalj  Manje od 50m2 48 - 1 1 4    Agent    <li><span style=\"margin-left: 0px; left: 0px;\" class=\"vertical\"></span><span style=\"width: 0px; margin-left: 0px; left: 0px;\" class=\"horizontal\"></span><span style=\"margin-left: 0px; left: 0px;\" class=\"vertical\"></span><span style=\"width: 0px; margin-left: 0px; left: 0px;\" class=\"horizontal\"></span><div id=\"2\"><span class=\"add_action\" title=\"Click for Add\"></span><span class=\"delete_action\" title=\"Click for Delete\"></span><span class=\"edit_action\" title=\"Click for Edit\"></span><span class=\"add_action\" title=\"Click for Add\"></span><span class=\"delete_action\" title=\"Click for Delete\"></span><span class=\"edit_action\" title=\"Click for Edit\"></span><span class=\"first_name\">1</span></div></li> SKIP_ON_EMPTY    SKIP_ON_EMPTY       trueKlimatizacija trueRaÄunalo trueGrijanje trueInternet trueMikrovalna  trueBalkon trueParking       1200 1500 1500  <iframe width=\"560\" height=\"315\" src=\"//www.youtube.com/embed/FvMCKrwo8Hc\" frameborder=\"0\" allowfullscreen></iframe>  ozalj-apartman',1,1,NULL,NULL,384,NULL,'431262909_a009e2897b_o.jpg','[\"431262909_a009e2897b_o.jpg\",\"431262907_bf66c3cd6f_o.jpg\",\"431262903_9d77804a5b_o.jpg\",\"431267985_286ac5c8cd_o.jpg\",\"431262910_33356f1671_o.jpg\"]',0,'2015-11-11 18:58:41',NULL,NULL,NULL,NULL,NULL,NULL,NULL,NULL),(9,NULL,NULL,'45.565727390202, 15.841627716797',45.565727,15.841628,'2013-12-30 17:53:59','2015-12-01 19:37:22',NULL,'Pisarovina bb, Croatia',NULL,29,NULL,0,'id: 9Pisarovina bb, Croatia Jezero restaurant sold commercial    Sale Commercial property Karlovac Pisarovina  50-100m2 77 - 1 0 7    Agent  200 40 <li><span style=\"margin-left: 20px; left: 20.3333px;\" class=\"vertical\"></span><span style=\"width: 0px; margin-left: 20px; left: 20.3333px;\" class=\"horizontal\"></span><div id=\"1\"><span class=\"add_action\" title=\"Click for Add\"></span><span class=\"delete_action\" title=\"Click for Delete\"></span><span class=\"edit_action\" title=\"Click for Edit\"></span><span class=\"first_name\">1</span></div></li> SKIP_ON_EMPTY    SKIP_ON_EMPTY       trueAir conditioning trueComputer trueDishwasher trueHeating trueInternet trueMicrowave  trueBalcony trueGrill truePool trueParking     1500 1500 1500      Restoran jezero prodano commercial    Prodaja Poslovni prostor Karlovac Pisarovina  50-100m2 77 - 1 0 7    Agent    <li><span style=\"margin-left: 0px; left: 0px;\" class=\"vertical\"></span><span style=\"width: 0px; margin-left: 0px; left: 0px;\" class=\"horizontal\"></span><div id=\"2\"><span class=\"add_action\" title=\"Click for Add\"></span><span class=\"delete_action\" title=\"Click for Delete\"></span><span class=\"edit_action\" title=\"Click for Edit\"></span><span class=\"first_name\">1</span></div></li> SKIP_ON_EMPTY    SKIP_ON_EMPTY       trueKlimatizacija trueRaÄunalo truePerilica suÄ‘a trueGrijanje trueInternet trueMikrovalna  trueBalkon trueRoÅ¡tilj trueBazen trueParking     1500 1500 1500     ',1,1,NULL,NULL,27,NULL,'389936596_72d6cba1b9_b.jpg','[\"389936596_72d6cba1b9_b.jpg\",\"389938915_e18683c4f4_b.jpg\",\"389936590_6bcb246b9b_b.jpg\",\"389928265_ce3b505a52_b.jpg\"]',0,'2015-11-11 18:58:41',NULL,NULL,NULL,NULL,NULL,NULL,NULL,NULL),(10,NULL,NULL,'45.984899065493, 16.557105105371',45.984899,16.557105,'2013-12-30 19:43:29','2014-12-28 19:00:41',NULL,'Cubinec 11, Croatia',NULL,30,NULL,0,'id: 10Cubinec 11, Croatia Lux apartment action apartment   Sale Apartment KriÅ¾evci Cubinec   Less than 50m2 44 - 1 1 4    Agent  500 200 SKIP_ON_EMPTY   SKIP_ON_EMPTY       trueAir conditioning trueCable TV trueComputer trueDishwasher trueHeating trueInternet trueMicrowave  trueLift trueParking   1200          Lux apartman akcija apartment   Prodaja Stan KriÅ¾evci Cubinec   Manje od 50m2 44 - 1 1 4    Agent    SKIP_ON_EMPTY   SKIP_ON_EMPTY       trueKlimatizacija trueKabelska TV trueRaÄunalo truePerilica suÄ‘a trueGrijanje trueInternet trueMikrovalna  trueDizalo trueParking   1200         ',1,1,NULL,NULL,5,NULL,'5388047921_efc5b357c8_b.jpg','[\"5388047921_efc5b357c8_b.jpg\",\"5388652594_ce85c25084_b.jpg\",\"5388046113_48d973bd16_b.jpg\",\"5388046911_533d2bcdec_b.jpg\",\"5388653730_73ea27ca08_b.jpg\"]',0,'2015-11-11 18:58:41',NULL,NULL,NULL,NULL,NULL,NULL,NULL,NULL),(11,NULL,NULL,'46.2359981, 16.1004514',46.235998,16.100451,'2013-12-30 22:39:03','2014-12-28 19:00:31',NULL,'Jerovec 16, Croatia',NULL,31,NULL,0,'id: 11Jerovec 16, Croatia Sky apartment empty apartment   Sale Apartment VaraÅ¾dinska Ivanec   50-100m2 70 - 1 2 7    Agent  200 30 SKIP_ON_EMPTY   SKIP_ON_EMPTY       trueHeating  trueBalcony trueGrill truePool    1200 1200        Sky apartman empty apartment   Prodaja Stan VaraÅ¾dinska Ivanec   50-100m2 70 - 1 2 7    Agent    SKIP_ON_EMPTY   SKIP_ON_EMPTY       trueGrijanje  trueBalkon trueRoÅ¡tilj trueBazen    1200 1200       ',1,1,NULL,NULL,81,NULL,'5388050721_b84cf3a0a3_b.jpg','[\"5388050721_b84cf3a0a3_b.jpg\",\"5388050983_0bf177bb8a_b.jpg\",\"5388658660_975a93b2ae_b.jpg\",\"5388053637_ba77c0b486_b.jpg\",\"5388053335_81ea378b09_b.jpg\"]',0,'2015-11-11 18:58:41',NULL,NULL,NULL,NULL,NULL,NULL,NULL,NULL),(12,NULL,NULL,'46.2971252, 16.4072529',46.297125,16.407253,'2013-12-30 22:44:07','2015-10-23 20:36:26',NULL,'Zeleni put 21, Croatia',NULL,32,NULL,1,'id: 12Zeleni put 21, Croatia Retro House new house    Sale House VaraÅ¾dinska Trnovec BartoloveÄki  50-100m2 60 - 1 1 6 60000   Agent  300 100 SKIP_ON_EMPTY    SKIP_ON_EMPTY       trueAir conditioning trueCable TV trueComputer trueDishwasher trueMicrowave  trueBalcony trueGrill       1200 1200 1200    Retro kuÄ‡a empty house    Prodaja KuÄ‡a VaraÅ¾dinska Trnovec BartoloveÄki  Manje od 50m2 60 - 1 1 6 50000   Agent    SKIP_ON_EMPTY    SKIP_ON_EMPTY       trueKlimatizacija trueKabelska TV trueRaÄunalo truePerilica suÄ‘a  trueBalkon trueRoÅ¡tilj       1200 1200 1200   ',1,1,NULL,NULL,270,NULL,'5388057701_5a618e8a9e_b.jpg','[\"5388057701_5a618e8a9e_b.jpg\",\"5388056665_86a3de4d36_b.jpg\",\"5388663918_f6767e53d0_b.jpg\",\"5388058111_cbf80b7902_b.jpg\",\"5388056843_bdbfb5499a_b.jpg\"]',0,'2015-11-11 18:58:41',NULL,NULL,NULL,NULL,NULL,NULL,NULL,NULL),(13,NULL,NULL,'45.8248723, 16.1044795',45.824872,16.104480,'2014-01-02 12:45:52','2014-12-28 19:01:39',NULL,'Sesvete, Slatinska 23',NULL,33,NULL,0,'id: 13Sesvete, Slatinska 23 Yellow wood empty house   Sale House ZagrebaÄka Sesvete   50-100m2 90 - 1 1 9    Agent  200 50 SKIP_ON_EMPTY   SKIP_ON_EMPTY       trueAir conditioning trueCable TV trueComputer trueDishwasher  trueBalcony       300 300 300    Å½uto drvo empty house   Prodaja KuÄ‡a ZagrebaÄka Sesvete   50-100m2 90 - 1 1 9    Agent  200 50 SKIP_ON_EMPTY   SKIP_ON_EMPTY       trueKlimatizacija trueKabelska TV trueRaÄunalo truePerilica suÄ‘a  trueBalkon       300 300 300   ',1,1,NULL,NULL,16,NULL,'5388050419_e3ef95b8eb_b.jpg','[\"5388050419_e3ef95b8eb_b.jpg\",\"576752732_a5c79cbb1f_o.jpg\"]',0,'2015-11-11 18:58:41',NULL,NULL,NULL,NULL,NULL,NULL,NULL,NULL),(14,NULL,NULL,'45.7687561, 15.9999749',45.768756,15.999975,'2014-01-02 13:49:32','2015-11-18 16:03:37',NULL,'Vatikanska 11, Zagreb, Croatia',NULL,34,NULL,1,'id: 14Vatikanska 11, Zagreb, Croatia Black glass house action house 5   Sale House Zagreb Zagreb  More than 100m2 200 - 2 2 20    Owner 3 80 30  290    SKIP_ON_EMPTY       trueAir conditioning trueCable TV trueComputer trueMicrowave  trueBalcony trueLift truePool trueParking  500 500 500 500 500 500 500 600    KuÄ‡a crno staklo empty house 5   Prodaja KuÄ‡a Zagreb Zagreb  ViÅ¡e od 100m2 200 - 2 2 20    Vlasnik 3 80 30  SKIP_ON_EMPTY    SKIP_ON_EMPTY       trueKlimatizacija trueKabelska TV trueRaÄunalo trueMikrovalna  trueBalkon trueDizalo trueBazen trueParking  500 500 500 500 500 500 500 600   ',1,1,NULL,NULL,1911,NULL,'147822442_014fc68a36_o.jpg','[\"147822442_014fc68a36_o.jpg\",\"5388654584_6c1d0f8475_b.jpg\",\"5388658984_edb1fcd5a4_b.jpg\"]',0,'2015-11-11 18:58:41',NULL,NULL,NULL,NULL,NULL,NULL,NULL,NULL),(15,NULL,NULL,'45.8971627, 16.4291229',45.897163,16.429123,'2014-01-02 14:00:24','2015-02-17 14:47:57',NULL,'Cerje 1, Vrbovec, Croatia',NULL,35,NULL,0,'id: 15Cerje 1, Vrbovec, Croatia Round towers  empty house     Sale House ZagrebaÄka Vrbovec  Less than 50m2 49 - 2 2 5    Agent  30 10 <li><span style=\"margin-left: 0px; left: 0px;\" class=\"vertical\"></span><span style=\"width: 0px; margin-left: 0px; left: 0px;\" class=\"horizontal\"></span><span style=\"margin-left: 0px; left: 0px;\" class=\"vertical\"></span><span style=\"width: 0px; margin-left: 0px; left: 0px;\" class=\"horizontal\"></span><span style=\"margin-left: 0px; left: 0px;\" class=\"vertical\"></span><span style=\"width: 0px; margin-left: 0px; left: 0px;\" class=\"horizontal\"></span><span style=\"margin-left: 0px; left: 0px;\" class=\"vertical\"></span><span style=\"width: 0px; margin-left: 0px; left: 0px;\" class=\"horizontal\"></span><span style=\"margin-left: 0px; left: 0px;\" class=\"vertical\"></span><span style=\"width: 0px; margin-left: 0px; left: 0px;\" class=\"horizontal\"></span><div class=\"ui-droppable ui-draggable\" id=\"1\"><span class=\"add_action\" title=\"Click for Add\"></span><span class=\"delete_action\" title=\"Click for Delete\"></span><span class=\"edit_action\" title=\"Click for Edit\"></span><span class=\"add_action\" title=\"Click for Add\"></span><span class=\"delete_action\" title=\"Click for Delete\"></span><span class=\"edit_action\" title=\"Click for Edit\"></span><span class=\"add_action\" title=\"Click for Add\"></span><span class=\"delete_action\" title=\"Click for Delete\"></span><span class=\"edit_action\" title=\"Click for Edit\"></span><span class=\"add_action\" title=\"Click for Add\"></span><span class=\"delete_action\" title=\"Click for Delete\"></span><span class=\"edit_action\" title=\"Click for Edit\"></span><span class=\"add_action\" title=\"Click for Add\"></span><span class=\"delete_action\" title=\"Click for Delete\"></span><span class=\"edit_action\" title=\"Click for Edit\"></span><span class=\"first_name\">1</span></div></li> SKIP_ON_EMPTY   SKIP_ON_EMPTY       trueAir conditioning trueCable TV trueComputer  trueBalcony truePool trueParking  200 200 200         round-towers Okrugle kule  empty house     Prodaja Stan ZagrebaÄka Vrbovec  ViÅ¡e od 100m2 49 - 2 2 5    Agent    <li><span style=\"margin-left: 20px; left: 20.8333px;\" class=\"vertical\"></span><span style=\"width: 0px; margin-left: 20px; left: 20.8333px;\" class=\"horizontal\"></span><span style=\"margin-left: 20px; left: 20.8333px;\" class=\"vertical\"></span><span style=\"width: 0px; margin-left: 20px; left: 20.8333px;\" class=\"horizontal\"></span><span style=\"margin-left: 20px; left: 20.8333px;\" class=\"vertical\"></span><span style=\"width: 0px; margin-left: 20px; left: 20.8333px;\" class=\"horizontal\"></span><span style=\"margin-left: 20px; left: 20.8333px;\" class=\"vertical\"></span><span style=\"width: 0px; margin-left: 20px; left: 20.8333px;\" class=\"horizontal\"></span><span style=\"margin-left: 20px; left: 20.8333px;\" class=\"vertical\"></span><span style=\"width: 0px; margin-left: 20px; left: 20.8333px;\" class=\"horizontal\"></span><div class=\"ui-droppable ui-draggable\" id=\"2\"><span class=\"add_action\" title=\"Click for Add\"></span><span class=\"delete_action\" title=\"Click for Delete\"></span><span class=\"edit_action\" title=\"Click for Edit\"></span><span class=\"add_action\" title=\"Click for Add\"></span><span class=\"delete_action\" title=\"Click for Delete\"></span><span class=\"edit_action\" title=\"Click for Edit\"></span><span class=\"add_action\" title=\"Click for Add\"></span><span class=\"delete_action\" title=\"Click for Delete\"></span><span class=\"edit_action\" title=\"Click for Edit\"></span><span class=\"add_action\" title=\"Click for Add\"></span><span class=\"delete_action\" title=\"Click for Delete\"></span><span class=\"edit_action\" title=\"Click for Edit\"></span><span class=\"add_action\" title=\"Click for Add\"></span><span class=\"delete_action\" title=\"Click for Delete\"></span><span class=\"edit_action\" title=\"Click for Edit\"></span><span class=\"first_name\">1</span></div></li> SKIP_ON_EMPTY   SKIP_ON_EMPTY       trueKlimatizacija trueKabelska TV trueRaÄunalo  trueBalkon trueBazen trueParking  200 200 200         okrugle-kule',1,1,NULL,NULL,8,NULL,'148583306_cad8fc948c_o.jpg','[\"148583306_cad8fc948c_o.jpg\",\"5388054365_288cf72f15_b.jpg\",\"5388655270_fbbf78a1f9_b.jpg\"]',0,'2015-11-11 18:58:41',NULL,NULL,NULL,NULL,NULL,NULL,'::1',NULL),(16,NULL,NULL,'46.02695, 16.0639472',46.026950,16.063947,'2014-01-02 14:03:29','2016-02-10 19:51:06',NULL,'Selnica 43, Zlatar Bistrica, Croatia',NULL,36,NULL,0,'id: 16Selnica 43, Zlatar Bistrica, Croatia Fear wood  empty land    Sale Land Zagorje Zlatar Bistrica  50-100m2 80 -       Agent    <li><span style=\"margin-left: 0px; left: 0px;\" class=\"vertical\"></span><span style=\"width: 0px; margin-left: 0px; left: 0px;\" class=\"horizontal\"></span><span style=\"margin-left: 0px; left: 0px;\" class=\"vertical\"></span><span style=\"width: 0px; margin-left: 0px; left: 0px;\" class=\"horizontal\"></span><div class=\"ui-droppable ui-draggable\" id=\"1\"><span class=\"add_action\" title=\"Click for Add\"></span><span class=\"delete_action\" title=\"Click for Delete\"></span><span class=\"edit_action\" title=\"Click for Edit\"></span><span class=\"add_action\" title=\"Click for Add\"></span><span class=\"delete_action\" title=\"Click for Delete\"></span><span class=\"edit_action\" title=\"Click for Edit\"></span><span class=\"first_name\">1</span></div></li> SKIP_ON_EMPTY    SKIP_ON_EMPTY            100        fear-wood Drvo straha  empty land    Prodaja ZemljiÅ¡te Zagorje Zlatar Bistrica  50-100m2 80 -       Agent    <li><span style=\"margin-left: 20px; left: 20.5px;\" class=\"vertical\"></span><span style=\"width: 0px; margin-left: 20px; left: 20.5px;\" class=\"horizontal\"></span><span style=\"margin-left: 20px; left: 20.5px;\" class=\"vertical\"></span><span style=\"width: 0px; margin-left: 20px; left: 20.5px;\" class=\"horizontal\"></span><div class=\"ui-droppable ui-draggable\" id=\"2\"><span class=\"add_action\" title=\"Click for Add\"></span><span class=\"delete_action\" title=\"Click for Delete\"></span><span class=\"edit_action\" title=\"Click for Edit\"></span><span class=\"add_action\" title=\"Click for Add\"></span><span class=\"delete_action\" title=\"Click for Delete\"></span><span class=\"edit_action\" title=\"Click for Edit\"></span><span class=\"first_name\">1</span></div></li> SKIP_ON_EMPTY    SKIP_ON_EMPTY            100        drvo-straha',1,1,NULL,NULL,8,NULL,'227963176_2a296e7f0d_o.jpg','[\"227963176_2a296e7f0d_o.jpg\",\"5388055503_bdfec0a3d5_b.jpg\",\"5388661724_e92356d456_b.jpg\"]',0,'2015-11-11 18:58:41',NULL,NULL,NULL,NULL,NULL,NULL,NULL,NULL),(17,NULL,NULL,'45.733079713277, 16.302902710937',45.733080,16.302903,'2014-01-02 14:07:41','2014-12-28 18:59:42',NULL,'JeÅ¾evo 32, IvaniÄ‡ Grad, Croatia',NULL,37,NULL,0,'id: 17JeÅ¾evo 32, IvaniÄ‡ Grad, Croatia Classic American  empty house   United States - Connecticut -  Sale House ZagrebaÄka IvaniÄ‡ Grad  Less than 50m2 50 - 1 1 5    Agent  80 30 <li><span class=\"vertical\" style=\"margin-left: 20px; left: 20.1667px;\"></span><span class=\"horizontal\" style=\"width: 0px; margin-left: 20px; left: 20.1667px;\"></span><div id=\"1\"><span class=\"add_action\" title=\"Click for Add\"></span><span class=\"delete_action\" title=\"Click for Delete\"></span><span class=\"edit_action\" title=\"Click for Edit\"></span><span class=\"first_name\">1</span></div></li> SKIP_ON_EMPTY   SKIP_ON_EMPTY       trueDishwasher   400            AmeriÄka kuÄ‡a  empty house   United States - Connecticut -  Prodaja Stan zagrebaÄka IvaniÄ‡ Grad  Manje od 50m2 50 - 1 1 5    Agent    <li><span class=\"vertical\" style=\"margin-left: 0px; left: 0px;\"></span><span class=\"horizontal\" style=\"width: 0px; margin-left: 0px; left: 0px;\"></span><div id=\"2\"><span class=\"add_action\" title=\"Click for Add\"></span><span class=\"delete_action\" title=\"Click for Delete\"></span><span class=\"edit_action\" title=\"Click for Edit\"></span><span class=\"first_name\">1</span></div></li> SKIP_ON_EMPTY   SKIP_ON_EMPTY       truePerilica suÄ‘a   400           ',1,1,NULL,NULL,6,NULL,'5388052993_efdcb497f3_b.jpg','[\"5388052993_efdcb497f3_b.jpg\",\"2407030202_445d617c69_o.jpg\",\"5388054707_9e5cd581fe_b.jpg\"]',0,'2015-11-11 18:58:41',NULL,NULL,NULL,NULL,NULL,NULL,'::1',NULL),(18,NULL,NULL,'46.1689005, 16.3342306',46.168901,16.334231,'2014-01-02 14:12:36','2016-04-10 12:21:05',NULL,'Remetinec 23, Novi Marof, Croatia',NULL,38,NULL,0,'id: 18Remetinec 23, Novi Marof, Croatia Small beauty  empty house     Sale House VaraÅ¾dinska Novi Marof  50-100m2 90 - 1 1 5    Agent  90 40 <li><span style=\"margin-left: 20px; left: 20.1667px;\" class=\"vertical\"></span><span style=\"width: 0px; margin-left: 20px; left: 20.1667px;\" class=\"horizontal\"></span><span style=\"margin-left: 20px; left: 20.1667px;\" class=\"vertical\"></span><span style=\"width: 0px; margin-left: 20px; left: 20.1667px;\" class=\"horizontal\"></span><span style=\"margin-left: 20px; left: 20.1667px;\" class=\"vertical\"></span><span style=\"width: 0px; margin-left: 20px; left: 20.1667px;\" class=\"horizontal\"></span><span style=\"margin-left: 20px; left: 20.1667px;\" class=\"vertical\"></span><span style=\"width: 0px; margin-left: 20px; left: 20.1667px;\" class=\"horizontal\"></span><div id=\"1\"><span class=\"add_action\" title=\"Click for Add\"></span><span class=\"delete_action\" title=\"Click for Delete\"></span><span class=\"edit_action\" title=\"Click for Edit\"></span><span class=\"add_action\" title=\"Click for Add\"></span><span class=\"delete_action\" title=\"Click for Delete\"></span><span class=\"edit_action\" title=\"Click for Edit\"></span><span class=\"add_action\" title=\"Click for Add\"></span><span class=\"delete_action\" title=\"Click for Delete\"></span><span class=\"edit_action\" title=\"Click for Edit\"></span><span class=\"add_action\" title=\"Click for Add\"></span><span class=\"delete_action\" title=\"Click for Delete\"></span><span class=\"edit_action\" title=\"Click for Edit\"></span><span class=\"first_name\">1</span></div></li> 324   SKIP_ON_EMPTY       trueHeating  trueGrill trueParking    50         Malena ljepotica  empty house     Prodaja KuÄ‡a VaraÅ¾dinska Novi Marof  50-100m2 90 - 1 1 5    Agent    <li><span style=\"margin-left: 0px; left: 0px;\" class=\"vertical\"></span><span style=\"width: 0px; margin-left: 0px; left: 0px;\" class=\"horizontal\"></span><span style=\"margin-left: 0px; left: 0px;\" class=\"vertical\"></span><span style=\"width: 0px; margin-left: 0px; left: 0px;\" class=\"horizontal\"></span><span style=\"margin-left: 0px; left: 0px;\" class=\"vertical\"></span><span style=\"width: 0px; margin-left: 0px; left: 0px;\" class=\"horizontal\"></span><span style=\"margin-left: 0px; left: 0px;\" class=\"vertical\"></span><span style=\"width: 0px; margin-left: 0px; left: 0px;\" class=\"horizontal\"></span><div id=\"2\"><span class=\"add_action\" title=\"Click for Add\"></span><span class=\"delete_action\" title=\"Click for Delete\"></span><span class=\"edit_action\" title=\"Click for Edit\"></span><span class=\"add_action\" title=\"Click for Add\"></span><span class=\"delete_action\" title=\"Click for Delete\"></span><span class=\"edit_action\" title=\"Click for Edit\"></span><span class=\"add_action\" title=\"Click for Add\"></span><span class=\"delete_action\" title=\"Click for Delete\"></span><span class=\"edit_action\" title=\"Click for Edit\"></span><span class=\"add_action\" title=\"Click for Add\"></span><span class=\"delete_action\" title=\"Click for Delete\"></span><span class=\"edit_action\" title=\"Click for Edit\"></span><span class=\"first_name\">1</span></div></li> SKIP_ON_EMPTY   SKIP_ON_EMPTY       trueGrijanje trueInternet  trueRoÅ¡tilj    50        ',1,1,NULL,NULL,28,NULL,'1199605400_2b897736d1_o.jpg','[\"1199605400_2b897736d1_o.jpg\",\"5388051239_00764065f2_b.jpg\"]',0,'2015-11-11 18:58:41',NULL,NULL,NULL,NULL,NULL,NULL,'::1',NULL),(19,NULL,NULL,'45.9603589, 16.2439931',45.960359,16.243993,'2014-01-02 14:16:22','2016-02-10 19:46:55',NULL,'RadoiÅ¡Ä‡e 23, Sveti Ivan Zelina, Croatia',NULL,39,NULL,0,'id: 19RadoiÅ¡Ä‡e 23, Sveti Ivan Zelina, Croatia Retro old Retro,test empty house    Sale House Zagorje Sveti Ivan Zelika 11000 Less than 50m2 35 - 1 1 3    Agent  80 20 <li><span style=\"margin-left: 20px; left: 20.5px;\" class=\"vertical\"></span><span style=\"width: 0px; margin-left: 20px; left: 20.5px;\" class=\"horizontal\"></span><div id=\"1\"><span class=\"add_action\" title=\"Click for Add\"></span><span class=\"delete_action\" title=\"Click for Delete\"></span><span class=\"edit_action\" title=\"Click for Edit\"></span><span class=\"first_name\">1</span></div></li> 267    270       trueMicrowave  trueBalcony truePool trueParking       800 800     retro-old Stari retro  empty house    Prodaja KuÄ‡a Zagorje Sveti Ivan Zelika 11000 Manje od 50m2 35 - 1 1 3    Agent    <li><span style=\"margin-left: 0px; left: 0px;\" class=\"vertical\"></span><span style=\"width: 0px; margin-left: 0px; left: 0px;\" class=\"horizontal\"></span><div id=\"2\"><span class=\"add_action\" title=\"Click for Add\"></span><span class=\"delete_action\" title=\"Click for Delete\"></span><span class=\"edit_action\" title=\"Click for Edit\"></span><span class=\"first_name\">1</span></div></li> SKIP_ON_EMPTY    SKIP_ON_EMPTY       trueMikrovalna  trueBalkon trueBazen trueParking       800 800     stari-retro',1,1,NULL,NULL,116,NULL,'162803672_8244db2362_o.jpg','[\"162803672_8244db2362_o.jpg\",\"5388656350_fc498d8f1f_b.jpg\",\"5388051533_4e871bde69_b.jpg\"]',0,'2015-11-11 18:58:41',NULL,NULL,NULL,NULL,NULL,NULL,NULL,NULL),(29,NULL,NULL,'46.3785703, 16.0797348',46.378570,16.079735,'2014-03-07 20:12:14','2015-10-06 21:00:54',NULL,'Veliki lovreÄan',NULL,195,NULL,0,'id: 29Veliki lovreÄan My property new house   Sale Land VaraÅ¾dinska Cestica  50-100m2 60 -       Agent    289 Manitoba - Winnipeg -   SKIP_ON_EMPTY        Air conditioning Air conditioning  Cable TV Cable TV  Computer Computer  Dishwasher Dishwasher  Heating Heating  Internet Internet  Microwave Microwave   Balcony Balcony  Lift Lift  Grill Grill  Pool Pool  Parking Parking        700 700    Moja nekretnina novo house   Prodaja KuÄ‡a VaraÅ¾dinska Cestica  50-100m2 60 D 2 2 5    Agent    SKIP_ON_EMPTY    SKIP_ON_EMPTY       true Air conditioning Air conditioning true Cable TV Cable TV  Computer Computer  Dishwasher Dishwasher  Heating Heating  Internet Internet  Microwave Microwave  true Balcony Balcony  Lift Lift  Grill Grill  Pool Pool  Parking Parking        700 700   ',NULL,1,NULL,NULL,18,NULL,NULL,'[]',1,'2015-11-11 18:58:41',NULL,NULL,NULL,NULL,NULL,NULL,'::1',NULL),(30,NULL,NULL,'46.3731205, 16.1270403',46.373121,16.127040,'2014-10-09 01:33:21','2016-02-04 19:04:10',NULL,'Cestica',NULL,197,NULL,0,'id: 30Cestica Bjelovar estate empty apartment  <tr><td>A1</td><td>1</td><td>2</td><td>3</td><td>4</td></tr><tr><td>A2</td><td>1</td><td>2</td><td>3</td><td>4</td></tr><tr><td>A3</td><td>1</td><td>2</td><td>3</td><td>4</td></tr>  Rent Apartment Bjelovarska Bjelovar 42208 Less than 50m2 40 - 3 3 7 90,000.00   Agent - 70 20 <li><span style=\"margin-left: 20px; left: 20.8333px;\" class=\"vertical\"></span><span style=\"width: 0px; margin-left: 20px; left: 20.8333px;\" class=\"horizontal\"></span><span style=\"margin-left: 20px; left: 20.8333px;\" class=\"vertical\"></span><span style=\"width: 0px; margin-left: 20px; left: 20.8333px;\" class=\"horizontal\"></span><div class=\"ui-droppable ui-draggable\" id=\"1\"><span class=\"add_action\" title=\"Click for Add\"></span><span class=\"delete_action\" title=\"Click for Delete\"></span><span class=\"edit_action\" title=\"Click for Edit\"></span><span class=\"add_action\" title=\"Click for Add\"></span><span class=\"delete_action\" title=\"Click for Delete\"></span><span class=\"edit_action\" title=\"Click for Edit\"></span><span class=\"first_name\">1</span></div></li> 286 0  FieldGate properties 287 1234567890 http://www.google.com http://www.facebook.com http://www.twitter.com 0-24  trueAir conditioning trueComputer trueHeating trueInternet trueMicrowave  trueBalcony trueGrill truePool trueParking  600 600 600 600        bjelovar-estate Bjelovar nekretnina empty apartment  0  Najam Stan Bjelovarska Bjelovar 42208 Manje od 50m2 40 - 3 3 7 90.000,00   Agent - 70 20 <li><span style=\"margin-left: 0px; left: 0px;\" class=\"vertical\"></span><span style=\"width: 0px; margin-left: 0px; left: 0px;\" class=\"horizontal\"></span><span style=\"margin-left: 0px; left: 0px;\" class=\"vertical\"></span><span style=\"width: 0px; margin-left: 0px; left: 0px;\" class=\"horizontal\"></span><div class=\"ui-droppable ui-draggable\" id=\"2\"><span class=\"add_action\" title=\"Click for Add\"></span><span class=\"delete_action\" title=\"Click for Delete\"></span><span class=\"edit_action\" title=\"Click for Edit\"></span><span class=\"add_action\" title=\"Click for Add\"></span><span class=\"delete_action\" title=\"Click for Delete\"></span><span class=\"edit_action\" title=\"Click for Edit\"></span><span class=\"first_name\">1</span></div></li> 0 0  FieldGate properties 2 0 1234567890 http://www.google.com http://www.facebook.com http://www.twitter.com 0-24  trueKlimatizacija trueRaÄunalo trueGrijanje trueInternet trueMikrovalna  trueBalkon trueRoÅ¡tilj trueBazen trueParking  600 600 600 600        bjelovar-nekretnina',1,1,NULL,'2015-04-15 22:24:09',754,NULL,'431262903_9d77804a5b_o (1).jpg','[\"431262903_9d77804a5b_o (1).jpg\",\"431267985_286ac5c8cd_o (1).jpg\"]',0,'2015-11-11 18:58:41',NULL,NULL,NULL,NULL,NULL,NULL,'::1',NULL);

--
-- Table structure for table `property_lang`
--

DROP TABLE IF EXISTS `property_lang`;
/*!40101 SET @saved_cs_client     = @@character_set_client */;
/*!40101 SET character_set_client = utf8 */;
CREATE TABLE `property_lang` (
  `l_id` int(11) NOT NULL AUTO_INCREMENT,
  `property_id` int(11) NOT NULL,
  `language_id` int(11) NOT NULL,
  `json_object` text COLLATE utf8_unicode_ci,
  `field_36_int` int(11) DEFAULT NULL COMMENT 'Sale price',
  `field_37_int` int(11) DEFAULT NULL COMMENT 'Rent price (excl)',
  `field_55_int` int(11) DEFAULT NULL COMMENT 'Rent price (incl)',
  `field_19_int` int(11) DEFAULT NULL,
  `field_20_int` int(11) DEFAULT NULL,
  `field_58_int` int(11) DEFAULT NULL,
  `field_57_int` int(11) DEFAULT NULL,
  `field_56_int` int(11) DEFAULT NULL,
  `field_59_int` int(11) DEFAULT NULL,
  `field_4` varchar(200) COLLATE utf8_unicode_ci DEFAULT NULL,
  `field_2` varchar(200) COLLATE utf8_unicode_ci DEFAULT NULL,
  `field_5` varchar(200) COLLATE utf8_unicode_ci DEFAULT NULL,
  `field_7` varchar(200) COLLATE utf8_unicode_ci DEFAULT NULL,
  PRIMARY KEY (`l_id`),
  KEY `fk_property_lang_property1_idx` (`property_id`),
  KEY `fk_property_lang_language1_idx` (`language_id`),
  CONSTRAINT `fk_property_lang_language1` FOREIGN KEY (`language_id`) REFERENCES `language` (`id`) ON DELETE NO ACTION ON UPDATE NO ACTION,
  CONSTRAINT `fk_property_lang_property1` FOREIGN KEY (`property_id`) REFERENCES `property` (`id`) ON DELETE NO ACTION ON UPDATE NO ACTION
) ENGINE=InnoDB AUTO_INCREMENT=389 DEFAULT CHARSET=utf8 COLLATE=utf8_unicode_ci;
/*!40101 SET character_set_client = @saved_cs_client */;

--
-- Dumping data for table `property_lang`
--

INSERT INTO `property_lang` VALUES (357,14,1,'{\"field_10\":\"Black glass house\",\"field_8\":\"Lorem ipsum dolor sit amet, consectetur adipiscing elit. Sed vulputate \\r\\nnec neque gravida rhoncus. Donec sit amet blandit mauris, sed bibendum \\r\\nrisus.\",\"field_17\":\"<p>\\r\\nLorem ipsum dolor sit amet, consectetur adipiscing elit. Sed vulputate \\r\\nnec neque gravida rhoncus. Donec sit amet blandit mauris, sed bibendum \\r\\nrisus. Cras ut urna semper, facilisis augue sed, imperdiet nulla. Duis \\r\\ntristique tellus tortor, dapibus gravida sem sodales id. Nullam quis \\r\\nconvallis libero, vitae pulvinar nisi.<\\/p><p><span style=\\\"font-weight: bold;\\\">Nam eget est facilisis, porta mi \\r\\nac, ultricies enim. Proin nisi diam, eleifend ac eleifend in, dapibus in\\r\\n orci. Vestibulum elementum lectus non nisl venenatis, tempus molestie \\r\\nnisi tempus. Pellentesque facilisis nibh nec purus blandit, id aliquam \\r\\nlorem fermentum.\\r\\n<\\/span><\\/p>\\r\\n<p>\\r\\n<span style=\\\"font-style: italic;\\\">Ut erat lacus, sagittis ac leo eu, molestie mattis libero. Nam sit amet \\r\\nmassa et magna porttitor eleifend a aliquam nunc. Pellentesque a est a \\r\\naugue dignissim tristique eu nec augue. Integer pretium sollicitudin \\r\\ntellus, quis hendrerit nunc accumsan et. Fusce bibendum a neque vel \\r\\nfringilla. Vivamus viverra enim at purus gravida, in elementum neque \\r\\neleifend. Curabitur sodales dapibus urna, at mattis lacus eleifend non. \\r\\nDonec ultricies porta orci eu congue. Nulla sodales arcu a libero \\r\\naliquet, nec aliquam ante sagittis.<\\/span><\\/p>\",\"field_38\":\"action\",\"field_6\":\"house\",\"field_56\":\"5\",\"field_76\":\"\",\"field_1\":\"0\",\"field_4\":\"Sale\",\"field_2\":\"House\",\"field_5\":\"Zagreb\",\"field_7\":\"Zagreb\",\"field_40\":\"\",\"field_3\":\"More than 100m2\",\"field_57\":\"200\",\"field_39\":\"-\",\"field_19\":\"2\",\"field_20\":\"2\",\"field_58\":\"20\",\"field_36\":\"\",\"field_55\":\"\",\"field_37\":\"\",\"field_54\":\"Owner\",\"field_53\":\"3\",\"field_59\":\"80\",\"field_60\":\"30\",\"field_77\":\"\",\"field_65\":\"290\",\"field_64\":\"United States - North Carolina -\",\"field_66\":\"0\",\"field_67\":\"\",\"field_68\":\"\",\"field_69\":\"\",\"field_70\":\"\",\"field_71\":\"\",\"field_72\":\"\",\"field_73\":\"\",\"field_21\":\"0\",\"field_22\":\"true\",\"field_23\":\"true\",\"field_24\":\"true\",\"field_25\":\"0\",\"field_28\":\"0\",\"field_29\":\"0\",\"field_31\":\"true\",\"field_52\":\"0\",\"field_11\":\"true\",\"field_30\":\"true\",\"field_27\":\"0\",\"field_33\":\"true\",\"field_32\":\"true\",\"field_43\":\"0\",\"field_44\":\"500\",\"field_45\":\"500\",\"field_46\":\"500\",\"field_47\":\"500\",\"field_48\":\"500\",\"field_49\":\"500\",\"field_50\":\"500\",\"field_51\":\"600\",\"field_9\":\"0\",\"field_12\":\"\",\"field_42\":\"0\"}',NULL,NULL,NULL,2,2,20,200,5,80,'Sale','House','Zagreb','Zagreb'),(358,14,2,'{\"field_10\":\"KuÄ‡a crno staklo\",\"field_8\":\"Lorem ipsum dolor sit amet, consectetur adipiscing elit. Sed vulputate \\r\\nnec neque gravida rhoncus. Donec sit amet blandit mauris, sed bibendum \\r\\nrisus.\",\"field_17\":\"<p>\\r\\nLorem ipsum dolor sit amet, consectetur adipiscing elit. Sed vulputate \\r\\nnec neque gravida rhoncus. Donec sit amet blandit mauris, sed bibendum \\r\\nrisus. Cras ut urna semper, facilisis augue sed, imperdiet nulla. Duis \\r\\ntristique tellus tortor, dapibus gravida sem sodales id. Nullam quis \\r\\nconvallis libero, vitae pulvinar nisi.<\\/p><p><span style=\\\"font-weight: bold;\\\">Nam eget est facilisis, porta mi \\r\\nac, ultricies enim. Proin nisi diam, eleifend ac eleifend in, dapibus in\\r\\n orci. Vestibulum elementum lectus non nisl venenatis, tempus molestie \\r\\nnisi tempus. Pellentesque facilisis nibh nec purus blandit, id aliquam \\r\\nlorem fermentum.\\r\\n<\\/span><\\/p>\\r\\n<p>\\r\\n<span style=\\\"font-style: italic;\\\">Ut erat lacus, sagittis ac leo eu, molestie mattis libero. Nam sit amet \\r\\nmassa et magna porttitor eleifend a aliquam nunc. Pellentesque a est a \\r\\naugue dignissim tristique eu nec augue. Integer pretium sollicitudin \\r\\ntellus, quis hendrerit nunc accumsan et. Fusce bibendum a neque vel \\r\\nfringilla. Vivamus viverra enim at purus gravida, in elementum neque \\r\\neleifend. Curabitur sodales dapibus urna, at mattis lacus eleifend non. \\r\\nDonec ultricies porta orci eu congue. Nulla sodales arcu a libero \\r\\naliquet, nec aliquam ante sagittis.<\\/span><\\/p>\",\"field_38\":\"empty\",\"field_6\":\"house\",\"field_56\":\"5\",\"field_76\":\"\",\"field_1\":\"0\",\"field_4\":\"Prodaja\",\"field_2\":\"KuÄ‡a\",\"field_5\":\"Zagreb\",\"field_7\":\"Zagreb\",\"field_40\":\"\",\"field_3\":\"ViÅ¡e od 100m2\",\"field_57\":\"200\",\"field_39\":\"-\",\"field_19\":\"2\",\"field_20\":\"2\",\"field_58\":\"20\",\"field_36\":\"\",\"field_55\":\"\",\"field_37\":\"\",\"field_54\":\"Vlasnik\",\"field_53\":\"3\",\"field_59\":\"80\",\"field_60\":\"30\",\"field_77\":\"\",\"field_64\":\"United States - North Carolina -\",\"field_66\":\"0\",\"field_67\":\"\",\"field_68\":\"\",\"field_69\":\"\",\"field_70\":\"\",\"field_71\":\"\",\"field_72\":\"\",\"field_73\":\"\",\"field_21\":\"0\",\"field_22\":\"true\",\"field_23\":\"true\",\"field_24\":\"true\",\"field_25\":\"0\",\"field_28\":\"0\",\"field_29\":\"0\",\"field_31\":\"true\",\"field_52\":\"0\",\"field_11\":\"true\",\"field_30\":\"true\",\"field_27\":\"0\",\"field_33\":\"true\",\"field_32\":\"true\",\"field_43\":\"0\",\"field_44\":\"500\",\"field_45\":\"500\",\"field_46\":\"500\",\"field_47\":\"500\",\"field_48\":\"500\",\"field_49\":\"500\",\"field_50\":\"500\",\"field_51\":\"600\",\"field_9\":\"0\",\"field_12\":\"\",\"field_42\":\"0\"}',NULL,NULL,NULL,2,2,20,200,5,80,'Prodaja','KuÄ‡a','Zagreb','Zagreb'),(359,12,1,'{\"field_10\":\"Retro House\",\"field_8\":\"Lorem ipsum dolor sit amet, consectetur adipiscing elit. Sed vulputate \\r\\nnec neque gravida rhoncus. Donec sit amet blandit mauris, sed bibendum \\r\\nrisus. Cras ut urna semper, facilisis augue sed, imperdiet nulla. Duis \\r\\ntristique tellus tortor, dapibus gravida sem sodales id. Nullam quis \\r\\nconvallis libero, vitae pulvinar nisi.\",\"field_17\":\"<p>\\r\\nLorem ipsum dolor sit amet, consectetur adipiscing elit. Sed vulputate \\r\\nnec neque gravida rhoncus. Donec sit amet blandit mauris, sed bibendum \\r\\nrisus. Cras ut urna semper, facilisis augue sed, imperdiet nulla. Duis \\r\\ntristique tellus tortor, dapibus gravida sem sodales id. Nullam quis \\r\\nconvallis libero, vitae pulvinar nisi.<\\/p><p><span style=\\\"font-weight: bold;\\\">Nam eget est facilisis, porta mi \\r\\nac, ultricies enim. Proin nisi diam, eleifend ac eleifend in, dapibus in\\r\\n orci. Vestibulum elementum lectus non nisl venenatis, tempus molestie \\r\\nnisi tempus. Pellentesque facilisis nibh nec purus blandit, id aliquam \\r\\nlorem fermentum.\\r\\n<\\/span><\\/p>\\r\\n<p>\\r\\n<span style=\\\"font-style: italic;\\\">Ut erat lacus, sagittis ac leo eu, molestie mattis libero. Nam sit amet \\r\\nmassa et magna porttitor eleifend a aliquam nunc. Pellentesque a est a \\r\\naugue dignissim tristique eu nec augue. Integer pretium sollicitudin \\r\\ntellus, quis hendrerit nunc accumsan et. Fusce bibendum a neque vel \\r\\nfringilla. Vivamus viverra enim at purus gravida, in elementum neque \\r\\neleifend. Curabitur sodales dapibus urna, at mattis lacus eleifend non. \\r\\nDonec ultricies porta orci eu congue. Nulla sodales arcu a libero \\r\\naliquet, nec aliquam ante sagittis.<\\/span><\\/p>\",\"field_38\":\"new\",\"field_6\":\"house\",\"field_56\":\"\",\"field_76\":\"\",\"field_1\":\"0\",\"field_4\":\"Sale\",\"field_2\":\"House\",\"field_5\":\"VaraÅ¾dinska\",\"field_7\":\"Trnovec BartoloveÄki\",\"field_40\":\"\",\"field_3\":\"50-100m2\",\"field_57\":\"60\",\"field_39\":\"-\",\"field_19\":\"1\",\"field_20\":\"1\",\"field_58\":\"6\",\"field_36\":\"60000\",\"field_55\":\"\",\"field_37\":\"\",\"field_54\":\"Agent\",\"field_53\":\"\",\"field_59\":\"300\",\"field_60\":\"100\",\"field_64\":\"United States - Virginia -\",\"field_66\":\"0\",\"field_67\":\"\",\"field_68\":\"\",\"field_69\":\"\",\"field_70\":\"\",\"field_71\":\"\",\"field_72\":\"\",\"field_73\":\"\",\"field_21\":\"0\",\"field_22\":\"true\",\"field_23\":\"true\",\"field_24\":\"true\",\"field_25\":\"true\",\"field_28\":\"0\",\"field_29\":\"0\",\"field_31\":\"true\",\"field_52\":\"0\",\"field_11\":\"true\",\"field_30\":\"0\",\"field_27\":\"true\",\"field_33\":\"0\",\"field_32\":\"0\",\"field_43\":\"0\",\"field_44\":\"\",\"field_45\":\"\",\"field_46\":\"\",\"field_47\":\"\",\"field_48\":\"\",\"field_49\":\"1200\",\"field_50\":\"1200\",\"field_51\":\"1200\",\"field_9\":\"0\",\"field_12\":\"\",\"field_42\":\"0\"}',60000,NULL,NULL,1,1,6,60,NULL,300,'Sale','House','VaraÅ¾dinska','Trnovec BartoloveÄki'),(360,12,2,'{\"field_10\":\"Retro kuÄ‡a\",\"field_8\":\"Lorem ipsum dolor sit amet, consectetur adipiscing elit. Sed vulputate \\r\\nnec neque gravida rhoncus. Donec sit amet blandit mauris, sed bibendum \\r\\nrisus. Cras ut urna semper, facilisis augue sed, imperdiet nulla. Duis \\r\\ntristique tellus tortor, dapibus gravida sem sodales id. Nullam quis \\r\\nconvallis libero, vitae pulvinar nisi.\",\"field_17\":\"<p>\\r\\nLorem ipsum dolor sit amet, consectetur adipiscing elit. Sed vulputate \\r\\nnec neque gravida rhoncus. Donec sit amet blandit mauris, sed bibendum \\r\\nrisus. Cras ut urna semper, facilisis augue sed, imperdiet nulla. Duis \\r\\ntristique tellus tortor, dapibus gravida sem sodales id. Nullam quis \\r\\nconvallis libero, vitae pulvinar nisi.<\\/p><p><span style=\\\"font-weight: bold;\\\">Nam eget est facilisis, porta mi \\r\\nac, ultricies enim. Proin nisi diam, eleifend ac eleifend in, dapibus in\\r\\n orci. Vestibulum elementum lectus non nisl venenatis, tempus molestie \\r\\nnisi tempus. Pellentesque facilisis nibh nec purus blandit, id aliquam \\r\\nlorem fermentum.\\r\\n<\\/span><\\/p>\\r\\n<p>\\r\\n<span style=\\\"font-style: italic;\\\">Ut erat lacus, sagittis ac leo eu, molestie mattis libero. Nam sit amet \\r\\nmassa et magna porttitor eleifend a aliquam nunc. Pellentesque a est a \\r\\naugue dignissim tristique eu nec augue. Integer pretium sollicitudin \\r\\ntellus, quis hendrerit nunc accumsan et. Fusce bibendum a neque vel \\r\\nfringilla. Vivamus viverra enim at purus gravida, in elementum neque \\r\\neleifend. Curabitur sodales dapibus urna, at mattis lacus eleifend non. \\r\\nDonec ultricies porta orci eu congue. Nulla sodales arcu a libero \\r\\naliquet, nec aliquam ante sagittis.<\\/span><\\/p>\",\"field_38\":\"empty\",\"field_6\":\"house\",\"field_56\":\"\",\"field_76\":\"\",\"field_1\":\"0\",\"field_4\":\"Prodaja\",\"field_2\":\"KuÄ‡a\",\"field_5\":\"VaraÅ¾dinska\",\"field_7\":\"Trnovec BartoloveÄki\",\"field_40\":\"\",\"field_3\":\"Manje od 50m2\",\"field_57\":\"60\",\"field_39\":\"-\",\"field_19\":\"1\",\"field_20\":\"1\",\"field_58\":\"6\",\"field_36\":\"50000\",\"field_55\":\"\",\"field_37\":\"\",\"field_54\":\"Agent\",\"field_53\":\"\",\"field_59\":\"\",\"field_60\":\"\",\"field_64\":\"United States - Virginia -\",\"field_66\":\"0\",\"field_67\":\"\",\"field_68\":\"\",\"field_69\":\"\",\"field_70\":\"\",\"field_71\":\"\",\"field_72\":\"\",\"field_73\":\"\",\"field_21\":\"0\",\"field_22\":\"true\",\"field_23\":\"true\",\"field_24\":\"true\",\"field_25\":\"true\",\"field_28\":\"0\",\"field_29\":\"0\",\"field_31\":\"0\",\"field_52\":\"0\",\"field_11\":\"true\",\"field_30\":\"0\",\"field_27\":\"true\",\"field_33\":\"0\",\"field_32\":\"0\",\"field_43\":\"0\",\"field_44\":\"\",\"field_45\":\"\",\"field_46\":\"\",\"field_47\":\"\",\"field_48\":\"\",\"field_49\":\"1200\",\"field_50\":\"1200\",\"field_51\":\"1200\",\"field_9\":\"0\",\"field_12\":\"\",\"field_42\":\"0\"}',50000,NULL,NULL,1,1,6,60,NULL,NULL,'Prodaja','KuÄ‡a','VaraÅ¾dinska','Trnovec BartoloveÄki'),(361,8,1,'{\"field_10\":\"Ozalj apartment\",\"field_78\":\"Apartment,Test\",\"field_8\":\"Lorem ipsum dolor sit amet, consectetur adipiscing elit. Sed vulputate \\r\\nnec neque gravida rhoncus. Donec sit amet blandit mauris, sed bibendum \\r\\nrisus. Cras ut urna semper, facilisis augue sed, imperdiet nulla. Duis \\r\\ntristique tellus tortor, dapibus gravida sem sodales id. Nullam quis \\r\\nconvallis libero, vitae pulvinar nisi.\",\"field_17\":\"<p>\\r\\nLorem ipsum dolor sit amet, consectetur adipiscing elit. Sed vulputate \\r\\nnec neque gravida rhoncus. Donec sit amet blandit mauris, sed bibendum \\r\\nrisus. Cras ut urna semper, facilisis augue sed, imperdiet nulla. Duis \\r\\ntristique tellus tortor, dapibus gravida sem sodales id. Nullam quis \\r\\nconvallis libero, vitae pulvinar nisi.<\\/p><p><span style=\\\"font-weight: bold;\\\">Nam eget est facilisis, porta mi \\r\\nac, ultricies enim. Proin nisi diam, eleifend ac eleifend in, dapibus in\\r\\n orci. Vestibulum elementum lectus non nisl venenatis, tempus molestie \\r\\nnisi tempus. Pellentesque facilisis nibh nec purus blandit, id aliquam \\r\\nlorem fermentum.\\r\\n<\\/span><\\/p>\\r\\n<p>\\r\\n<span style=\\\"font-style: italic;\\\">Ut erat lacus, sagittis ac leo eu, molestie mattis libero. Nam sit amet \\r\\nmassa et magna porttitor eleifend a aliquam nunc. Pellentesque a est a \\r\\naugue dignissim tristique eu nec augue. Integer pretium sollicitudin \\r\\ntellus, quis hendrerit nunc accumsan et. Fusce bibendum a neque vel \\r\\nfringilla. Vivamus viverra enim at purus gravida, in elementum neque \\r\\neleifend. Curabitur sodales dapibus urna, at mattis lacus eleifend non. \\r\\nDonec ultricies porta orci eu congue. Nulla sodales arcu a libero \\r\\naliquet, nec aliquam ante sagittis.<\\/span><\\/p>\",\"field_38\":\"sold\",\"field_6\":\"apartment\",\"field_56\":\"\",\"field_76\":\"\",\"field_1\":\"0\",\"field_4\":\"Rent\",\"field_2\":\"Apartment\",\"field_5\":\"Gorski Kotar\",\"field_7\":\"Ozalj\",\"field_40\":\"\",\"field_3\":\"Less than 50m2\",\"field_57\":\"48\",\"field_39\":\"-\",\"field_19\":\"1\",\"field_20\":\"1\",\"field_58\":\"4\",\"field_36\":\"\",\"field_55\":\"\",\"field_37\":\"\",\"field_54\":\"Agent\",\"field_53\":\"\",\"field_59\":\"300\",\"field_60\":\"30\",\"field_77\":\"<li><span style=\\\"margin-left: 20px; left: 20.8333px;\\\" class=\\\"vertical\\\"><\\/span><span style=\\\"width: 0px; margin-left: 20px; left: 20.8333px;\\\" class=\\\"horizontal\\\"><\\/span><span style=\\\"margin-left: 20px; left: 20.8333px;\\\" class=\\\"vertical\\\"><\\/span><span style=\\\"width: 0px; margin-left: 20px; left: 20.8333px;\\\" class=\\\"horizontal\\\"><\\/span><div id=\\\"1\\\"><span class=\\\"add_action\\\" title=\\\"Click for Add\\\"><\\/span><span class=\\\"delete_action\\\" title=\\\"Click for Delete\\\"><\\/span><span class=\\\"edit_action\\\" title=\\\"Click for Edit\\\"><\\/span><span class=\\\"add_action\\\" title=\\\"Click for Add\\\"><\\/span><span class=\\\"delete_action\\\" title=\\\"Click for Delete\\\"><\\/span><span class=\\\"edit_action\\\" title=\\\"Click for Edit\\\"><\\/span><span class=\\\"first_name\\\">1<\\/span><\\/div><\\/li>\",\"field_64\":\"United States - New York -\",\"field_66\":\"0\",\"field_67\":\"\",\"field_68\":\"\",\"field_69\":\"\",\"field_70\":\"\",\"field_71\":\"\",\"field_72\":\"\",\"field_73\":\"\",\"field_21\":\"0\",\"field_22\":\"true\",\"field_23\":\"0\",\"field_24\":\"true\",\"field_25\":\"0\",\"field_28\":\"true\",\"field_29\":\"true\",\"field_31\":\"true\",\"field_52\":\"0\",\"field_11\":\"true\",\"field_30\":\"0\",\"field_27\":\"true\",\"field_33\":\"0\",\"field_32\":\"true\",\"field_43\":\"0\",\"field_44\":\"\",\"field_45\":\"\",\"field_46\":\"\",\"field_47\":\"\",\"field_48\":\"\",\"field_49\":\"1200\",\"field_50\":\"1500\",\"field_51\":\"1500\",\"field_9\":\"0\",\"field_12\":\"<iframe width=\\\"560\\\" height=\\\"315\\\" src=\\\"\\/\\/www.youtube.com\\/embed\\/FvMCKrwo8Hc\\\" frameborder=\\\"0\\\" allowfullscreen><\\/iframe>\",\"field_42\":\"0\"}',NULL,NULL,NULL,1,1,4,48,NULL,300,'Rent','Apartment','Gorski Kotar','Ozalj'),(362,8,2,'{\"field_10\":\"Ozalj apartman\",\"field_78\":\"\",\"field_8\":\"Lorem ipsum dolor sit amet, consectetur adipiscing elit. Sed vulputate \\r\\nnec neque gravida rhoncus. Donec sit amet blandit mauris, sed bibendum \\r\\nrisus. Cras ut urna semper, facilisis augue sed, imperdiet nulla. Duis \\r\\ntristique tellus tortor, dapibus gravida sem sodales id. Nullam quis \\r\\nconvallis libero, vitae pulvinar nisi.\",\"field_17\":\"<p>\\r\\nLorem ipsum dolor sit amet, consectetur adipiscing elit. Sed vulputate \\r\\nnec neque gravida rhoncus. Donec sit amet blandit mauris, sed bibendum \\r\\nrisus. Cras ut urna semper, facilisis augue sed, imperdiet nulla. Duis \\r\\ntristique tellus tortor, dapibus gravida sem sodales id. Nullam quis \\r\\nconvallis libero, vitae pulvinar nisi.<\\/p><p><span style=\\\"font-weight: bold;\\\">Nam eget est facilisis, porta mi \\r\\nac, ultricies enim. Proin nisi diam, eleifend ac eleifend in, dapibus in\\r\\n orci. Vestibulum elementum lectus non nisl venenatis, tempus molestie \\r\\nnisi tempus. Pellentesque facilisis nibh nec purus blandit, id aliquam \\r\\nlorem fermentum.\\r\\n<\\/span><\\/p>\\r\\n<p>\\r\\n<span style=\\\"font-style: italic;\\\">Ut erat lacus, sagittis ac leo eu, molestie mattis libero. Nam sit amet \\r\\nmassa et magna porttitor eleifend a aliquam nunc. Pellentesque a est a \\r\\naugue dignissim tristique eu nec augue. Integer pretium sollicitudin \\r\\ntellus, quis hendrerit nunc accumsan et. Fusce bibendum a neque vel \\r\\nfringilla. Vivamus viverra enim at purus gravida, in elementum neque \\r\\neleifend. Curabitur sodales dapibus urna, at mattis lacus eleifend non. \\r\\nDonec ultricies porta orci eu congue. Nulla sodales arcu a libero \\r\\naliquet, nec aliquam ante sagittis.<\\/span><\\/p>\",\"field_38\":\"prodano\",\"field_6\":\"apartment\",\"field_56\":\"\",\"field_76\":\"\",\"field_1\":\"0\",\"field_4\":\"Najam\",\"field_2\":\"Stan\",\"field_5\":\"Gorski Kotar\",\"field_7\":\"Ozalj\",\"field_40\":\"\",\"field_3\":\"Manje od 50m2\",\"field_57\":\"48\",\"field_39\":\"-\",\"field_19\":\"1\",\"field_20\":\"1\",\"field_58\":\"4\",\"field_36\":\"\",\"field_55\":\"\",\"field_37\":\"\",\"field_54\":\"Agent\",\"field_53\":\"\",\"field_59\":\"\",\"field_60\":\"\",\"field_77\":\"<li><span style=\\\"margin-left: 0px; left: 0px;\\\" class=\\\"vertical\\\"><\\/span><span style=\\\"width: 0px; margin-left: 0px; left: 0px;\\\" class=\\\"horizontal\\\"><\\/span><span style=\\\"margin-left: 0px; left: 0px;\\\" class=\\\"vertical\\\"><\\/span><span style=\\\"width: 0px; margin-left: 0px; left: 0px;\\\" class=\\\"horizontal\\\"><\\/span><div id=\\\"2\\\"><span class=\\\"add_action\\\" title=\\\"Click for Add\\\"><\\/span><span class=\\\"delete_action\\\" title=\\\"Click for Delete\\\"><\\/span><span class=\\\"edit_action\\\" title=\\\"Click for Edit\\\"><\\/span><span class=\\\"add_action\\\" title=\\\"Click for Add\\\"><\\/span><span class=\\\"delete_action\\\" title=\\\"Click for Delete\\\"><\\/span><span class=\\\"edit_action\\\" title=\\\"Click for Edit\\\"><\\/span><span class=\\\"first_name\\\">1<\\/span><\\/div><\\/li>\",\"field_64\":\"United States - New York -\",\"field_66\":\"0\",\"field_67\":\"\",\"field_68\":\"\",\"field_69\":\"\",\"field_70\":\"\",\"field_71\":\"\",\"field_72\":\"\",\"field_73\":\"\",\"field_21\":\"0\",\"field_22\":\"true\",\"field_23\":\"0\",\"field_24\":\"true\",\"field_25\":\"0\",\"field_28\":\"true\",\"field_29\":\"true\",\"field_31\":\"true\",\"field_52\":\"0\",\"field_11\":\"true\",\"field_30\":\"0\",\"field_27\":\"0\",\"field_33\":\"0\",\"field_32\":\"true\",\"field_43\":\"0\",\"field_44\":\"\",\"field_45\":\"\",\"field_46\":\"\",\"field_47\":\"\",\"field_48\":\"\",\"field_49\":\"1200\",\"field_50\":\"1500\",\"field_51\":\"1500\",\"field_9\":\"0\",\"field_12\":\"<iframe width=\\\"560\\\" height=\\\"315\\\" src=\\\"\\/\\/www.youtube.com\\/embed\\/FvMCKrwo8Hc\\\" frameborder=\\\"0\\\" allowfullscreen><\\/iframe>\",\"field_42\":\"0\"}',NULL,NULL,NULL,1,1,4,48,NULL,NULL,'Najam','Stan','Gorski Kotar','Ozalj'),(363,30,1,'{\"field_10\":\"Bjelovar estate\",\"field_8\":\"Lorem ipsum dolor sit amet, consectetur adipiscing elit. Sed vulputate \\r\\nnec neque gravida rhoncus. Donec sit amet blandit mauris, sed bibendum \\r\\nrisus.\",\"field_17\":\"<p>\\r\\nLorem ipsum dolor sit amet, consectetur adipiscing elit. Sed vulputate \\r\\nnec neque gravida rhoncus. Donec sit amet blandit mauris, sed bibendum \\r\\nrisus. Cras ut urna semper, facilisis augue sed, imperdiet nulla. Duis \\r\\ntristique tellus tortor, dapibus gravida sem sodales id. Nullam quis \\r\\nconvallis libero, vitae pulvinar nisi.<\\/p><p><span style=\\\"font-weight: bold;\\\">Nam eget est facilisis, porta mi \\r\\nac, ultricies enim. Proin nisi diam, eleifend ac eleifend in, dapibus in\\r\\n orci. Vestibulum elementum lectus non nisl venenatis, tempus molestie \\r\\nnisi tempus. Pellentesque facilisis nibh nec purus blandit, id aliquam \\r\\nlorem fermentum.\\r\\n<\\/span><\\/p>\\r\\n<p>\\r\\n<span style=\\\"font-style: italic;\\\">Ut erat lacus, sagittis ac leo eu, molestie mattis libero. Nam sit amet \\r\\nmassa et magna porttitor eleifend a aliquam nunc. Pellentesque a est a \\r\\naugue dignissim tristique eu nec augue. Integer pretium sollicitudin \\r\\ntellus, quis hendrerit nunc accumsan et. Fusce bibendum a neque vel \\r\\nfringilla. Vivamus viverra enim at purus gravida, in elementum neque \\r\\neleifend. Curabitur sodales dapibus urna, at mattis lacus eleifend non. \\r\\nDonec ultricies porta orci eu congue. Nulla sodales arcu a libero \\r\\naliquet, nec aliquam ante sagittis.<\\/span><\\/p>\",\"field_38\":\"empty\",\"field_6\":\"apartment\",\"field_56\":\"\",\"field_76\":\"<tr><td>A1<\\/td><td>1<\\/td><td>2<\\/td><td>3<\\/td><td>4<\\/td><\\/tr><tr><td>A2<\\/td><td>1<\\/td><td>2<\\/td><td>3<\\/td><td>4<\\/td><\\/tr><tr><td>A3<\\/td><td>1<\\/td><td>2<\\/td><td>3<\\/td><td>4<\\/td><\\/tr>\",\"field_1\":\"0\",\"field_4\":\"Rent\",\"field_2\":\"Apartment\",\"field_5\":\"Bjelovarska\",\"field_7\":\"Bjelovar\",\"field_40\":\"42208\",\"field_3\":\"Less than 50m2\",\"field_57\":\"40\",\"field_39\":\"-\",\"field_19\":\"3\",\"field_20\":\"3\",\"field_58\":\"7\",\"field_36\":\"90,000.00\",\"field_55\":\"\",\"field_37\":\"\",\"field_54\":\"Agent\",\"field_53\":\"-\",\"field_59\":\"70\",\"field_60\":\"20\",\"field_77\":\"<li><span style=\\\"margin-left: 20px; left: 20.8333px;\\\" class=\\\"vertical\\\"><\\/span><span style=\\\"width: 0px; margin-left: 20px; left: 20.8333px;\\\" class=\\\"horizontal\\\"><\\/span><span style=\\\"margin-left: 20px; left: 20.8333px;\\\" class=\\\"vertical\\\"><\\/span><span style=\\\"width: 0px; margin-left: 20px; left: 20.8333px;\\\" class=\\\"horizontal\\\"><\\/span><div class=\\\"ui-droppable ui-draggable\\\" id=\\\"1\\\"><span class=\\\"add_action\\\" title=\\\"Click for Add\\\"><\\/span><span class=\\\"delete_action\\\" title=\\\"Click for Delete\\\"><\\/span><span class=\\\"edit_action\\\" title=\\\"Click for Edit\\\"><\\/span><span class=\\\"add_action\\\" title=\\\"Click for Add\\\"><\\/span><span class=\\\"delete_action\\\" title=\\\"Click for Delete\\\"><\\/span><span class=\\\"edit_action\\\" title=\\\"Click for Edit\\\"><\\/span><span class=\\\"first_name\\\">1<\\/span><\\/div><\\/li>\",\"field_65\":\"286\",\"field_64\":\"United States - New Mexico -\",\"field_66\":\"0\",\"field_67\":\"FieldGate properties\",\"field_74\":\"287\",\"field_68\":\"1234567890\",\"field_69\":\"http:\\/\\/www.google.com\",\"field_70\":\"http:\\/\\/www.facebook.com\",\"field_71\":\"http:\\/\\/www.twitter.com\",\"field_72\":\"345 Dixon Road\\r\\nToronto Ontario M9R 15G\\r\\n(Dixon &amp; Kipling)\",\"field_73\":\"0-24\",\"field_21\":\"0\",\"field_22\":\"true\",\"field_23\":\"0\",\"field_24\":\"true\",\"field_25\":\"0\",\"field_28\":\"true\",\"field_29\":\"true\",\"field_31\":\"true\",\"field_52\":\"0\",\"field_11\":\"true\",\"field_30\":\"0\",\"field_27\":\"true\",\"field_33\":\"true\",\"field_32\":\"true\",\"field_43\":\"0\",\"field_44\":\"600\",\"field_45\":\"600\",\"field_46\":\"600\",\"field_47\":\"600\",\"field_48\":\"\",\"field_49\":\"\",\"field_50\":\"\",\"field_51\":\"\",\"field_9\":\"0\",\"field_12\":\"\",\"field_42\":\"0\"}',90000,NULL,NULL,3,3,7,40,NULL,70,'Rent','Apartment','Bjelovarska','Bjelovar'),(364,30,2,'{\"field_10\":\"Bjelovar nekretnina\",\"field_8\":\"Lorem ipsum dolor sit amet, consectetur adipiscing elit. Sed vulputate \\r\\nnec neque gravida rhoncus. Donec sit amet blandit mauris, sed bibendum \\r\\nrisus.\",\"field_17\":\"<p>\\r\\nLorem ipsum dolor sit amet, consectetur adipiscing elit. Sed vulputate \\r\\nnec neque gravida rhoncus. Donec sit amet blandit mauris, sed bibendum \\r\\nrisus. Cras ut urna semper, facilisis augue sed, imperdiet nulla. Duis \\r\\ntristique tellus tortor, dapibus gravida sem sodales id. Nullam quis \\r\\nconvallis libero, vitae pulvinar nisi.<\\/p><p><span style=\\\"font-weight: bold;\\\">Nam eget est facilisis, porta mi \\r\\nac, ultricies enim. Proin nisi diam, eleifend ac eleifend in, dapibus in\\r\\n orci. Vestibulum elementum lectus non nisl venenatis, tempus molestie \\r\\nnisi tempus. Pellentesque facilisis nibh nec purus blandit, id aliquam \\r\\nlorem fermentum.\\r\\n<\\/span><\\/p>\\r\\n<p>\\r\\n<span style=\\\"font-style: italic;\\\">Ut erat lacus, sagittis ac leo eu, molestie mattis libero. Nam sit amet \\r\\nmassa et magna porttitor eleifend a aliquam nunc. Pellentesque a est a \\r\\naugue dignissim tristique eu nec augue. Integer pretium sollicitudin \\r\\ntellus, quis hendrerit nunc accumsan et. Fusce bibendum a neque vel \\r\\nfringilla. Vivamus viverra enim at purus gravida, in elementum neque \\r\\neleifend. Curabitur sodales dapibus urna, at mattis lacus eleifend non. \\r\\nDonec ultricies porta orci eu congue. Nulla sodales arcu a libero \\r\\naliquet, nec aliquam ante sagittis.<\\/span><\\/p>\",\"field_38\":\"empty\",\"field_6\":\"apartment\",\"field_56\":\"\",\"field_76\":\"0\",\"field_1\":\"0\",\"field_4\":\"Najam\",\"field_2\":\"Stan\",\"field_5\":\"Bjelovarska\",\"field_7\":\"Bjelovar\",\"field_40\":\"42208\",\"field_3\":\"Manje od 50m2\",\"field_57\":\"40\",\"field_39\":\"-\",\"field_19\":\"3\",\"field_20\":\"3\",\"field_58\":\"7\",\"field_36\":\"90.000,00\",\"field_55\":\"\",\"field_37\":\"\",\"field_54\":\"Agent\",\"field_53\":\"-\",\"field_59\":\"70\",\"field_60\":\"20\",\"field_77\":\"<li><span style=\\\"margin-left: 0px; left: 0px;\\\" class=\\\"vertical\\\"><\\/span><span style=\\\"width: 0px; margin-left: 0px; left: 0px;\\\" class=\\\"horizontal\\\"><\\/span><span style=\\\"margin-left: 0px; left: 0px;\\\" class=\\\"vertical\\\"><\\/span><span style=\\\"width: 0px; margin-left: 0px; left: 0px;\\\" class=\\\"horizontal\\\"><\\/span><div class=\\\"ui-droppable ui-draggable\\\" id=\\\"2\\\"><span class=\\\"add_action\\\" title=\\\"Click for Add\\\"><\\/span><span class=\\\"delete_action\\\" title=\\\"Click for Delete\\\"><\\/span><span class=\\\"edit_action\\\" title=\\\"Click for Edit\\\"><\\/span><span class=\\\"add_action\\\" title=\\\"Click for Add\\\"><\\/span><span class=\\\"delete_action\\\" title=\\\"Click for Delete\\\"><\\/span><span class=\\\"edit_action\\\" title=\\\"Click for Edit\\\"><\\/span><span class=\\\"first_name\\\">1<\\/span><\\/div><\\/li>\",\"field_65\":\"0\",\"field_64\":\"United States - New Mexico -\",\"field_66\":\"0\",\"field_67\":\"FieldGate properties 2\",\"field_74\":\"0\",\"field_68\":\"1234567890\",\"field_69\":\"http:\\/\\/www.google.com\",\"field_70\":\"http:\\/\\/www.facebook.com\",\"field_71\":\"http:\\/\\/www.twitter.com\",\"field_72\":\"My company description<br>\",\"field_73\":\"0-24\",\"field_21\":\"0\",\"field_22\":\"true\",\"field_23\":\"0\",\"field_24\":\"true\",\"field_25\":\"0\",\"field_28\":\"true\",\"field_29\":\"true\",\"field_31\":\"true\",\"field_52\":\"0\",\"field_11\":\"true\",\"field_30\":\"0\",\"field_27\":\"true\",\"field_33\":\"true\",\"field_32\":\"true\",\"field_43\":\"0\",\"field_44\":\"600\",\"field_45\":\"600\",\"field_46\":\"600\",\"field_47\":\"600\",\"field_48\":\"\",\"field_49\":\"\",\"field_50\":\"\",\"field_51\":\"\",\"field_9\":\"0\",\"field_12\":\"\",\"field_42\":\"0\"}',90000,NULL,NULL,3,3,7,40,NULL,70,'Najam','Stan','Bjelovarska','Bjelovar'),(365,29,1,'{\"field_10\":\"My property\",\"field_8\":\"Lorem ipsum dolor sit amet, consectetur adipiscing elit. Sed vulputate \\r\\nnec neque gravida rhoncus. Donec sit amet blandit mauris, sed bibendum \\r\\nrisus.\",\"field_17\":\"<p>\\r\\nLorem ipsum dolor sit amet, consectetur adipiscing elit. Sed vulputate \\r\\nnec neque gravida rhoncus. Donec sit amet blandit mauris, sed bibendum \\r\\nrisus. Cras ut urna semper, facilisis augue sed, imperdiet nulla. Duis \\r\\ntristique tellus tortor, dapibus gravida sem sodales id. Nullam quis \\r\\nconvallis libero, vitae pulvinar nisi.<\\/p><p><span style=\\\"font-weight: bold;\\\">Nam eget est facilisis, porta mi \\r\\nac, ultricies enim. Proin nisi diam, eleifend ac eleifend in, dapibus in\\r\\n orci. Vestibulum elementum lectus non nisl venenatis, tempus molestie \\r\\nnisi tempus. Pellentesque facilisis nibh nec purus blandit, id aliquam \\r\\nlorem fermentum.\\r\\n<\\/span><\\/p>\\r\\n<p>\\r\\n<span style=\\\"font-style: italic;\\\">Ut erat lacus, sagittis ac leo eu, molestie mattis libero. Nam sit amet \\r\\nmassa et magna porttitor eleifend a aliquam nunc. Pellentesque a est a \\r\\naugue dignissim tristique eu nec augue. Integer pretium sollicitudin \\r\\ntellus, quis hendrerit nunc accumsan et. Fusce bibendum a neque vel \\r\\nfringilla. Vivamus viverra enim at purus gravida, in elementum neque \\r\\neleifend. Curabitur sodales dapibus urna, at mattis lacus eleifend non. \\r\\nDonec ultricies porta orci eu congue. Nulla sodales arcu a libero \\r\\naliquet, nec aliquam ante sagittis.<\\/span><\\/p>\",\"field_38\":\"new\",\"field_6\":\"house\",\"field_56\":\"\",\"field_1\":\"0\",\"field_4\":\"Sale\",\"field_2\":\"Land\",\"field_5\":\"VaraÅ¾dinska\",\"field_7\":\"Cestica\",\"field_40\":\"\",\"field_3\":\"50-100m2\",\"field_57\":\"60\",\"field_39\":\"-\",\"field_19\":\"\",\"field_20\":\"\",\"field_58\":\"\",\"field_36\":\"\",\"field_55\":\"\",\"field_37\":\"\",\"field_54\":\"Agent\",\"field_53\":\"\",\"field_59\":\"\",\"field_60\":\"\",\"field_65\":\"289\",\"field_64\":\"United States - Pennsylvania -\",\"field_66\":\"0\",\"field_67\":\"\",\"field_68\":\"\",\"field_69\":\"\",\"field_70\":\"\",\"field_71\":\"\",\"field_72\":\"\",\"field_73\":\"\",\"field_21\":\"0\",\"field_22\":\"0\",\"field_23\":\"0\",\"field_24\":\"0\",\"field_25\":\"0\",\"field_28\":\"0\",\"field_29\":\"0\",\"field_31\":\"0\",\"field_52\":\"0\",\"field_11\":\"0\",\"field_30\":\"0\",\"field_27\":\"0\",\"field_33\":\"0\",\"field_32\":\"0\",\"field_43\":\"0\",\"field_44\":\"\",\"field_45\":\"\",\"field_46\":\"\",\"field_47\":\"\",\"field_48\":\"\",\"field_49\":\"\",\"field_50\":\"700\",\"field_51\":\"700\",\"field_9\":\"0\",\"field_12\":\"\",\"field_42\":\"0\"}',NULL,NULL,NULL,NULL,NULL,NULL,60,NULL,NULL,'Sale','Land','VaraÅ¾dinska','Cestica'),(366,29,2,'{\"field_10\":\"Moja nekretnina\",\"field_8\":\"Lorem ipsum dolor sit amet, consectetur adipiscing elit. Sed vulputate \\r\\nnec neque gravida rhoncus. Donec sit amet blandit mauris, sed bibendum \\r\\nrisus.\",\"field_17\":\"<p>\\r\\nLorem ipsum dolor sit amet, consectetur adipiscing elit. Sed vulputate \\r\\nnec neque gravida rhoncus. Donec sit amet blandit mauris, sed bibendum \\r\\nrisus. Cras ut urna semper, facilisis augue sed, imperdiet nulla. Duis \\r\\ntristique tellus tortor, dapibus gravida sem sodales id. Nullam quis \\r\\nconvallis libero, vitae pulvinar nisi.<\\/p><p><span style=\\\"font-weight: bold;\\\">Nam eget est facilisis, porta mi \\r\\nac, ultricies enim. Proin nisi diam, eleifend ac eleifend in, dapibus in\\r\\n orci. Vestibulum elementum lectus non nisl venenatis, tempus molestie \\r\\nnisi tempus. Pellentesque facilisis nibh nec purus blandit, id aliquam \\r\\nlorem fermentum.\\r\\n<\\/span><\\/p>\\r\\n<p>\\r\\n<span style=\\\"font-style: italic;\\\">Ut erat lacus, sagittis ac leo eu, molestie mattis libero. Nam sit amet \\r\\nmassa et magna porttitor eleifend a aliquam nunc. Pellentesque a est a \\r\\naugue dignissim tristique eu nec augue. Integer pretium sollicitudin \\r\\ntellus, quis hendrerit nunc accumsan et. Fusce bibendum a neque vel \\r\\nfringilla. Vivamus viverra enim at purus gravida, in elementum neque \\r\\neleifend. Curabitur sodales dapibus urna, at mattis lacus eleifend non. \\r\\nDonec ultricies porta orci eu congue. Nulla sodales arcu a libero \\r\\naliquet, nec aliquam ante sagittis.<\\/span><\\/p>\",\"field_38\":\"novo\",\"field_6\":\"house\",\"field_56\":\"\",\"field_1\":\"0\",\"field_4\":\"Prodaja\",\"field_2\":\"KuÄ‡a\",\"field_5\":\"VaraÅ¾dinska\",\"field_7\":\"Cestica\",\"field_40\":\"\",\"field_3\":\"50-100m2\",\"field_57\":\"60\",\"field_39\":\"D\",\"field_19\":\"2\",\"field_20\":\"2\",\"field_58\":\"5\",\"field_36\":\"\",\"field_55\":\"\",\"field_37\":\"\",\"field_54\":\"Agent\",\"field_53\":\"\",\"field_59\":\"\",\"field_60\":\"\",\"field_64\":\"United States - Pennsylvania -\",\"field_66\":\"0\",\"field_67\":\"\",\"field_68\":\"\",\"field_69\":\"\",\"field_70\":\"\",\"field_71\":\"\",\"field_72\":\"\",\"field_73\":\"\",\"field_21\":\"0\",\"field_22\":\"true\",\"field_23\":\"true\",\"field_24\":\"0\",\"field_25\":\"0\",\"field_28\":\"0\",\"field_29\":\"0\",\"field_31\":\"0\",\"field_52\":\"0\",\"field_11\":\"true\",\"field_30\":\"0\",\"field_27\":\"0\",\"field_33\":\"0\",\"field_32\":\"0\",\"field_43\":\"0\",\"field_44\":\"\",\"field_45\":\"\",\"field_46\":\"\",\"field_47\":\"\",\"field_48\":\"\",\"field_49\":\"\",\"field_50\":\"700\",\"field_51\":\"700\",\"field_9\":\"0\",\"field_12\":\"\",\"field_42\":\"0\"}',NULL,NULL,NULL,2,2,5,60,NULL,NULL,'Prodaja','KuÄ‡a','VaraÅ¾dinska','Cestica'),(367,19,1,'{\"field_10\":\"Retro old\",\"field_78\":\"Retro,test\",\"field_8\":\"Lorem ipsum dolor sit amet, consectetur adipiscing elit. Sed vulputate \\r\\nnec neque gravida rhoncus. Donec sit amet blandit mauris, sed bibendum \\r\\nrisus.\",\"field_17\":\"<p>\\r\\nLorem ipsum dolor sit amet, consectetur adipiscing elit. Sed vulputate \\r\\nnec neque gravida rhoncus. Donec sit amet blandit mauris, sed bibendum \\r\\nrisus. Cras ut urna semper, facilisis augue sed, imperdiet nulla. Duis \\r\\ntristique tellus tortor, dapibus gravida sem sodales id. Nullam quis \\r\\nconvallis libero, vitae pulvinar nisi.<\\/p><p><span style=\\\"font-weight: bold;\\\">Nam eget est facilisis, porta mi \\r\\nac, ultricies enim. Proin nisi diam, eleifend ac eleifend in, dapibus in\\r\\n orci. Vestibulum elementum lectus non nisl venenatis, tempus molestie \\r\\nnisi tempus. Pellentesque facilisis nibh nec purus blandit, id aliquam \\r\\nlorem fermentum.\\r\\n<\\/span><\\/p>\\r\\n<p>\\r\\n<span style=\\\"font-style: italic;\\\">Ut erat lacus, sagittis ac leo eu, molestie mattis libero. Nam sit amet \\r\\nmassa et magna porttitor eleifend a aliquam nunc. Pellentesque a est a \\r\\naugue dignissim tristique eu nec augue. Integer pretium sollicitudin \\r\\ntellus, quis hendrerit nunc accumsan et. Fusce bibendum a neque vel \\r\\nfringilla. Vivamus viverra enim at purus gravida, in elementum neque \\r\\neleifend. Curabitur sodales dapibus urna, at mattis lacus eleifend non. \\r\\nDonec ultricies porta orci eu congue. Nulla sodales arcu a libero \\r\\naliquet, nec aliquam ante sagittis.<\\/span><\\/p>\",\"field_38\":\"empty\",\"field_6\":\"house\",\"field_56\":\"\",\"field_76\":\"\",\"field_1\":\"0\",\"field_4\":\"Sale\",\"field_2\":\"House\",\"field_5\":\"Zagorje\",\"field_7\":\"Sveti Ivan Zelika\",\"field_40\":\"11000\",\"field_3\":\"Less than 50m2\",\"field_57\":\"35\",\"field_39\":\"-\",\"field_19\":\"1\",\"field_20\":\"1\",\"field_58\":\"3\",\"field_36\":\"\",\"field_55\":\"\",\"field_37\":\"\",\"field_54\":\"Agent\",\"field_53\":\"\",\"field_59\":\"80\",\"field_60\":\"20\",\"field_77\":\"<li><span style=\\\"margin-left: 20px; left: 20.5px;\\\" class=\\\"vertical\\\"><\\/span><span style=\\\"width: 0px; margin-left: 20px; left: 20.5px;\\\" class=\\\"horizontal\\\"><\\/span><div id=\\\"1\\\"><span class=\\\"add_action\\\" title=\\\"Click for Add\\\"><\\/span><span class=\\\"delete_action\\\" title=\\\"Click for Delete\\\"><\\/span><span class=\\\"edit_action\\\" title=\\\"Click for Edit\\\"><\\/span><span class=\\\"first_name\\\">1<\\/span><\\/div><\\/li>\",\"field_65\":\"267\",\"field_64\":\"United States - Kansas -\",\"field_66\":\"0\",\"field_67\":\"\",\"field_74\":\"270\",\"field_68\":\"\",\"field_69\":\"\",\"field_70\":\"\",\"field_71\":\"\",\"field_72\":\"\",\"field_73\":\"\",\"field_21\":\"0\",\"field_22\":\"0\",\"field_23\":\"0\",\"field_24\":\"0\",\"field_25\":\"0\",\"field_28\":\"0\",\"field_29\":\"0\",\"field_31\":\"true\",\"field_52\":\"0\",\"field_11\":\"true\",\"field_30\":\"0\",\"field_27\":\"0\",\"field_33\":\"true\",\"field_32\":\"true\",\"field_43\":\"0\",\"field_44\":\"\",\"field_45\":\"\",\"field_46\":\"\",\"field_47\":\"\",\"field_48\":\"\",\"field_49\":\"800\",\"field_50\":\"800\",\"field_51\":\"\",\"field_9\":\"0\",\"field_12\":\"\",\"field_42\":\"0\"}',NULL,NULL,NULL,1,1,3,35,NULL,80,'Sale','House','Zagorje','Sveti Ivan Zelika'),(368,19,2,'{\"field_10\":\"Stari retro\",\"field_78\":\"\",\"field_8\":\"Lorem ipsum dolor sit amet, consectetur adipiscing elit. Sed vulputate \\r\\nnec neque gravida rhoncus. Donec sit amet blandit mauris, sed bibendum \\r\\nrisus.\",\"field_17\":\"<p>\\r\\nLorem ipsum dolor sit amet, consectetur adipiscing elit. Sed vulputate \\r\\nnec neque gravida rhoncus. Donec sit amet blandit mauris, sed bibendum \\r\\nrisus. Cras ut urna semper, facilisis augue sed, imperdiet nulla. Duis \\r\\ntristique tellus tortor, dapibus gravida sem sodales id. Nullam quis \\r\\nconvallis libero, vitae pulvinar nisi.<\\/p><p><span style=\\\"font-weight: bold;\\\">Nam eget est facilisis, porta mi \\r\\nac, ultricies enim. Proin nisi diam, eleifend ac eleifend in, dapibus in\\r\\n orci. Vestibulum elementum lectus non nisl venenatis, tempus molestie \\r\\nnisi tempus. Pellentesque facilisis nibh nec purus blandit, id aliquam \\r\\nlorem fermentum.\\r\\n<\\/span><\\/p>\\r\\n<p>\\r\\n<span style=\\\"font-style: italic;\\\">Ut erat lacus, sagittis ac leo eu, molestie mattis libero. Nam sit amet \\r\\nmassa et magna porttitor eleifend a aliquam nunc. Pellentesque a est a \\r\\naugue dignissim tristique eu nec augue. Integer pretium sollicitudin \\r\\ntellus, quis hendrerit nunc accumsan et. Fusce bibendum a neque vel \\r\\nfringilla. Vivamus viverra enim at purus gravida, in elementum neque \\r\\neleifend. Curabitur sodales dapibus urna, at mattis lacus eleifend non. \\r\\nDonec ultricies porta orci eu congue. Nulla sodales arcu a libero \\r\\naliquet, nec aliquam ante sagittis.<\\/span><\\/p>\",\"field_38\":\"empty\",\"field_6\":\"house\",\"field_56\":\"\",\"field_76\":\"\",\"field_1\":\"0\",\"field_4\":\"Prodaja\",\"field_2\":\"KuÄ‡a\",\"field_5\":\"Zagorje\",\"field_7\":\"Sveti Ivan Zelika\",\"field_40\":\"11000\",\"field_3\":\"Manje od 50m2\",\"field_57\":\"35\",\"field_39\":\"-\",\"field_19\":\"1\",\"field_20\":\"1\",\"field_58\":\"3\",\"field_36\":\"\",\"field_55\":\"\",\"field_37\":\"\",\"field_54\":\"Agent\",\"field_53\":\"\",\"field_59\":\"\",\"field_60\":\"\",\"field_77\":\"<li><span style=\\\"margin-left: 0px; left: 0px;\\\" class=\\\"vertical\\\"><\\/span><span style=\\\"width: 0px; margin-left: 0px; left: 0px;\\\" class=\\\"horizontal\\\"><\\/span><div id=\\\"2\\\"><span class=\\\"add_action\\\" title=\\\"Click for Add\\\"><\\/span><span class=\\\"delete_action\\\" title=\\\"Click for Delete\\\"><\\/span><span class=\\\"edit_action\\\" title=\\\"Click for Edit\\\"><\\/span><span class=\\\"first_name\\\">1<\\/span><\\/div><\\/li>\",\"field_64\":\"United States - Kansas -\",\"field_66\":\"0\",\"field_67\":\"\",\"field_68\":\"\",\"field_69\":\"\",\"field_70\":\"\",\"field_71\":\"\",\"field_72\":\"\",\"field_73\":\"\",\"field_21\":\"0\",\"field_22\":\"0\",\"field_23\":\"0\",\"field_24\":\"0\",\"field_25\":\"0\",\"field_28\":\"0\",\"field_29\":\"0\",\"field_31\":\"true\",\"field_52\":\"0\",\"field_11\":\"true\",\"field_30\":\"0\",\"field_27\":\"0\",\"field_33\":\"true\",\"field_32\":\"true\",\"field_43\":\"0\",\"field_44\":\"\",\"field_45\":\"\",\"field_46\":\"\",\"field_47\":\"\",\"field_48\":\"\",\"field_49\":\"800\",\"field_50\":\"800\",\"field_51\":\"\",\"field_9\":\"0\",\"field_12\":\"\",\"field_42\":\"0\"}',NULL,NULL,NULL,1,1,3,35,NULL,NULL,'Prodaja','KuÄ‡a','Zagorje','Sveti Ivan Zelika'),(369,18,1,'{\"field_10\":\"Small beauty\",\"field_78\":\"\",\"field_8\":\"Lorem ipsum dolor sit amet, consectetur adipiscing elit. Sed vulputate \\r\\nnec neque gravida rhoncus. Donec sit amet blandit mauris, sed bibendum \\r\\nrisus.\",\"field_17\":\"<p>\\r\\nLorem ipsum dolor sit amet, consectetur adipiscing elit. Sed vulputate \\r\\nnec neque gravida rhoncus. Donec sit amet blandit mauris, sed bibendum \\r\\nrisus. Cras ut urna semper, facilisis augue sed, imperdiet nulla. Duis \\r\\ntristique tellus tortor, dapibus gravida sem sodales id. Nullam quis \\r\\nconvallis libero, vitae pulvinar nisi.<\\/p><p><span style=\\\"font-weight: bold;\\\">Nam eget est facilisis, porta mi \\r\\nac, ultricies enim. Proin nisi diam, eleifend ac eleifend in, dapibus in\\r\\n orci. Vestibulum elementum lectus non nisl venenatis, tempus molestie \\r\\nnisi tempus. Pellentesque facilisis nibh nec purus blandit, id aliquam \\r\\nlorem fermentum.\\r\\n<\\/span><\\/p>\\r\\n<p>\\r\\n<span style=\\\"font-style: italic;\\\">Ut erat lacus, sagittis ac leo eu, molestie mattis libero. Nam sit amet \\r\\nmassa et magna porttitor eleifend a aliquam nunc. Pellentesque a est a \\r\\naugue dignissim tristique eu nec augue. Integer pretium sollicitudin \\r\\ntellus, quis hendrerit nunc accumsan et. Fusce bibendum a neque vel \\r\\nfringilla. Vivamus viverra enim at purus gravida, in elementum neque \\r\\neleifend. Curabitur sodales dapibus urna, at mattis lacus eleifend non. \\r\\nDonec ultricies porta orci eu congue. Nulla sodales arcu a libero \\r\\naliquet, nec aliquam ante sagittis.<\\/span><\\/p>\",\"field_38\":\"empty\",\"field_6\":\"house\",\"field_56\":\"\",\"field_76\":\"\",\"field_64\":\"United States - Maine -\",\"field_1\":\"0\",\"field_4\":\"Sale\",\"field_2\":\"House\",\"field_5\":\"VaraÅ¾dinska\",\"field_7\":\"Novi Marof\",\"field_40\":\"\",\"field_3\":\"50-100m2\",\"field_57\":\"90\",\"field_39\":\"-\",\"field_19\":\"1\",\"field_20\":\"1\",\"field_58\":\"5\",\"field_36\":\"\",\"field_55\":\"\",\"field_37\":\"\",\"field_54\":\"Agent\",\"field_53\":\"\",\"field_59\":\"90\",\"field_60\":\"40\",\"field_77\":\"<li><span style=\\\"margin-left: 20px; left: 20.1667px;\\\" class=\\\"vertical\\\"><\\/span><span style=\\\"width: 0px; margin-left: 20px; left: 20.1667px;\\\" class=\\\"horizontal\\\"><\\/span><span style=\\\"margin-left: 20px; left: 20.1667px;\\\" class=\\\"vertical\\\"><\\/span><span style=\\\"width: 0px; margin-left: 20px; left: 20.1667px;\\\" class=\\\"horizontal\\\"><\\/span><span style=\\\"margin-left: 20px; left: 20.1667px;\\\" class=\\\"vertical\\\"><\\/span><span style=\\\"width: 0px; margin-left: 20px; left: 20.1667px;\\\" class=\\\"horizontal\\\"><\\/span><span style=\\\"margin-left: 20px; left: 20.1667px;\\\" class=\\\"vertical\\\"><\\/span><span style=\\\"width: 0px; margin-left: 20px; left: 20.1667px;\\\" class=\\\"horizontal\\\"><\\/span><div id=\\\"1\\\"><span class=\\\"add_action\\\" title=\\\"Click for Add\\\"><\\/span><span class=\\\"delete_action\\\" title=\\\"Click for Delete\\\"><\\/span><span class=\\\"edit_action\\\" title=\\\"Click for Edit\\\"><\\/span><span class=\\\"add_action\\\" title=\\\"Click for Add\\\"><\\/span><span class=\\\"delete_action\\\" title=\\\"Click for Delete\\\"><\\/span><span class=\\\"edit_action\\\" title=\\\"Click for Edit\\\"><\\/span><span class=\\\"add_action\\\" title=\\\"Click for Add\\\"><\\/span><span class=\\\"delete_action\\\" title=\\\"Click for Delete\\\"><\\/span><span class=\\\"edit_action\\\" title=\\\"Click for Edit\\\"><\\/span><span class=\\\"add_action\\\" title=\\\"Click for Add\\\"><\\/span><span class=\\\"delete_action\\\" title=\\\"Click for Delete\\\"><\\/span><span class=\\\"edit_action\\\" title=\\\"Click for Edit\\\"><\\/span><span class=\\\"first_name\\\">1<\\/span><\\/div><\\/li>\",\"field_65\":\"324\",\"field_66\":\"0\",\"field_67\":\"\",\"field_68\":\"\",\"field_69\":\"\",\"field_70\":\"\",\"field_71\":\"\",\"field_72\":\"\",\"field_73\":\"\",\"field_21\":\"0\",\"field_22\":\"0\",\"field_23\":\"0\",\"field_24\":\"0\",\"field_25\":\"0\",\"field_28\":\"true\",\"field_29\":\"0\",\"field_31\":\"0\",\"field_52\":\"0\",\"field_11\":\"0\",\"field_30\":\"0\",\"field_27\":\"true\",\"field_33\":\"0\",\"field_32\":\"true\",\"field_43\":\"0\",\"field_44\":\"\",\"field_45\":\"\",\"field_46\":\"50\",\"field_47\":\"\",\"field_48\":\"\",\"field_49\":\"\",\"field_50\":\"\",\"field_51\":\"\",\"field_9\":\"0\",\"field_12\":\"\",\"field_42\":\"0\"}',NULL,NULL,NULL,1,1,5,90,NULL,90,'Sale','House','VaraÅ¾dinska','Novi Marof'),(370,18,2,'{\"field_10\":\"Malena ljepotica\",\"field_78\":\"\",\"field_8\":\"Lorem ipsum dolor sit amet, consectetur adipiscing elit. Sed vulputate \\r\\nnec neque gravida rhoncus. Donec sit amet blandit mauris, sed bibendum \\r\\nrisus.\",\"field_17\":\"<p>\\r\\nLorem ipsum dolor sit amet, consectetur adipiscing elit. Sed vulputate \\r\\nnec neque gravida rhoncus. Donec sit amet blandit mauris, sed bibendum \\r\\nrisus. Cras ut urna semper, facilisis augue sed, imperdiet nulla. Duis \\r\\ntristique tellus tortor, dapibus gravida sem sodales id. Nullam quis \\r\\nconvallis libero, vitae pulvinar nisi.<\\/p><p><span style=\\\"font-weight: bold;\\\">Nam eget est facilisis, porta mi \\r\\nac, ultricies enim. Proin nisi diam, eleifend ac eleifend in, dapibus in\\r\\n orci. Vestibulum elementum lectus non nisl venenatis, tempus molestie \\r\\nnisi tempus. Pellentesque facilisis nibh nec purus blandit, id aliquam \\r\\nlorem fermentum.\\r\\n<\\/span><\\/p>\\r\\n<p>\\r\\n<span style=\\\"font-style: italic;\\\">Ut erat lacus, sagittis ac leo eu, molestie mattis libero. Nam sit amet \\r\\nmassa et magna porttitor eleifend a aliquam nunc. Pellentesque a est a \\r\\naugue dignissim tristique eu nec augue. Integer pretium sollicitudin \\r\\ntellus, quis hendrerit nunc accumsan et. Fusce bibendum a neque vel \\r\\nfringilla. Vivamus viverra enim at purus gravida, in elementum neque \\r\\neleifend. Curabitur sodales dapibus urna, at mattis lacus eleifend non. \\r\\nDonec ultricies porta orci eu congue. Nulla sodales arcu a libero \\r\\naliquet, nec aliquam ante sagittis.<\\/span><\\/p>\",\"field_38\":\"empty\",\"field_6\":\"house\",\"field_56\":\"\",\"field_76\":\"\",\"field_64\":\"United States - Maine -\",\"field_1\":\"0\",\"field_4\":\"Prodaja\",\"field_2\":\"KuÄ‡a\",\"field_5\":\"VaraÅ¾dinska\",\"field_7\":\"Novi Marof\",\"field_40\":\"\",\"field_3\":\"50-100m2\",\"field_57\":\"90\",\"field_39\":\"-\",\"field_19\":\"1\",\"field_20\":\"1\",\"field_58\":\"5\",\"field_36\":\"\",\"field_55\":\"\",\"field_37\":\"\",\"field_54\":\"Agent\",\"field_53\":\"\",\"field_59\":\"\",\"field_60\":\"\",\"field_77\":\"<li><span style=\\\"margin-left: 0px; left: 0px;\\\" class=\\\"vertical\\\"><\\/span><span style=\\\"width: 0px; margin-left: 0px; left: 0px;\\\" class=\\\"horizontal\\\"><\\/span><span style=\\\"margin-left: 0px; left: 0px;\\\" class=\\\"vertical\\\"><\\/span><span style=\\\"width: 0px; margin-left: 0px; left: 0px;\\\" class=\\\"horizontal\\\"><\\/span><span style=\\\"margin-left: 0px; left: 0px;\\\" class=\\\"vertical\\\"><\\/span><span style=\\\"width: 0px; margin-left: 0px; left: 0px;\\\" class=\\\"horizontal\\\"><\\/span><span style=\\\"margin-left: 0px; left: 0px;\\\" class=\\\"vertical\\\"><\\/span><span style=\\\"width: 0px; margin-left: 0px; left: 0px;\\\" class=\\\"horizontal\\\"><\\/span><div id=\\\"2\\\"><span class=\\\"add_action\\\" title=\\\"Click for Add\\\"><\\/span><span class=\\\"delete_action\\\" title=\\\"Click for Delete\\\"><\\/span><span class=\\\"edit_action\\\" title=\\\"Click for Edit\\\"><\\/span><span class=\\\"add_action\\\" title=\\\"Click for Add\\\"><\\/span><span class=\\\"delete_action\\\" title=\\\"Click for Delete\\\"><\\/span><span class=\\\"edit_action\\\" title=\\\"Click for Edit\\\"><\\/span><span class=\\\"add_action\\\" title=\\\"Click for Add\\\"><\\/span><span class=\\\"delete_action\\\" title=\\\"Click for Delete\\\"><\\/span><span class=\\\"edit_action\\\" title=\\\"Click for Edit\\\"><\\/span><span class=\\\"add_action\\\" title=\\\"Click for Add\\\"><\\/span><span class=\\\"delete_action\\\" title=\\\"Click for Delete\\\"><\\/span><span class=\\\"edit_action\\\" title=\\\"Click for Edit\\\"><\\/span><span class=\\\"first_name\\\">1<\\/span><\\/div><\\/li>\",\"field_66\":\"0\",\"field_67\":\"\",\"field_68\":\"\",\"field_69\":\"\",\"field_70\":\"\",\"field_71\":\"\",\"field_72\":\"\",\"field_73\":\"\",\"field_21\":\"0\",\"field_22\":\"0\",\"field_23\":\"0\",\"field_24\":\"0\",\"field_25\":\"0\",\"field_28\":\"true\",\"field_29\":\"true\",\"field_31\":\"0\",\"field_52\":\"0\",\"field_11\":\"0\",\"field_30\":\"0\",\"field_27\":\"true\",\"field_33\":\"0\",\"field_32\":\"0\",\"field_43\":\"0\",\"field_44\":\"\",\"field_45\":\"\",\"field_46\":\"50\",\"field_47\":\"\",\"field_48\":\"\",\"field_49\":\"\",\"field_50\":\"\",\"field_51\":\"\",\"field_9\":\"0\",\"field_12\":\"\",\"field_42\":\"0\"}',NULL,NULL,NULL,1,1,5,90,NULL,NULL,'Prodaja','KuÄ‡a','VaraÅ¾dinska','Novi Marof'),(373,16,1,'{\"field_10\":\"Fear wood\",\"field_78\":\"\",\"field_8\":\"Lorem ipsum dolor sit amet, consectetur adipiscing elit. Sed vulputate \\r\\nnec neque gravida rhoncus. Donec sit amet blandit mauris, sed bibendum \\r\\nrisus. Cras ut urna semper, facilisis augue sed, imperdiet nulla. Duis \\r\\ntristique tellus tortor, dapibus gravida sem sodales id. Nullam quis \\r\\nconvallis libero, vitae pulvinar nisi.\",\"field_17\":\"<p>\\r\\nLorem ipsum dolor sit amet, consectetur adipiscing elit. Sed vulputate \\r\\nnec neque gravida rhoncus. Donec sit amet blandit mauris, sed bibendum \\r\\nrisus. Cras ut urna semper, facilisis augue sed, imperdiet nulla. Duis \\r\\ntristique tellus tortor, dapibus gravida sem sodales id. Nullam quis \\r\\nconvallis libero, vitae pulvinar nisi.<\\/p><p><span style=\\\"font-weight: bold;\\\">Nam eget est facilisis, porta mi \\r\\nac, ultricies enim. Proin nisi diam, eleifend ac eleifend in, dapibus in\\r\\n orci. Vestibulum elementum lectus non nisl venenatis, tempus molestie \\r\\nnisi tempus. Pellentesque facilisis nibh nec purus blandit, id aliquam \\r\\nlorem fermentum.\\r\\n<\\/span><\\/p>\\r\\n<p>\\r\\n<span style=\\\"font-style: italic;\\\">Ut erat lacus, sagittis ac leo eu, molestie mattis libero. Nam sit amet \\r\\nmassa et magna porttitor eleifend a aliquam nunc. Pellentesque a est a \\r\\naugue dignissim tristique eu nec augue. Integer pretium sollicitudin \\r\\ntellus, quis hendrerit nunc accumsan et. Fusce bibendum a neque vel \\r\\nfringilla. Vivamus viverra enim at purus gravida, in elementum neque \\r\\neleifend. Curabitur sodales dapibus urna, at mattis lacus eleifend non. \\r\\nDonec ultricies porta orci eu congue. Nulla sodales arcu a libero \\r\\naliquet, nec aliquam ante sagittis.<\\/span><\\/p>\",\"field_38\":\"empty\",\"field_6\":\"land\",\"field_56\":\"\",\"field_76\":\"\",\"field_1\":\"0\",\"field_4\":\"Sale\",\"field_2\":\"Land\",\"field_5\":\"Zagorje\",\"field_7\":\"Zlatar Bistrica\",\"field_40\":\"\",\"field_3\":\"50-100m2\",\"field_57\":\"80\",\"field_39\":\"-\",\"field_19\":\"\",\"field_20\":\"\",\"field_58\":\"\",\"field_36\":\"\",\"field_55\":\"\",\"field_37\":\"\",\"field_54\":\"Agent\",\"field_53\":\"\",\"field_59\":\"\",\"field_60\":\"\",\"field_77\":\"<li><span style=\\\"margin-left: 0px; left: 0px;\\\" class=\\\"vertical\\\"><\\/span><span style=\\\"width: 0px; margin-left: 0px; left: 0px;\\\" class=\\\"horizontal\\\"><\\/span><span style=\\\"margin-left: 0px; left: 0px;\\\" class=\\\"vertical\\\"><\\/span><span style=\\\"width: 0px; margin-left: 0px; left: 0px;\\\" class=\\\"horizontal\\\"><\\/span><div class=\\\"ui-droppable ui-draggable\\\" id=\\\"1\\\"><span class=\\\"add_action\\\" title=\\\"Click for Add\\\"><\\/span><span class=\\\"delete_action\\\" title=\\\"Click for Delete\\\"><\\/span><span class=\\\"edit_action\\\" title=\\\"Click for Edit\\\"><\\/span><span class=\\\"add_action\\\" title=\\\"Click for Add\\\"><\\/span><span class=\\\"delete_action\\\" title=\\\"Click for Delete\\\"><\\/span><span class=\\\"edit_action\\\" title=\\\"Click for Edit\\\"><\\/span><span class=\\\"first_name\\\">1<\\/span><\\/div><\\/li>\",\"field_64\":\"United States - Illinois -\",\"field_66\":\"0\",\"field_67\":\"\",\"field_68\":\"\",\"field_69\":\"\",\"field_70\":\"\",\"field_71\":\"\",\"field_72\":\"\",\"field_73\":\"\",\"field_21\":\"0\",\"field_22\":\"0\",\"field_23\":\"0\",\"field_24\":\"0\",\"field_25\":\"0\",\"field_28\":\"0\",\"field_29\":\"0\",\"field_31\":\"0\",\"field_52\":\"0\",\"field_11\":\"0\",\"field_30\":\"0\",\"field_27\":\"0\",\"field_33\":\"0\",\"field_32\":\"0\",\"field_43\":\"0\",\"field_44\":\"\",\"field_45\":\"\",\"field_46\":\"\",\"field_47\":\"100\",\"field_48\":\"\",\"field_49\":\"\",\"field_50\":\"\",\"field_51\":\"\",\"field_9\":\"0\",\"field_12\":\"\",\"field_42\":\"0\"}',NULL,NULL,NULL,NULL,NULL,NULL,80,NULL,NULL,'Sale','Land','Zagorje','Zlatar Bistrica'),(374,16,2,'{\"field_10\":\"Drvo straha\",\"field_78\":\"\",\"field_8\":\"Lorem ipsum dolor sit amet, consectetur adipiscing elit. Sed vulputate \\r\\nnec neque gravida rhoncus. Donec sit amet blandit mauris, sed bibendum \\r\\nrisus. Cras ut urna semper, facilisis augue sed, imperdiet nulla. Duis \\r\\ntristique tellus tortor, dapibus gravida sem sodales id. Nullam quis \\r\\nconvallis libero, vitae pulvinar nisi.\",\"field_17\":\"<p>\\r\\nLorem ipsum dolor sit amet, consectetur adipiscing elit. Sed vulputate \\r\\nnec neque gravida rhoncus. Donec sit amet blandit mauris, sed bibendum \\r\\nrisus. Cras ut urna semper, facilisis augue sed, imperdiet nulla. Duis \\r\\ntristique tellus tortor, dapibus gravida sem sodales id. Nullam quis \\r\\nconvallis libero, vitae pulvinar nisi.<\\/p><p><span style=\\\"font-weight: bold;\\\">Nam eget est facilisis, porta mi \\r\\nac, ultricies enim. Proin nisi diam, eleifend ac eleifend in, dapibus in\\r\\n orci. Vestibulum elementum lectus non nisl venenatis, tempus molestie \\r\\nnisi tempus. Pellentesque facilisis nibh nec purus blandit, id aliquam \\r\\nlorem fermentum.\\r\\n<\\/span><\\/p>\\r\\n<p>\\r\\n<span style=\\\"font-style: italic;\\\">Ut erat lacus, sagittis ac leo eu, molestie mattis libero. Nam sit amet \\r\\nmassa et magna porttitor eleifend a aliquam nunc. Pellentesque a est a \\r\\naugue dignissim tristique eu nec augue. Integer pretium sollicitudin \\r\\ntellus, quis hendrerit nunc accumsan et. Fusce bibendum a neque vel \\r\\nfringilla. Vivamus viverra enim at purus gravida, in elementum neque \\r\\neleifend. Curabitur sodales dapibus urna, at mattis lacus eleifend non. \\r\\nDonec ultricies porta orci eu congue. Nulla sodales arcu a libero \\r\\naliquet, nec aliquam ante sagittis.<\\/span><\\/p>\",\"field_38\":\"empty\",\"field_6\":\"land\",\"field_56\":\"\",\"field_76\":\"\",\"field_1\":\"0\",\"field_4\":\"Prodaja\",\"field_2\":\"ZemljiÅ¡te\",\"field_5\":\"Zagorje\",\"field_7\":\"Zlatar Bistrica\",\"field_40\":\"\",\"field_3\":\"50-100m2\",\"field_57\":\"80\",\"field_39\":\"-\",\"field_19\":\"\",\"field_20\":\"\",\"field_58\":\"\",\"field_36\":\"\",\"field_55\":\"\",\"field_37\":\"\",\"field_54\":\"Agent\",\"field_53\":\"\",\"field_59\":\"\",\"field_60\":\"\",\"field_77\":\"<li><span style=\\\"margin-left: 20px; left: 20.5px;\\\" class=\\\"vertical\\\"><\\/span><span style=\\\"width: 0px; margin-left: 20px; left: 20.5px;\\\" class=\\\"horizontal\\\"><\\/span><span style=\\\"margin-left: 20px; left: 20.5px;\\\" class=\\\"vertical\\\"><\\/span><span style=\\\"width: 0px; margin-left: 20px; left: 20.5px;\\\" class=\\\"horizontal\\\"><\\/span><div class=\\\"ui-droppable ui-draggable\\\" id=\\\"2\\\"><span class=\\\"add_action\\\" title=\\\"Click for Add\\\"><\\/span><span class=\\\"delete_action\\\" title=\\\"Click for Delete\\\"><\\/span><span class=\\\"edit_action\\\" title=\\\"Click for Edit\\\"><\\/span><span class=\\\"add_action\\\" title=\\\"Click for Add\\\"><\\/span><span class=\\\"delete_action\\\" title=\\\"Click for Delete\\\"><\\/span><span class=\\\"edit_action\\\" title=\\\"Click for Edit\\\"><\\/span><span class=\\\"first_name\\\">1<\\/span><\\/div><\\/li>\",\"field_64\":\"United States - Illinois -\",\"field_66\":\"0\",\"field_67\":\"\",\"field_68\":\"\",\"field_69\":\"\",\"field_70\":\"\",\"field_71\":\"\",\"field_72\":\"\",\"field_73\":\"\",\"field_21\":\"0\",\"field_22\":\"0\",\"field_23\":\"0\",\"field_24\":\"0\",\"field_25\":\"0\",\"field_28\":\"0\",\"field_29\":\"0\",\"field_31\":\"0\",\"field_52\":\"0\",\"field_11\":\"0\",\"field_30\":\"0\",\"field_27\":\"0\",\"field_33\":\"0\",\"field_32\":\"0\",\"field_43\":\"0\",\"field_44\":\"\",\"field_45\":\"\",\"field_46\":\"\",\"field_47\":\"100\",\"field_48\":\"\",\"field_49\":\"\",\"field_50\":\"\",\"field_51\":\"\",\"field_9\":\"0\",\"field_12\":\"\",\"field_42\":\"0\"}',NULL,NULL,NULL,NULL,NULL,NULL,80,NULL,NULL,'Prodaja','ZemljiÅ¡te','Zagorje','Zlatar Bistrica'),(375,15,1,'{\"field_10\":\"Round towers\",\"field_78\":\"\",\"field_8\":\"Lorem ipsum dolor sit amet, consectetur adipiscing elit. Sed vulputate \\r\\nnec neque gravida rhoncus. Donec sit amet blandit mauris, sed bibendum \\r\\nrisus. Cras ut urna semper, facilisis augue sed, imperdiet nulla. Duis \\r\\ntristique tellus tortor, dapibus gravida sem sodales id. Nullam quis \\r\\nconvallis libero, vitae pulvinar nisi 9.\",\"field_17\":\"<p>\\r\\nLorem ipsum dolor sit amet, consectetur adipiscing elit. Sed vulputate \\r\\nnec neque gravida rhoncus. Donec sit amet blandit mauris, sed bibendum \\r\\nrisus. Cras ut urna semper, facilisis augue sed, imperdiet nulla. Duis \\r\\ntristique tellus tortor, dapibus gravida sem sodales id. Nullam quis \\r\\nconvallis libero, vitae pulvinar nisi.<\\/p><p><span style=\\\"font-weight: bold;\\\">Nam eget est facilisis, porta mi \\r\\nac, ultricies enim. Proin nisi diam, eleifend ac eleifend in, dapibus in\\r\\n orci. Vestibulum elementum lectus non nisl venenatis, tempus molestie \\r\\nnisi tempus. Pellentesque facilisis nibh nec purus blandit, id aliquam \\r\\nlorem fermentum.\\r\\n<\\/span><\\/p>\\r\\n<p>\\r\\n<span style=\\\"font-style: italic;\\\">Ut erat lacus, sagittis ac leo eu, molestie mattis libero. Nam sit amet \\r\\nmassa et magna porttitor eleifend a aliquam nunc. Pellentesque a est a \\r\\naugue dignissim tristique eu nec augue. Integer pretium sollicitudin \\r\\ntellus, quis hendrerit nunc accumsan et. Fusce bibendum a neque vel \\r\\nfringilla. Vivamus viverra enim at purus gravida, in elementum neque \\r\\neleifend. Curabitur sodales dapibus urna, at mattis lacus eleifend non. \\r\\nDonec ultricies porta orci eu congue. Nulla sodales arcu a libero \\r\\naliquet, nec aliquam ante sagittis.<\\/span><\\/p>\",\"field_38\":\"empty\",\"field_6\":\"house\",\"field_56\":\"\",\"field_76\":\"\",\"field_64\":\"United States - Nebraska -\",\"field_1\":\"0\",\"field_4\":\"Sale\",\"field_2\":\"House\",\"field_5\":\"ZagrebaÄka\",\"field_7\":\"Vrbovec\",\"field_40\":\"\",\"field_3\":\"Less than 50m2\",\"field_57\":\"49\",\"field_39\":\"-\",\"field_19\":\"2\",\"field_20\":\"2\",\"field_58\":\"5\",\"field_36\":\"\",\"field_55\":\"\",\"field_37\":\"\",\"field_54\":\"Agent\",\"field_53\":\"\",\"field_59\":\"30\",\"field_60\":\"10\",\"field_77\":\"<li><span style=\\\"margin-left: 0px; left: 0px;\\\" class=\\\"vertical\\\"><\\/span><span style=\\\"width: 0px; margin-left: 0px; left: 0px;\\\" class=\\\"horizontal\\\"><\\/span><span style=\\\"margin-left: 0px; left: 0px;\\\" class=\\\"vertical\\\"><\\/span><span style=\\\"width: 0px; margin-left: 0px; left: 0px;\\\" class=\\\"horizontal\\\"><\\/span><span style=\\\"margin-left: 0px; left: 0px;\\\" class=\\\"vertical\\\"><\\/span><span style=\\\"width: 0px; margin-left: 0px; left: 0px;\\\" class=\\\"horizontal\\\"><\\/span><span style=\\\"margin-left: 0px; left: 0px;\\\" class=\\\"vertical\\\"><\\/span><span style=\\\"width: 0px; margin-left: 0px; left: 0px;\\\" class=\\\"horizontal\\\"><\\/span><span style=\\\"margin-left: 0px; left: 0px;\\\" class=\\\"vertical\\\"><\\/span><span style=\\\"width: 0px; margin-left: 0px; left: 0px;\\\" class=\\\"horizontal\\\"><\\/span><div class=\\\"ui-droppable ui-draggable\\\" id=\\\"1\\\"><span class=\\\"add_action\\\" title=\\\"Click for Add\\\"><\\/span><span class=\\\"delete_action\\\" title=\\\"Click for Delete\\\"><\\/span><span class=\\\"edit_action\\\" title=\\\"Click for Edit\\\"><\\/span><span class=\\\"add_action\\\" title=\\\"Click for Add\\\"><\\/span><span class=\\\"delete_action\\\" title=\\\"Click for Delete\\\"><\\/span><span class=\\\"edit_action\\\" title=\\\"Click for Edit\\\"><\\/span><span class=\\\"add_action\\\" title=\\\"Click for Add\\\"><\\/span><span class=\\\"delete_action\\\" title=\\\"Click for Delete\\\"><\\/span><span class=\\\"edit_action\\\" title=\\\"Click for Edit\\\"><\\/span><span class=\\\"add_action\\\" title=\\\"Click for Add\\\"><\\/span><span class=\\\"delete_action\\\" title=\\\"Click for Delete\\\"><\\/span><span class=\\\"edit_action\\\" title=\\\"Click for Edit\\\"><\\/span><span class=\\\"add_action\\\" title=\\\"Click for Add\\\"><\\/span><span class=\\\"delete_action\\\" title=\\\"Click for Delete\\\"><\\/span><span class=\\\"edit_action\\\" title=\\\"Click for Edit\\\"><\\/span><span class=\\\"first_name\\\">1<\\/span><\\/div><\\/li>\",\"field_66\":\"0\",\"field_67\":\"\",\"field_68\":\"\",\"field_69\":\"\",\"field_70\":\"\",\"field_71\":\"\",\"field_72\":\"\",\"field_73\":\"\",\"field_21\":\"0\",\"field_22\":\"true\",\"field_23\":\"true\",\"field_24\":\"true\",\"field_25\":\"0\",\"field_28\":\"0\",\"field_29\":\"0\",\"field_31\":\"0\",\"field_52\":\"0\",\"field_11\":\"true\",\"field_30\":\"0\",\"field_27\":\"0\",\"field_33\":\"true\",\"field_32\":\"true\",\"field_43\":\"0\",\"field_44\":\"200\",\"field_45\":\"200\",\"field_46\":\"200\",\"field_47\":\"\",\"field_48\":\"\",\"field_49\":\"\",\"field_50\":\"\",\"field_51\":\"\",\"field_9\":\"0\",\"field_12\":\"\",\"field_42\":\"0\"}',NULL,NULL,NULL,2,2,5,49,NULL,30,'Sale','House','ZagrebaÄka','Vrbovec'),(376,15,2,'{\"field_10\":\"Okrugle kule\",\"field_78\":\"\",\"field_8\":\"Lorem ipsum dolor sit amet, consectetur adipiscing elit. Sed vulputate \\r\\nnec neque gravida rhoncus. Donec sit amet blandit mauris, sed bibendum \\r\\nrisus. Cras ut urna semper, facilisis augue sed, imperdiet nulla. Duis \\r\\ntristique tellus tortor, dapibus gravida sem sodales id. Nullam quis \\r\\nconvallis libero, vitae pulvinar nisi.\",\"field_17\":\"<p>\\r\\nLorem ipsum dolor sit amet, consectetur adipiscing elit. Sed vulputate \\r\\nnec neque gravida rhoncus. Donec sit amet blandit mauris, sed bibendum \\r\\nrisus. Cras ut urna semper, facilisis augue sed, imperdiet nulla. Duis \\r\\ntristique tellus tortor, dapibus gravida sem sodales id. Nullam quis \\r\\nconvallis libero, vitae pulvinar nisi.<\\/p><p><span style=\\\"font-weight: bold;\\\">Nam eget est facilisis, porta mi \\r\\nac, ultricies enim. Proin nisi diam, eleifend ac eleifend in, dapibus in\\r\\n orci. Vestibulum elementum lectus non nisl venenatis, tempus molestie \\r\\nnisi tempus. Pellentesque facilisis nibh nec purus blandit, id aliquam \\r\\nlorem fermentum.\\r\\n<\\/span><\\/p>\\r\\n<p>\\r\\n<span style=\\\"font-style: italic;\\\">Ut erat lacus, sagittis ac leo eu, molestie mattis libero. Nam sit amet \\r\\nmassa et magna porttitor eleifend a aliquam nunc. Pellentesque a est a \\r\\naugue dignissim tristique eu nec augue. Integer pretium sollicitudin \\r\\ntellus, quis hendrerit nunc accumsan et. Fusce bibendum a neque vel \\r\\nfringilla. Vivamus viverra enim at purus gravida, in elementum neque \\r\\neleifend. Curabitur sodales dapibus urna, at mattis lacus eleifend non. \\r\\nDonec ultricies porta orci eu congue. Nulla sodales arcu a libero \\r\\naliquet, nec aliquam ante sagittis.<\\/span><\\/p>\",\"field_38\":\"empty\",\"field_6\":\"house\",\"field_56\":\"\",\"field_76\":\"\",\"field_64\":\"United States - Nebraska -\",\"field_1\":\"0\",\"field_4\":\"Prodaja\",\"field_2\":\"Stan\",\"field_5\":\"ZagrebaÄka\",\"field_7\":\"Vrbovec\",\"field_40\":\"\",\"field_3\":\"ViÅ¡e od 100m2\",\"field_57\":\"49\",\"field_39\":\"-\",\"field_19\":\"2\",\"field_20\":\"2\",\"field_58\":\"5\",\"field_36\":\"\",\"field_55\":\"\",\"field_37\":\"\",\"field_54\":\"Agent\",\"field_53\":\"\",\"field_59\":\"\",\"field_60\":\"\",\"field_77\":\"<li><span style=\\\"margin-left: 20px; left: 20.8333px;\\\" class=\\\"vertical\\\"><\\/span><span style=\\\"width: 0px; margin-left: 20px; left: 20.8333px;\\\" class=\\\"horizontal\\\"><\\/span><span style=\\\"margin-left: 20px; left: 20.8333px;\\\" class=\\\"vertical\\\"><\\/span><span style=\\\"width: 0px; margin-left: 20px; left: 20.8333px;\\\" class=\\\"horizontal\\\"><\\/span><span style=\\\"margin-left: 20px; left: 20.8333px;\\\" class=\\\"vertical\\\"><\\/span><span style=\\\"width: 0px; margin-left: 20px; left: 20.8333px;\\\" class=\\\"horizontal\\\"><\\/span><span style=\\\"margin-left: 20px; left: 20.8333px;\\\" class=\\\"vertical\\\"><\\/span><span style=\\\"width: 0px; margin-left: 20px; left: 20.8333px;\\\" class=\\\"horizontal\\\"><\\/span><span style=\\\"margin-left: 20px; left: 20.8333px;\\\" class=\\\"vertical\\\"><\\/span><span style=\\\"width: 0px; margin-left: 20px; left: 20.8333px;\\\" class=\\\"horizontal\\\"><\\/span><div class=\\\"ui-droppable ui-draggable\\\" id=\\\"2\\\"><span class=\\\"add_action\\\" title=\\\"Click for Add\\\"><\\/span><span class=\\\"delete_action\\\" title=\\\"Click for Delete\\\"><\\/span><span class=\\\"edit_action\\\" title=\\\"Click for Edit\\\"><\\/span><span class=\\\"add_action\\\" title=\\\"Click for Add\\\"><\\/span><span class=\\\"delete_action\\\" title=\\\"Click for Delete\\\"><\\/span><span class=\\\"edit_action\\\" title=\\\"Click for Edit\\\"><\\/span><span class=\\\"add_action\\\" title=\\\"Click for Add\\\"><\\/span><span class=\\\"delete_action\\\" title=\\\"Click for Delete\\\"><\\/span><span class=\\\"edit_action\\\" title=\\\"Click for Edit\\\"><\\/span><span class=\\\"add_action\\\" title=\\\"Click for Add\\\"><\\/span><span class=\\\"delete_action\\\" title=\\\"Click for Delete\\\"><\\/span><span class=\\\"edit_action\\\" title=\\\"Click for Edit\\\"><\\/span><span class=\\\"add_action\\\" title=\\\"Click for Add\\\"><\\/span><span class=\\\"delete_action\\\" title=\\\"Click for Delete\\\"><\\/span><span class=\\\"edit_action\\\" title=\\\"Click for Edit\\\"><\\/span><span class=\\\"first_name\\\">1<\\/span><\\/div><\\/li>\",\"field_66\":\"0\",\"field_67\":\"\",\"field_68\":\"\",\"field_69\":\"\",\"field_70\":\"\",\"field_71\":\"\",\"field_72\":\"\",\"field_73\":\"\",\"field_21\":\"0\",\"field_22\":\"true\",\"field_23\":\"true\",\"field_24\":\"true\",\"field_25\":\"0\",\"field_28\":\"0\",\"field_29\":\"0\",\"field_31\":\"0\",\"field_52\":\"0\",\"field_11\":\"true\",\"field_30\":\"0\",\"field_27\":\"0\",\"field_33\":\"true\",\"field_32\":\"true\",\"field_43\":\"0\",\"field_44\":\"200\",\"field_45\":\"200\",\"field_46\":\"200\",\"field_47\":\"\",\"field_48\":\"\",\"field_49\":\"\",\"field_50\":\"\",\"field_51\":\"\",\"field_9\":\"0\",\"field_12\":\"\",\"field_42\":\"0\"}',NULL,NULL,NULL,2,2,5,49,NULL,NULL,'Prodaja','Stan','ZagrebaÄka','Vrbovec'),(377,13,1,'{\"field_10\":\"Yellow wood\",\"field_8\":\"Lorem ipsum dolor sit amet, consectetur adipiscing elit. Sed vulputate \\r\\nnec neque gravida rhoncus. Donec sit amet blandit mauris, sed bibendum \\r\\nrisus. Cras ut urna semper, facilisis augue sed, imperdiet nulla. Duis \\r\\ntristique tellus tortor, dapibus gravida sem sodales id. Nullam quis \\r\\nconvallis libero, vitae pulvinar nisi.\",\"field_17\":\"<p>\\r\\nLorem ipsum dolor sit amet, consectetur adipiscing elit. Sed vulputate \\r\\nnec neque gravida rhoncus. Donec sit amet blandit mauris, sed bibendum \\r\\nrisus. Cras ut urna semper, facilisis augue sed, imperdiet nulla. Duis \\r\\ntristique tellus tortor, dapibus gravida sem sodales id. Nullam quis \\r\\nconvallis libero, vitae pulvinar nisi.<\\/p><p><span style=\\\"font-weight: bold;\\\">Nam eget est facilisis, porta mi \\r\\nac, ultricies enim. Proin nisi diam, eleifend ac eleifend in, dapibus in\\r\\n orci. Vestibulum elementum lectus non nisl venenatis, tempus molestie \\r\\nnisi tempus. Pellentesque facilisis nibh nec purus blandit, id aliquam \\r\\nlorem fermentum.\\r\\n<\\/span><\\/p>\\r\\n<p>\\r\\n<span style=\\\"font-style: italic;\\\">Ut erat lacus, sagittis ac leo eu, molestie mattis libero. Nam sit amet \\r\\nmassa et magna porttitor eleifend a aliquam nunc. Pellentesque a est a \\r\\naugue dignissim tristique eu nec augue. Integer pretium sollicitudin \\r\\ntellus, quis hendrerit nunc accumsan et. Fusce bibendum a neque vel \\r\\nfringilla. Vivamus viverra enim at purus gravida, in elementum neque \\r\\neleifend. Curabitur sodales dapibus urna, at mattis lacus eleifend non. \\r\\nDonec ultricies porta orci eu congue. Nulla sodales arcu a libero \\r\\naliquet, nec aliquam ante sagittis.<\\/span><\\/p>\",\"field_38\":\"empty\",\"field_6\":\"house\",\"field_56\":\"\",\"field_1\":\"0\",\"field_4\":\"Sale\",\"field_2\":\"House\",\"field_5\":\"ZagrebaÄka\",\"field_7\":\"Sesvete\",\"field_40\":\"\",\"field_64\":\"United States - Kentucky -\",\"field_3\":\"50-100m2\",\"field_57\":\"90\",\"field_39\":\"-\",\"field_19\":\"1\",\"field_20\":\"1\",\"field_58\":\"9\",\"field_36\":\"\",\"field_55\":\"\",\"field_37\":\"\",\"field_54\":\"Agent\",\"field_53\":\"\",\"field_59\":\"200\",\"field_60\":\"50\",\"field_66\":\"0\",\"field_67\":\"\",\"field_68\":\"\",\"field_69\":\"\",\"field_70\":\"\",\"field_71\":\"\",\"field_72\":\"\",\"field_73\":\"\",\"field_21\":\"0\",\"field_22\":\"true\",\"field_23\":\"true\",\"field_24\":\"true\",\"field_25\":\"true\",\"field_28\":\"0\",\"field_29\":\"0\",\"field_31\":\"0\",\"field_52\":\"0\",\"field_11\":\"true\",\"field_30\":\"0\",\"field_27\":\"0\",\"field_33\":\"0\",\"field_32\":\"0\",\"field_43\":\"0\",\"field_44\":\"\",\"field_45\":\"\",\"field_46\":\"\",\"field_47\":\"\",\"field_48\":\"\",\"field_49\":\"300\",\"field_50\":\"300\",\"field_51\":\"300\",\"field_9\":\"0\",\"field_12\":\"\",\"field_42\":\"0\"}',NULL,NULL,NULL,1,1,9,90,NULL,200,'Sale','House','ZagrebaÄka','Sesvete'),(378,13,2,'{\"field_10\":\"Å½uto drvo\",\"field_8\":\"Lorem ipsum dolor sit amet, consectetur adipiscing elit. Sed vulputate \\r\\nnec neque gravida rhoncus. Donec sit amet blandit mauris, sed bibendum \\r\\nrisus. Cras ut urna semper, facilisis augue sed, imperdiet nulla. Duis \\r\\ntristique tellus tortor, dapibus gravida sem sodales id. Nullam quis \\r\\nconvallis libero, vitae pulvinar nisi.\",\"field_17\":\"<p>\\r\\nLorem ipsum dolor sit amet, consectetur adipiscing elit. Sed vulputate \\r\\nnec neque gravida rhoncus. Donec sit amet blandit mauris, sed bibendum \\r\\nrisus. Cras ut urna semper, facilisis augue sed, imperdiet nulla. Duis \\r\\ntristique tellus tortor, dapibus gravida sem sodales id. Nullam quis \\r\\nconvallis libero, vitae pulvinar nisi.<\\/p><p><span style=\\\"font-weight: bold;\\\">Nam eget est facilisis, porta mi \\r\\nac, ultricies enim. Proin nisi diam, eleifend ac eleifend in, dapibus in\\r\\n orci. Vestibulum elementum lectus non nisl venenatis, tempus molestie \\r\\nnisi tempus. Pellentesque facilisis nibh nec purus blandit, id aliquam \\r\\nlorem fermentum.\\r\\n<\\/span><\\/p>\\r\\n<p>\\r\\n<span style=\\\"font-style: italic;\\\">Ut erat lacus, sagittis ac leo eu, molestie mattis libero. Nam sit amet \\r\\nmassa et magna porttitor eleifend a aliquam nunc. Pellentesque a est a \\r\\naugue dignissim tristique eu nec augue. Integer pretium sollicitudin \\r\\ntellus, quis hendrerit nunc accumsan et. Fusce bibendum a neque vel \\r\\nfringilla. Vivamus viverra enim at purus gravida, in elementum neque \\r\\neleifend. Curabitur sodales dapibus urna, at mattis lacus eleifend non. \\r\\nDonec ultricies porta orci eu congue. Nulla sodales arcu a libero \\r\\naliquet, nec aliquam ante sagittis.<\\/span><\\/p>\",\"field_38\":\"empty\",\"field_6\":\"house\",\"field_56\":\"\",\"field_1\":\"0\",\"field_4\":\"Prodaja\",\"field_2\":\"KuÄ‡a\",\"field_5\":\"ZagrebaÄka\",\"field_7\":\"Sesvete\",\"field_40\":\"\",\"field_64\":\"United States - Kentucky -\",\"field_3\":\"50-100m2\",\"field_57\":\"90\",\"field_39\":\"-\",\"field_19\":\"1\",\"field_20\":\"1\",\"field_58\":\"9\",\"field_36\":\"\",\"field_55\":\"\",\"field_37\":\"\",\"field_54\":\"Agent\",\"field_53\":\"\",\"field_59\":\"200\",\"field_60\":\"50\",\"field_66\":\"0\",\"field_67\":\"\",\"field_68\":\"\",\"field_69\":\"\",\"field_70\":\"\",\"field_71\":\"\",\"field_72\":\"\",\"field_73\":\"\",\"field_21\":\"0\",\"field_22\":\"true\",\"field_23\":\"true\",\"field_24\":\"true\",\"field_25\":\"true\",\"field_28\":\"0\",\"field_29\":\"0\",\"field_31\":\"0\",\"field_52\":\"0\",\"field_11\":\"true\",\"field_30\":\"0\",\"field_27\":\"0\",\"field_33\":\"0\",\"field_32\":\"0\",\"field_43\":\"0\",\"field_44\":\"\",\"field_45\":\"\",\"field_46\":\"\",\"field_47\":\"\",\"field_48\":\"\",\"field_49\":\"300\",\"field_50\":\"300\",\"field_51\":\"300\",\"field_9\":\"0\",\"field_12\":\"\",\"field_42\":\"0\"}',NULL,NULL,NULL,1,1,9,90,NULL,200,'Prodaja','KuÄ‡a','ZagrebaÄka','Sesvete'),(379,11,1,'{\"field_10\":\"Sky apartment\",\"field_8\":\"Lorem ipsum dolor sit amet, consectetur adipiscing elit. Sed vulputate \\r\\nnec neque gravida rhoncus. Donec sit amet blandit mauris, sed bibendum \\r\\nrisus. Cras ut urna semper, facilisis augue sed, imperdiet nulla. Duis \\r\\ntristique tellus tortor, dapibus gravida sem sodales id. Nullam quis \\r\\nconvallis libero, vitae pulvinar nisi.\",\"field_17\":\"<p>\\r\\nLorem ipsum dolor sit amet, consectetur adipiscing elit. Sed vulputate \\r\\nnec neque gravida rhoncus. Donec sit amet blandit mauris, sed bibendum \\r\\nrisus. Cras ut urna semper, facilisis augue sed, imperdiet nulla. Duis \\r\\ntristique tellus tortor, dapibus gravida sem sodales id. Nullam quis \\r\\nconvallis libero, vitae pulvinar nisi.<\\/p><p><span style=\\\"font-weight: bold;\\\">Nam eget est facilisis, porta mi \\r\\nac, ultricies enim. Proin nisi diam, eleifend ac eleifend in, dapibus in\\r\\n orci. Vestibulum elementum lectus non nisl venenatis, tempus molestie \\r\\nnisi tempus. Pellentesque facilisis nibh nec purus blandit, id aliquam \\r\\nlorem fermentum.\\r\\n<\\/span><\\/p>\\r\\n<p>\\r\\n<span style=\\\"font-style: italic;\\\">Ut erat lacus, sagittis ac leo eu, molestie mattis libero. Nam sit amet \\r\\nmassa et magna porttitor eleifend a aliquam nunc. Pellentesque a est a \\r\\naugue dignissim tristique eu nec augue. Integer pretium sollicitudin \\r\\ntellus, quis hendrerit nunc accumsan et. Fusce bibendum a neque vel \\r\\nfringilla. Vivamus viverra enim at purus gravida, in elementum neque \\r\\neleifend. Curabitur sodales dapibus urna, at mattis lacus eleifend non. \\r\\nDonec ultricies porta orci eu congue. Nulla sodales arcu a libero \\r\\naliquet, nec aliquam ante sagittis.<\\/span><\\/p>\",\"field_38\":\"empty\",\"field_6\":\"apartment\",\"field_56\":\"\",\"field_1\":\"0\",\"field_4\":\"Sale\",\"field_2\":\"Apartment\",\"field_5\":\"VaraÅ¾dinska\",\"field_7\":\"Ivanec\",\"field_40\":\"\",\"field_64\":\"United States - Alabama -\",\"field_3\":\"50-100m2\",\"field_57\":\"70\",\"field_39\":\"-\",\"field_19\":\"1\",\"field_20\":\"2\",\"field_58\":\"7\",\"field_36\":\"\",\"field_55\":\"\",\"field_37\":\"\",\"field_54\":\"Agent\",\"field_53\":\"\",\"field_59\":\"200\",\"field_60\":\"30\",\"field_66\":\"0\",\"field_67\":\"\",\"field_68\":\"\",\"field_69\":\"\",\"field_70\":\"\",\"field_71\":\"\",\"field_72\":\"\",\"field_73\":\"\",\"field_21\":\"0\",\"field_22\":\"0\",\"field_23\":\"0\",\"field_24\":\"0\",\"field_25\":\"0\",\"field_28\":\"true\",\"field_29\":\"0\",\"field_31\":\"0\",\"field_52\":\"0\",\"field_11\":\"true\",\"field_30\":\"0\",\"field_27\":\"true\",\"field_33\":\"true\",\"field_32\":\"0\",\"field_43\":\"0\",\"field_44\":\"\",\"field_45\":\"\",\"field_46\":\"1200\",\"field_47\":\"1200\",\"field_48\":\"\",\"field_49\":\"\",\"field_50\":\"\",\"field_51\":\"\",\"field_9\":\"0\",\"field_12\":\"\",\"field_42\":\"0\"}',NULL,NULL,NULL,1,2,7,70,NULL,200,'Sale','Apartment','VaraÅ¾dinska','Ivanec'),(380,11,2,'{\"field_10\":\"Sky apartman\",\"field_8\":\"Lorem ipsum dolor sit amet, consectetur adipiscing elit. Sed vulputate \\r\\nnec neque gravida rhoncus. Donec sit amet blandit mauris, sed bibendum \\r\\nrisus. Cras ut urna semper, facilisis augue sed, imperdiet nulla. Duis \\r\\ntristique tellus tortor, dapibus gravida sem sodales id. Nullam quis \\r\\nconvallis libero, vitae pulvinar nisi.\",\"field_17\":\"<p>\\r\\nLorem ipsum dolor sit amet, consectetur adipiscing elit. Sed vulputate \\r\\nnec neque gravida rhoncus. Donec sit amet blandit mauris, sed bibendum \\r\\nrisus. Cras ut urna semper, facilisis augue sed, imperdiet nulla. Duis \\r\\ntristique tellus tortor, dapibus gravida sem sodales id. Nullam quis \\r\\nconvallis libero, vitae pulvinar nisi.<\\/p><p><span style=\\\"font-weight: bold;\\\">Nam eget est facilisis, porta mi \\r\\nac, ultricies enim. Proin nisi diam, eleifend ac eleifend in, dapibus in\\r\\n orci. Vestibulum elementum lectus non nisl venenatis, tempus molestie \\r\\nnisi tempus. Pellentesque facilisis nibh nec purus blandit, id aliquam \\r\\nlorem fermentum.\\r\\n<\\/span><\\/p>\\r\\n<p>\\r\\n<span style=\\\"font-style: italic;\\\">Ut erat lacus, sagittis ac leo eu, molestie mattis libero. Nam sit amet \\r\\nmassa et magna porttitor eleifend a aliquam nunc. Pellentesque a est a \\r\\naugue dignissim tristique eu nec augue. Integer pretium sollicitudin \\r\\ntellus, quis hendrerit nunc accumsan et. Fusce bibendum a neque vel \\r\\nfringilla. Vivamus viverra enim at purus gravida, in elementum neque \\r\\neleifend. Curabitur sodales dapibus urna, at mattis lacus eleifend non. \\r\\nDonec ultricies porta orci eu congue. Nulla sodales arcu a libero \\r\\naliquet, nec aliquam ante sagittis.<\\/span><\\/p>\",\"field_38\":\"empty\",\"field_6\":\"apartment\",\"field_56\":\"\",\"field_1\":\"0\",\"field_4\":\"Prodaja\",\"field_2\":\"Stan\",\"field_5\":\"VaraÅ¾dinska\",\"field_7\":\"Ivanec\",\"field_40\":\"\",\"field_64\":\"United States - Alabama -\",\"field_3\":\"50-100m2\",\"field_57\":\"70\",\"field_39\":\"-\",\"field_19\":\"1\",\"field_20\":\"2\",\"field_58\":\"7\",\"field_36\":\"\",\"field_55\":\"\",\"field_37\":\"\",\"field_54\":\"Agent\",\"field_53\":\"\",\"field_59\":\"\",\"field_60\":\"\",\"field_66\":\"0\",\"field_67\":\"\",\"field_68\":\"\",\"field_69\":\"\",\"field_70\":\"\",\"field_71\":\"\",\"field_72\":\"\",\"field_73\":\"\",\"field_21\":\"0\",\"field_22\":\"0\",\"field_23\":\"0\",\"field_24\":\"0\",\"field_25\":\"0\",\"field_28\":\"true\",\"field_29\":\"0\",\"field_31\":\"0\",\"field_52\":\"0\",\"field_11\":\"true\",\"field_30\":\"0\",\"field_27\":\"true\",\"field_33\":\"true\",\"field_32\":\"0\",\"field_43\":\"0\",\"field_44\":\"\",\"field_45\":\"\",\"field_46\":\"1200\",\"field_47\":\"1200\",\"field_48\":\"\",\"field_49\":\"\",\"field_50\":\"\",\"field_51\":\"\",\"field_9\":\"0\",\"field_12\":\"\",\"field_42\":\"0\"}',NULL,NULL,NULL,1,2,7,70,NULL,NULL,'Prodaja','Stan','VaraÅ¾dinska','Ivanec'),(381,10,1,'{\"field_10\":\"Lux apartment\",\"field_8\":\"Lorem ipsum dolor sit amet, consectetur adipiscing elit. Sed vulputate \\r\\nnec neque gravida rhoncus. Donec sit amet blandit mauris, sed bibendum \\r\\nrisus. Cras ut urna semper, facilisis augue sed, imperdiet nulla. Duis \\r\\ntristique tellus tortor, dapibus gravida sem sodales id. Nullam quis \\r\\nconvallis libero, vitae pulvinar nisi.\",\"field_17\":\"<p>\\r\\nLorem ipsum dolor sit amet, consectetur adipiscing elit. Sed vulputate \\r\\nnec neque gravida rhoncus. Donec sit amet blandit mauris, sed bibendum \\r\\nrisus. Cras ut urna semper, facilisis augue sed, imperdiet nulla. Duis \\r\\ntristique tellus tortor, dapibus gravida sem sodales id. Nullam quis \\r\\nconvallis libero, vitae pulvinar nisi.<\\/p><p><span style=\\\"font-weight: bold;\\\">Nam eget est facilisis, porta mi \\r\\nac, ultricies enim. Proin nisi diam, eleifend ac eleifend in, dapibus in\\r\\n orci. Vestibulum elementum lectus non nisl venenatis, tempus molestie \\r\\nnisi tempus. Pellentesque facilisis nibh nec purus blandit, id aliquam \\r\\nlorem fermentum.\\r\\n<\\/span><\\/p>\\r\\n<p>\\r\\n<span style=\\\"font-style: italic;\\\">Ut erat lacus, sagittis ac leo eu, molestie mattis libero. Nam sit amet \\r\\nmassa et magna porttitor eleifend a aliquam nunc. Pellentesque a est a \\r\\naugue dignissim tristique eu nec augue. Integer pretium sollicitudin \\r\\ntellus, quis hendrerit nunc accumsan et. Fusce bibendum a neque vel \\r\\nfringilla. Vivamus viverra enim at purus gravida, in elementum neque \\r\\neleifend. Curabitur sodales dapibus urna, at mattis lacus eleifend non. \\r\\nDonec ultricies porta orci eu congue. Nulla sodales arcu a libero \\r\\naliquet, nec aliquam ante sagittis.<\\/span><\\/p>\",\"field_38\":\"action\",\"field_6\":\"apartment\",\"field_56\":\"\",\"field_1\":\"0\",\"field_4\":\"Sale\",\"field_2\":\"Apartment\",\"field_5\":\"KriÅ¾evci\",\"field_7\":\"Cubinec\",\"field_40\":\"\",\"field_64\":\"United States - Rhode Island -\",\"field_3\":\"Less than 50m2\",\"field_57\":\"44\",\"field_39\":\"-\",\"field_19\":\"1\",\"field_20\":\"1\",\"field_58\":\"4\",\"field_36\":\"\",\"field_55\":\"\",\"field_37\":\"\",\"field_54\":\"Agent\",\"field_53\":\"\",\"field_59\":\"500\",\"field_60\":\"200\",\"field_66\":\"0\",\"field_67\":\"\",\"field_68\":\"\",\"field_69\":\"\",\"field_70\":\"\",\"field_71\":\"\",\"field_72\":\"\",\"field_73\":\"\",\"field_21\":\"0\",\"field_22\":\"true\",\"field_23\":\"true\",\"field_24\":\"true\",\"field_25\":\"true\",\"field_28\":\"true\",\"field_29\":\"true\",\"field_31\":\"true\",\"field_52\":\"0\",\"field_11\":\"0\",\"field_30\":\"true\",\"field_27\":\"0\",\"field_33\":\"0\",\"field_32\":\"true\",\"field_43\":\"0\",\"field_44\":\"\",\"field_45\":\"1200\",\"field_46\":\"\",\"field_47\":\"\",\"field_48\":\"\",\"field_49\":\"\",\"field_50\":\"\",\"field_51\":\"\",\"field_9\":\"0\",\"field_12\":\"\",\"field_42\":\"0\"}',NULL,NULL,NULL,1,1,4,44,NULL,500,'Sale','Apartment','KriÅ¾evci','Cubinec'),(382,10,2,'{\"field_10\":\"Lux apartman\",\"field_8\":\"Lorem ipsum dolor sit amet, consectetur adipiscing elit. Sed vulputate \\r\\nnec neque gravida rhoncus. Donec sit amet blandit mauris, sed bibendum \\r\\nrisus. Cras ut urna semper, facilisis augue sed, imperdiet nulla. Duis \\r\\ntristique tellus tortor, dapibus gravida sem sodales id. Nullam quis \\r\\nconvallis libero, vitae pulvinar nisi.\",\"field_17\":\"<p>\\r\\nLorem ipsum dolor sit amet, consectetur adipiscing elit. Sed vulputate \\r\\nnec neque gravida rhoncus. Donec sit amet blandit mauris, sed bibendum \\r\\nrisus. Cras ut urna semper, facilisis augue sed, imperdiet nulla. Duis \\r\\ntristique tellus tortor, dapibus gravida sem sodales id. Nullam quis \\r\\nconvallis libero, vitae pulvinar nisi.<\\/p><p><span style=\\\"font-weight: bold;\\\">Nam eget est facilisis, porta mi \\r\\nac, ultricies enim. Proin nisi diam, eleifend ac eleifend in, dapibus in\\r\\n orci. Vestibulum elementum lectus non nisl venenatis, tempus molestie \\r\\nnisi tempus. Pellentesque facilisis nibh nec purus blandit, id aliquam \\r\\nlorem fermentum.\\r\\n<\\/span><\\/p>\\r\\n<p>\\r\\n<span style=\\\"font-style: italic;\\\">Ut erat lacus, sagittis ac leo eu, molestie mattis libero. Nam sit amet \\r\\nmassa et magna porttitor eleifend a aliquam nunc. Pellentesque a est a \\r\\naugue dignissim tristique eu nec augue. Integer pretium sollicitudin \\r\\ntellus, quis hendrerit nunc accumsan et. Fusce bibendum a neque vel \\r\\nfringilla. Vivamus viverra enim at purus gravida, in elementum neque \\r\\neleifend. Curabitur sodales dapibus urna, at mattis lacus eleifend non. \\r\\nDonec ultricies porta orci eu congue. Nulla sodales arcu a libero \\r\\naliquet, nec aliquam ante sagittis.<\\/span><\\/p>\",\"field_38\":\"akcija\",\"field_6\":\"apartment\",\"field_56\":\"\",\"field_1\":\"0\",\"field_4\":\"Prodaja\",\"field_2\":\"Stan\",\"field_5\":\"KriÅ¾evci\",\"field_7\":\"Cubinec\",\"field_40\":\"\",\"field_64\":\"United States - Rhode Island -\",\"field_3\":\"Manje od 50m2\",\"field_57\":\"44\",\"field_39\":\"-\",\"field_19\":\"1\",\"field_20\":\"1\",\"field_58\":\"4\",\"field_36\":\"\",\"field_55\":\"\",\"field_37\":\"\",\"field_54\":\"Agent\",\"field_53\":\"\",\"field_59\":\"\",\"field_60\":\"\",\"field_66\":\"0\",\"field_67\":\"\",\"field_68\":\"\",\"field_69\":\"\",\"field_70\":\"\",\"field_71\":\"\",\"field_72\":\"\",\"field_73\":\"\",\"field_21\":\"0\",\"field_22\":\"true\",\"field_23\":\"true\",\"field_24\":\"true\",\"field_25\":\"true\",\"field_28\":\"true\",\"field_29\":\"true\",\"field_31\":\"true\",\"field_52\":\"0\",\"field_11\":\"0\",\"field_30\":\"true\",\"field_27\":\"0\",\"field_33\":\"0\",\"field_32\":\"true\",\"field_43\":\"0\",\"field_44\":\"\",\"field_45\":\"1200\",\"field_46\":\"\",\"field_47\":\"\",\"field_48\":\"\",\"field_49\":\"\",\"field_50\":\"\",\"field_51\":\"\",\"field_9\":\"0\",\"field_12\":\"\",\"field_42\":\"0\"}',NULL,NULL,NULL,1,1,4,44,NULL,NULL,'Prodaja','Stan','KriÅ¾evci','Cubinec'),(383,9,1,'{\"field_10\":\"Jezero restaurant\",\"field_8\":\"Lorem ipsum dolor sit amet, consectetur adipiscing elit. Sed vulputate \\r\\nnec neque gravida rhoncus. Donec sit amet blandit mauris, sed bibendum \\r\\nrisus. Cras ut urna semper, facilisis augue sed, imperdiet nulla. Duis \\r\\ntristique tellus tortor, dapibus gravida sem sodales id. Nullam quis \\r\\nconvallis libero, vitae pulvinar nisi.\",\"field_17\":\"<p>\\r\\nLorem ipsum dolor sit amet, consectetur adipiscing elit. Sed vulputate \\r\\nnec neque gravida rhoncus. Donec sit amet blandit mauris, sed bibendum \\r\\nrisus. Cras ut urna semper, facilisis augue sed, imperdiet nulla. Duis \\r\\ntristique tellus tortor, dapibus gravida sem sodales id. Nullam quis \\r\\nconvallis libero, vitae pulvinar nisi.<\\/p><p><span style=\\\"font-weight: bold;\\\">Nam eget est facilisis, porta mi \\r\\nac, ultricies enim. Proin nisi diam, eleifend ac eleifend in, dapibus in\\r\\n orci. Vestibulum elementum lectus non nisl venenatis, tempus molestie \\r\\nnisi tempus. Pellentesque facilisis nibh nec purus blandit, id aliquam \\r\\nlorem fermentum.\\r\\n<\\/span><\\/p>\\r\\n<p>\\r\\n<span style=\\\"font-style: italic;\\\">Ut erat lacus, sagittis ac leo eu, molestie mattis libero. Nam sit amet \\r\\nmassa et magna porttitor eleifend a aliquam nunc. Pellentesque a est a \\r\\naugue dignissim tristique eu nec augue. Integer pretium sollicitudin \\r\\ntellus, quis hendrerit nunc accumsan et. Fusce bibendum a neque vel \\r\\nfringilla. Vivamus viverra enim at purus gravida, in elementum neque \\r\\neleifend. Curabitur sodales dapibus urna, at mattis lacus eleifend non. \\r\\nDonec ultricies porta orci eu congue. Nulla sodales arcu a libero \\r\\naliquet, nec aliquam ante sagittis.<\\/span><\\/p>\",\"field_38\":\"sold\",\"field_6\":\"commercial\",\"field_56\":\"\",\"field_76\":\"\",\"field_1\":\"0\",\"field_4\":\"Sale\",\"field_2\":\"Commercial property\",\"field_5\":\"Karlovac\",\"field_7\":\"Pisarovina\",\"field_40\":\"\",\"field_3\":\"50-100m2\",\"field_57\":\"77\",\"field_39\":\"-\",\"field_19\":\"1\",\"field_20\":\"0\",\"field_58\":\"7\",\"field_36\":\"\",\"field_55\":\"\",\"field_37\":\"\",\"field_54\":\"Agent\",\"field_53\":\"\",\"field_59\":\"200\",\"field_60\":\"40\",\"field_77\":\"<li><span style=\\\"margin-left: 20px; left: 20.3333px;\\\" class=\\\"vertical\\\"><\\/span><span style=\\\"width: 0px; margin-left: 20px; left: 20.3333px;\\\" class=\\\"horizontal\\\"><\\/span><div id=\\\"1\\\"><span class=\\\"add_action\\\" title=\\\"Click for Add\\\"><\\/span><span class=\\\"delete_action\\\" title=\\\"Click for Delete\\\"><\\/span><span class=\\\"edit_action\\\" title=\\\"Click for Edit\\\"><\\/span><span class=\\\"first_name\\\">1<\\/span><\\/div><\\/li>\",\"field_64\":\"United States - Kentucky -\",\"field_66\":\"0\",\"field_67\":\"\",\"field_68\":\"\",\"field_69\":\"\",\"field_70\":\"\",\"field_71\":\"\",\"field_72\":\"\",\"field_73\":\"\",\"field_21\":\"0\",\"field_22\":\"true\",\"field_23\":\"0\",\"field_24\":\"true\",\"field_25\":\"true\",\"field_28\":\"true\",\"field_29\":\"true\",\"field_31\":\"true\",\"field_52\":\"0\",\"field_11\":\"true\",\"field_30\":\"0\",\"field_27\":\"true\",\"field_33\":\"true\",\"field_32\":\"true\",\"field_43\":\"0\",\"field_44\":\"\",\"field_45\":\"\",\"field_46\":\"\",\"field_47\":\"1500\",\"field_48\":\"1500\",\"field_49\":\"1500\",\"field_50\":\"\",\"field_51\":\"\",\"field_9\":\"0\",\"field_12\":\"\",\"field_42\":\"0\"}',NULL,NULL,NULL,1,0,7,77,NULL,200,'Sale','Commercial property','Karlovac','Pisarovina'),(384,9,2,'{\"field_10\":\"Restoran jezero\",\"field_8\":\"Lorem ipsum dolor sit amet, consectetur adipiscing elit. Sed vulputate \\r\\nnec neque gravida rhoncus. Donec sit amet blandit mauris, sed bibendum \\r\\nrisus. Cras ut urna semper, facilisis augue sed, imperdiet nulla. Duis \\r\\ntristique tellus tortor, dapibus gravida sem sodales id. Nullam quis \\r\\nconvallis libero, vitae pulvinar nisi.\",\"field_17\":\"<p>\\r\\nLorem ipsum dolor sit amet, consectetur adipiscing elit. Sed vulputate \\r\\nnec neque gravida rhoncus. Donec sit amet blandit mauris, sed bibendum \\r\\nrisus. Cras ut urna semper, facilisis augue sed, imperdiet nulla. Duis \\r\\ntristique tellus tortor, dapibus gravida sem sodales id. Nullam quis \\r\\nconvallis libero, vitae pulvinar nisi.<\\/p><p><span style=\\\"font-weight: bold;\\\">Nam eget est facilisis, porta mi \\r\\nac, ultricies enim. Proin nisi diam, eleifend ac eleifend in, dapibus in\\r\\n orci. Vestibulum elementum lectus non nisl venenatis, tempus molestie \\r\\nnisi tempus. Pellentesque facilisis nibh nec purus blandit, id aliquam \\r\\nlorem fermentum.\\r\\n<\\/span><\\/p>\\r\\n<p>\\r\\n<span style=\\\"font-style: italic;\\\">Ut erat lacus, sagittis ac leo eu, molestie mattis libero. Nam sit amet \\r\\nmassa et magna porttitor eleifend a aliquam nunc. Pellentesque a est a \\r\\naugue dignissim tristique eu nec augue. Integer pretium sollicitudin \\r\\ntellus, quis hendrerit nunc accumsan et. Fusce bibendum a neque vel \\r\\nfringilla. Vivamus viverra enim at purus gravida, in elementum neque \\r\\neleifend. Curabitur sodales dapibus urna, at mattis lacus eleifend non. \\r\\nDonec ultricies porta orci eu congue. Nulla sodales arcu a libero \\r\\naliquet, nec aliquam ante sagittis.<\\/span><\\/p>\",\"field_38\":\"prodano\",\"field_6\":\"commercial\",\"field_56\":\"\",\"field_76\":\"\",\"field_1\":\"0\",\"field_4\":\"Prodaja\",\"field_2\":\"Poslovni prostor\",\"field_5\":\"Karlovac\",\"field_7\":\"Pisarovina\",\"field_40\":\"\",\"field_3\":\"50-100m2\",\"field_57\":\"77\",\"field_39\":\"-\",\"field_19\":\"1\",\"field_20\":\"0\",\"field_58\":\"7\",\"field_36\":\"\",\"field_55\":\"\",\"field_37\":\"\",\"field_54\":\"Agent\",\"field_53\":\"\",\"field_59\":\"\",\"field_60\":\"\",\"field_77\":\"<li><span style=\\\"margin-left: 0px; left: 0px;\\\" class=\\\"vertical\\\"><\\/span><span style=\\\"width: 0px; margin-left: 0px; left: 0px;\\\" class=\\\"horizontal\\\"><\\/span><div id=\\\"2\\\"><span class=\\\"add_action\\\" title=\\\"Click for Add\\\"><\\/span><span class=\\\"delete_action\\\" title=\\\"Click for Delete\\\"><\\/span><span class=\\\"edit_action\\\" title=\\\"Click for Edit\\\"><\\/span><span class=\\\"first_name\\\">1<\\/span><\\/div><\\/li>\",\"field_64\":\"United States - Kentucky -\",\"field_66\":\"0\",\"field_67\":\"\",\"field_68\":\"\",\"field_69\":\"\",\"field_70\":\"\",\"field_71\":\"\",\"field_72\":\"\",\"field_73\":\"\",\"field_21\":\"0\",\"field_22\":\"true\",\"field_23\":\"0\",\"field_24\":\"true\",\"field_25\":\"true\",\"field_28\":\"true\",\"field_29\":\"true\",\"field_31\":\"true\",\"field_52\":\"0\",\"field_11\":\"true\",\"field_30\":\"0\",\"field_27\":\"true\",\"field_33\":\"true\",\"field_32\":\"true\",\"field_43\":\"0\",\"field_44\":\"\",\"field_45\":\"\",\"field_46\":\"\",\"field_47\":\"1500\",\"field_48\":\"1500\",\"field_49\":\"1500\",\"field_50\":\"\",\"field_51\":\"\",\"field_9\":\"0\",\"field_12\":\"\",\"field_42\":\"0\"}',NULL,NULL,NULL,1,0,7,77,NULL,NULL,'Prodaja','Poslovni prostor','Karlovac','Pisarovina'),(385,7,1,'{\"field_10\":\"Spa Bliznec\",\"field_78\":\"\",\"field_8\":\"Lorem ipsum dolor sit amet, consectetur adipiscing elit. Sed vulputate \\r\\nnec neque gravida rhoncus. Donec sit amet blandit mauris, sed bibendum \\r\\nrisus. Cras ut urna semper, facilisis augue sed, imperdiet nulla. Duis \\r\\ntristique tellus tortor, dapibus gravida sem sodales id. Nullam quis \\r\\nconvallis libero, vitae pulvinar nisi.\",\"field_17\":\"<p>\\r\\nLorem ipsum dolor sit amet, consectetur adipiscing elit. Sed vulputate \\r\\nnec neque gravida rhoncus. Donec sit amet blandit mauris, sed bibendum \\r\\nrisus. Cras ut urna semper, facilisis augue sed, imperdiet nulla. Duis \\r\\ntristique tellus tortor, dapibus gravida sem sodales id. Nullam quis \\r\\nconvallis libero, vitae pulvinar nisi.<\\/p><p><span style=\\\"font-weight: bold;\\\">Nam eget est facilisis, porta mi \\r\\nac, ultricies enim. Proin nisi diam, eleifend ac eleifend in, dapibus in\\r\\n orci. Vestibulum elementum lectus non nisl venenatis, tempus molestie \\r\\nnisi tempus. Pellentesque facilisis nibh nec purus blandit, id aliquam \\r\\nlorem fermentum.\\r\\n<\\/span><\\/p>\\r\\n<p>\\r\\n<span style=\\\"font-style: italic;\\\">Ut erat lacus, sagittis ac leo eu, molestie mattis libero. Nam sit amet \\r\\nmassa et magna porttitor eleifend a aliquam nunc. Pellentesque a est a \\r\\naugue dignissim tristique eu nec augue. Integer pretium sollicitudin \\r\\ntellus, quis hendrerit nunc accumsan et. Fusce bibendum a neque vel \\r\\nfringilla. Vivamus viverra enim at purus gravida, in elementum neque \\r\\neleifend. Curabitur sodales dapibus urna, at mattis lacus eleifend non. \\r\\nDonec ultricies porta orci eu congue. Nulla sodales arcu a libero \\r\\naliquet, nec aliquam ante sagittis.<\\/span><\\/p>\",\"field_38\":\"new\",\"field_6\":\"commercial\",\"field_56\":\"\",\"field_76\":\"\",\"field_1\":\"0\",\"field_4\":\"Sale and Rent\",\"field_2\":\"Commercial property\",\"field_5\":\"Zagreb\",\"field_7\":\"Zagreb\",\"field_40\":\"\",\"field_3\":\"Less than 50m2\",\"field_57\":\"33\",\"field_39\":\"B\",\"field_19\":\"5\",\"field_20\":\"5\",\"field_58\":\"12\",\"field_36\":\"50000\",\"field_55\":\"\",\"field_37\":\"500\",\"field_54\":\"Agent\",\"field_53\":\"\",\"field_59\":\"80\",\"field_60\":\"30\",\"field_77\":\"<li><span style=\\\"margin-left: 20px; left: 20px;\\\" class=\\\"vertical\\\"><\\/span><span style=\\\"width: 0px; margin-left: 20px; left: 20px;\\\" class=\\\"horizontal\\\"><\\/span><div id=\\\"1\\\"><span class=\\\"add_action\\\" title=\\\"Click for Add\\\"><\\/span><span class=\\\"delete_action\\\" title=\\\"Click for Delete\\\"><\\/span><span class=\\\"edit_action\\\" title=\\\"Click for Edit\\\"><\\/span><span class=\\\"first_name\\\">1<\\/span><\\/div><\\/li>\",\"field_64\":\"United States - North Dakota -\",\"field_66\":\"0\",\"field_67\":\"\",\"field_68\":\"\",\"field_69\":\"\",\"field_70\":\"\",\"field_71\":\"\",\"field_72\":\"\",\"field_73\":\"\",\"field_21\":\"0\",\"field_22\":\"true\",\"field_23\":\"0\",\"field_24\":\"0\",\"field_25\":\"0\",\"field_28\":\"true\",\"field_29\":\"true\",\"field_31\":\"0\",\"field_52\":\"0\",\"field_11\":\"true\",\"field_30\":\"true\",\"field_27\":\"true\",\"field_33\":\"true\",\"field_32\":\"true\",\"field_43\":\"0\",\"field_44\":\"1500\",\"field_45\":\"1500\",\"field_46\":\"\",\"field_47\":\"\",\"field_48\":\"\",\"field_49\":\"\",\"field_50\":\"\",\"field_51\":\"\",\"field_9\":\"0\",\"field_12\":\"\",\"field_42\":\"0\"}',50000,500,NULL,5,5,12,33,NULL,80,'Sale and Rent','Commercial property','Zagreb','Zagreb'),(386,7,2,'{\"field_10\":\"Toplice Bliznec\",\"field_78\":\"\",\"field_8\":\"Lorem ipsum dolor sit amet, consectetur adipiscing elit. Sed vulputate \\r\\nnec neque gravida rhoncus. Donec sit amet blandit mauris, sed bibendum \\r\\nrisus. Cras ut urna semper, facilisis augue sed, imperdiet nulla. Duis \\r\\ntristique tellus tortor, dapibus gravida sem sodales id. Nullam quis \\r\\nconvallis libero, vitae pulvinar nisi.\",\"field_17\":\"<p>\\r\\nLorem ipsum dolor sit amet, consectetur adipiscing elit. Sed vulputate \\r\\nnec neque gravida rhoncus. Donec sit amet blandit mauris, sed bibendum \\r\\nrisus. Cras ut urna semper, facilisis augue sed, imperdiet nulla. Duis \\r\\ntristique tellus tortor, dapibus gravida sem sodales id. Nullam quis \\r\\nconvallis libero, vitae pulvinar nisi.<\\/p><p><span style=\\\"font-weight: bold;\\\">Nam eget est facilisis, porta mi \\r\\nac, ultricies enim. Proin nisi diam, eleifend ac eleifend in, dapibus in\\r\\n orci. Vestibulum elementum lectus non nisl venenatis, tempus molestie \\r\\nnisi tempus. Pellentesque facilisis nibh nec purus blandit, id aliquam \\r\\nlorem fermentum.\\r\\n<\\/span><\\/p>\\r\\n<p>\\r\\n<span style=\\\"font-style: italic;\\\">Ut erat lacus, sagittis ac leo eu, molestie mattis libero. Nam sit amet \\r\\nmassa et magna porttitor eleifend a aliquam nunc. Pellentesque a est a \\r\\naugue dignissim tristique eu nec augue. Integer pretium sollicitudin \\r\\ntellus, quis hendrerit nunc accumsan et. Fusce bibendum a neque vel \\r\\nfringilla. Vivamus viverra enim at purus gravida, in elementum neque \\r\\neleifend. Curabitur sodales dapibus urna, at mattis lacus eleifend non. \\r\\nDonec ultricies porta orci eu congue. Nulla sodales arcu a libero \\r\\naliquet, nec aliquam ante sagittis.<\\/span><\\/p>\",\"field_38\":\"novo\",\"field_6\":\"commercial\",\"field_56\":\"\",\"field_76\":\"\",\"field_1\":\"0\",\"field_4\":\"Prodaja i najam\",\"field_2\":\"Poslovni prostor\",\"field_5\":\"Zagreb\",\"field_7\":\"Zagreb\",\"field_40\":\"\",\"field_3\":\"ViÅ¡e od 100m2\",\"field_57\":\"33\",\"field_39\":\"B\",\"field_19\":\"5\",\"field_20\":\"5\",\"field_58\":\"12\",\"field_36\":\"40000\",\"field_55\":\"\",\"field_37\":\"400\",\"field_54\":\"Agent\",\"field_53\":\"\",\"field_59\":\"\",\"field_60\":\"\",\"field_77\":\"<li><span style=\\\"margin-left: 0px; left: 0px;\\\" class=\\\"vertical\\\"><\\/span><span style=\\\"width: 0px; margin-left: 0px; left: 0px;\\\" class=\\\"horizontal\\\"><\\/span><div id=\\\"2\\\"><span class=\\\"add_action\\\" title=\\\"Click for Add\\\"><\\/span><span class=\\\"delete_action\\\" title=\\\"Click for Delete\\\"><\\/span><span class=\\\"edit_action\\\" title=\\\"Click for Edit\\\"><\\/span><span class=\\\"first_name\\\">1<\\/span><\\/div><\\/li>\",\"field_64\":\"United States - North Dakota -\",\"field_66\":\"0\",\"field_67\":\"\",\"field_68\":\"\",\"field_69\":\"\",\"field_70\":\"\",\"field_71\":\"\",\"field_72\":\"\",\"field_73\":\"\",\"field_21\":\"0\",\"field_22\":\"true\",\"field_23\":\"0\",\"field_24\":\"0\",\"field_25\":\"0\",\"field_28\":\"true\",\"field_29\":\"true\",\"field_31\":\"0\",\"field_52\":\"0\",\"field_11\":\"true\",\"field_30\":\"true\",\"field_27\":\"true\",\"field_33\":\"true\",\"field_32\":\"true\",\"field_43\":\"0\",\"field_44\":\"1500\",\"field_45\":\"1500\",\"field_46\":\"\",\"field_47\":\"\",\"field_48\":\"\",\"field_49\":\"\",\"field_50\":\"\",\"field_51\":\"\",\"field_9\":\"0\",\"field_12\":\"\",\"field_42\":\"0\"}',40000,400,NULL,5,5,12,33,NULL,NULL,'Prodaja i najam','Poslovni prostor','Zagreb','Zagreb'),(387,17,1,'{\"field_10\":\"Classic American\",\"field_78\":\"\",\"field_8\":\"Lorem ipsum dolor sit amet, consectetur adipiscing elit. Sed vulputate \\r\\nnec neque gravida rhoncus. Donec sit amet blandit mauris, sed bibendum \\r\\nrisus.\",\"field_17\":\"<p>\\r\\nLorem ipsum dolor sit amet, consectetur adipiscing elit. Sed vulputate \\r\\nnec neque gravida rhoncus. Donec sit amet blandit mauris, sed bibendum \\r\\nrisus. Cras ut urna semper, facilisis augue sed, imperdiet nulla. Duis \\r\\ntristique tellus tortor, dapibus gravida sem sodales id. Nullam quis \\r\\nconvallis libero, vitae pulvinar nisi.<\\/p><p><span style=\\\"font-weight: bold;\\\">Nam eget est facilisis, porta mi \\r\\nac, ultricies enim. Proin nisi diam, eleifend ac eleifend in, dapibus in\\r\\n orci. Vestibulum elementum lectus non nisl venenatis, tempus molestie \\r\\nnisi tempus. Pellentesque facilisis nibh nec purus blandit, id aliquam \\r\\nlorem fermentum.\\r\\n<\\/span><\\/p>\\r\\n<p>\\r\\n<span style=\\\"font-style: italic;\\\">Ut erat lacus, sagittis ac leo eu, molestie mattis libero. Nam sit amet \\r\\nmassa et magna porttitor eleifend a aliquam nunc. Pellentesque a est a \\r\\naugue dignissim tristique eu nec augue. Integer pretium sollicitudin \\r\\ntellus, quis hendrerit nunc accumsan et. Fusce bibendum a neque vel \\r\\nfringilla. Vivamus viverra enim at purus gravida, in elementum neque \\r\\neleifend. Curabitur sodales dapibus urna, at mattis lacus eleifend non. \\r\\nDonec ultricies porta orci eu congue. Nulla sodales arcu a libero \\r\\naliquet, nec aliquam ante sagittis.<\\/span><\\/p>\",\"field_38\":\"empty\",\"field_6\":\"house\",\"field_56\":\"\",\"field_76\":\"\",\"field_64\":\"United States - Connecticut -\",\"field_1\":\"\",\"field_4\":\"Sale\",\"field_2\":\"House\",\"field_5\":\"ZagrebaÄka\",\"field_7\":\"IvaniÄ‡ Grad\",\"field_40\":\"\",\"field_3\":\"Less than 50m2\",\"field_57\":\"50\",\"field_39\":\"-\",\"field_19\":\"1\",\"field_20\":\"1\",\"field_58\":\"5\",\"field_36\":\"\",\"field_55\":\"\",\"field_37\":\"\",\"field_54\":\"Agent\",\"field_53\":\"\",\"field_59\":\"80\",\"field_60\":\"30\",\"field_77\":\"<li><span class=\\\"vertical\\\" style=\\\"margin-left: 20px; left: 20.1667px;\\\"><\\/span><span class=\\\"horizontal\\\" style=\\\"width: 0px; margin-left: 20px; left: 20.1667px;\\\"><\\/span><div id=\\\"1\\\"><span class=\\\"add_action\\\" title=\\\"Click for Add\\\"><\\/span><span class=\\\"delete_action\\\" title=\\\"Click for Delete\\\"><\\/span><span class=\\\"edit_action\\\" title=\\\"Click for Edit\\\"><\\/span><span class=\\\"first_name\\\">1<\\/span><\\/div><\\/li>\",\"field_65\":\"SKIP_ON_EMPTY\",\"field_66\":\"\",\"field_67\":\"\",\"field_74\":\"SKIP_ON_EMPTY\",\"field_68\":\"\",\"field_69\":\"\",\"field_70\":\"\",\"field_71\":\"\",\"field_72\":\"\",\"field_73\":\"\",\"field_21\":\"\",\"field_22\":\"\",\"field_23\":\"\",\"field_24\":\"\",\"field_25\":\"true\",\"field_28\":\"\",\"field_29\":\"\",\"field_31\":\"\",\"field_52\":\"\",\"field_11\":\"\",\"field_30\":\"\",\"field_27\":\"\",\"field_33\":\"\",\"field_32\":\"\",\"field_43\":\"\",\"field_44\":\"400\",\"field_45\":\"\",\"field_46\":\"\",\"field_47\":\"\",\"field_48\":\"\",\"field_49\":\"\",\"field_50\":\"\",\"field_51\":\"\",\"field_9\":\"\",\"field_12\":\"\",\"field_42\":\"\"}',NULL,NULL,NULL,1,1,5,50,NULL,80,'Sale','House','ZagrebaÄka','IvaniÄ‡ Grad'),(388,17,2,'{\"field_10\":\"AmeriÄka kuÄ‡a\",\"field_78\":\"\",\"field_8\":\"Lorem ipsum dolor sit amet, consectetur adipiscing elit. Sed vulputate \\r\\nnec neque gravida rhoncus. Donec sit amet blandit mauris, sed bibendum \\r\\nrisus.\",\"field_17\":\"<p>\\r\\nLorem ipsum dolor sit amet, consectetur adipiscing elit. Sed vulputate \\r\\nnec neque gravida rhoncus. Donec sit amet blandit mauris, sed bibendum \\r\\nrisus. Cras ut urna semper, facilisis augue sed, imperdiet nulla. Duis \\r\\ntristique tellus tortor, dapibus gravida sem sodales id. Nullam quis \\r\\nconvallis libero, vitae pulvinar nisi.<\\/p><p><span style=\\\"font-weight: bold;\\\">Nam eget est facilisis, porta mi \\r\\nac, ultricies enim. Proin nisi diam, eleifend ac eleifend in, dapibus in\\r\\n orci. Vestibulum elementum lectus non nisl venenatis, tempus molestie \\r\\nnisi tempus. Pellentesque facilisis nibh nec purus blandit, id aliquam \\r\\nlorem fermentum.\\r\\n<\\/span><\\/p>\\r\\n<p>\\r\\n<span style=\\\"font-style: italic;\\\">Ut erat lacus, sagittis ac leo eu, molestie mattis libero. Nam sit amet \\r\\nmassa et magna porttitor eleifend a aliquam nunc. Pellentesque a est a \\r\\naugue dignissim tristique eu nec augue. Integer pretium sollicitudin \\r\\ntellus, quis hendrerit nunc accumsan et. Fusce bibendum a neque vel \\r\\nfringilla. Vivamus viverra enim at purus gravida, in elementum neque \\r\\neleifend. Curabitur sodales dapibus urna, at mattis lacus eleifend non. \\r\\nDonec ultricies porta orci eu congue. Nulla sodales arcu a libero \\r\\naliquet, nec aliquam ante sagittis.<\\/span><\\/p>\",\"field_38\":\"empty\",\"field_6\":\"house\",\"field_56\":\"\",\"field_76\":\"\",\"field_64\":\"United States - Connecticut -\",\"field_1\":\"\",\"field_4\":\"Prodaja\",\"field_2\":\"Stan\",\"field_5\":\"zagrebaÄka\",\"field_7\":\"IvaniÄ‡ Grad\",\"field_40\":\"\",\"field_3\":\"Manje od 50m2\",\"field_57\":\"50\",\"field_39\":\"-\",\"field_19\":\"1\",\"field_20\":\"1\",\"field_58\":\"5\",\"field_36\":\"\",\"field_55\":\"\",\"field_37\":\"\",\"field_54\":\"Agent\",\"field_53\":\"\",\"field_59\":\"\",\"field_60\":\"\",\"field_77\":\"<li><span class=\\\"vertical\\\" style=\\\"margin-left: 0px; left: 0px;\\\"><\\/span><span class=\\\"horizontal\\\" style=\\\"width: 0px; margin-left: 0px; left: 0px;\\\"><\\/span><div id=\\\"2\\\"><span class=\\\"add_action\\\" title=\\\"Click for Add\\\"><\\/span><span class=\\\"delete_action\\\" title=\\\"Click for Delete\\\"><\\/span><span class=\\\"edit_action\\\" title=\\\"Click for Edit\\\"><\\/span><span class=\\\"first_name\\\">1<\\/span><\\/div><\\/li>\",\"field_65\":\"SKIP_ON_EMPTY\",\"field_66\":\"\",\"field_67\":\"\",\"field_74\":\"SKIP_ON_EMPTY\",\"field_68\":\"\",\"field_69\":\"\",\"field_70\":\"\",\"field_71\":\"\",\"field_72\":\"\",\"field_73\":\"\",\"field_21\":\"\",\"field_22\":\"\",\"field_23\":\"\",\"field_24\":\"\",\"field_25\":\"true\",\"field_28\":\"\",\"field_29\":\"\",\"field_31\":\"\",\"field_52\":\"\",\"field_11\":\"\",\"field_30\":\"\",\"field_27\":\"\",\"field_33\":\"\",\"field_32\":\"\",\"field_43\":\"\",\"field_44\":\"400\",\"field_45\":\"\",\"field_46\":\"\",\"field_47\":\"\",\"field_48\":\"\",\"field_49\":\"\",\"field_50\":\"\",\"field_51\":\"\",\"field_9\":\"\",\"field_12\":\"\",\"field_42\":\"\"}',NULL,NULL,NULL,1,1,5,50,NULL,NULL,'Prodaja','Stan','zagrebaÄka','IvaniÄ‡ Grad');

--
-- Table structure for table `property_user`
--

DROP TABLE IF EXISTS `property_user`;
/*!40101 SET @saved_cs_client     = @@character_set_client */;
/*!40101 SET character_set_client = utf8 */;
CREATE TABLE `property_user` (
  `id` int(11) NOT NULL AUTO_INCREMENT,
  `property_id` int(11) NOT NULL,
  `user_id` int(11) NOT NULL,
  PRIMARY KEY (`id`),
  KEY `fk_property_has_user_user1_idx` (`user_id`),
  KEY `fk_property_has_user_property1_idx` (`property_id`),
  CONSTRAINT `fk_property_has_user_property1` FOREIGN KEY (`property_id`) REFERENCES `property` (`id`) ON DELETE NO ACTION ON UPDATE NO ACTION,
  CONSTRAINT `fk_property_has_user_user1` FOREIGN KEY (`user_id`) REFERENCES `user` (`id`) ON DELETE NO ACTION ON UPDATE NO ACTION
) ENGINE=InnoDB AUTO_INCREMENT=402 DEFAULT CHARSET=utf8 COLLATE=utf8_unicode_ci;
/*!40101 SET character_set_client = @saved_cs_client */;

--
-- Dumping data for table `property_user`
--

INSERT INTO `property_user` VALUES (386,14,10),(387,12,11),(388,8,9),(389,30,18),(390,29,18),(391,19,11),(392,18,9),(394,16,9),(395,15,10),(396,13,10),(397,11,11),(398,10,11),(399,9,9),(400,7,9),(401,17,36);

--
-- Table structure for table `property_value`
--

DROP TABLE IF EXISTS `property_value`;
/*!40101 SET @saved_cs_client     = @@character_set_client */;
/*!40101 SET character_set_client = utf8 */;
CREATE TABLE `property_value` (
  `id` int(11) NOT NULL AUTO_INCREMENT,
  `language_id` int(11) NOT NULL,
  `property_id` int(11) NOT NULL,
  `option_id` int(11) NOT NULL,
  `value` text COLLATE utf8_unicode_ci,
  `value_num` int(11) DEFAULT NULL,
  PRIMARY KEY (`id`),
  KEY `fk_property_value_language1_idx` (`language_id`),
  KEY `fk_property_value_property1_idx` (`property_id`),
  KEY `fk_property_value_option1_idx` (`option_id`),
  CONSTRAINT `fk_property_value_language1` FOREIGN KEY (`language_id`) REFERENCES `language` (`id`) ON DELETE NO ACTION ON UPDATE NO ACTION,
  CONSTRAINT `fk_property_value_option1` FOREIGN KEY (`option_id`) REFERENCES `option` (`id`) ON DELETE NO ACTION ON UPDATE NO ACTION,
  CONSTRAINT `fk_property_value_property1` FOREIGN KEY (`property_id`) REFERENCES `property` (`id`) ON DELETE NO ACTION ON UPDATE NO ACTION
) ENGINE=InnoDB AUTO_INCREMENT=53355 DEFAULT CHARSET=utf8 COLLATE=utf8_unicode_ci;
/*!40101 SET character_set_client = @saved_cs_client */;

--
-- Dumping data for table `property_value`
--

INSERT INTO `property_value` VALUES (51370,1,14,10,'Black glass house',NULL),(51371,1,14,8,'Lorem ipsum dolor sit amet, consectetur adipiscing elit. Sed vulputate \r\nnec neque gravida rhoncus. Donec sit amet blandit mauris, sed bibendum \r\nrisus.',NULL),(51372,1,14,17,'<p>\r\nLorem ipsum dolor sit amet, consectetur adipiscing elit. Sed vulputate \r\nnec neque gravida rhoncus. Donec sit amet blandit mauris, sed bibendum \r\nrisus. Cras ut urna semper, facilisis augue sed, imperdiet nulla. Duis \r\ntristique tellus tortor, dapibus gravida sem sodales id. Nullam quis \r\nconvallis libero, vitae pulvinar nisi.</p><p><span style=\"font-weight: bold;\">Nam eget est facilisis, porta mi \r\nac, ultricies enim. Proin nisi diam, eleifend ac eleifend in, dapibus in\r\n orci. Vestibulum elementum lectus non nisl venenatis, tempus molestie \r\nnisi tempus. Pellentesque facilisis nibh nec purus blandit, id aliquam \r\nlorem fermentum.\r\n</span></p>\r\n<p>\r\n<span style=\"font-style: italic;\">Ut erat lacus, sagittis ac leo eu, molestie mattis libero. Nam sit amet \r\nmassa et magna porttitor eleifend a aliquam nunc. Pellentesque a est a \r\naugue dignissim tristique eu nec augue. Integer pretium sollicitudin \r\ntellus, quis hendrerit nunc accumsan et. Fusce bibendum a neque vel \r\nfringilla. Vivamus viverra enim at purus gravida, in elementum neque \r\neleifend. Curabitur sodales dapibus urna, at mattis lacus eleifend non. \r\nDonec ultricies porta orci eu congue. Nulla sodales arcu a libero \r\naliquet, nec aliquam ante sagittis.</span></p>',NULL),(51373,1,14,38,'action',NULL),(51374,1,14,6,'house',NULL),(51375,1,14,56,'5',5),(51376,1,14,76,'',NULL),(51377,1,14,1,'0',0),(51378,1,14,4,'Sale',NULL),(51379,1,14,2,'House',NULL),(51380,1,14,5,'Zagreb',NULL),(51381,1,14,7,'Zagreb',NULL),(51382,1,14,40,'',NULL),(51383,1,14,3,'More than 100m2',NULL),(51384,1,14,57,'200',200),(51385,1,14,39,'-',NULL),(51386,1,14,19,'2',2),(51387,1,14,20,'2',2),(51388,1,14,58,'20',20),(51389,1,14,36,'',NULL),(51390,1,14,55,'',NULL),(51391,1,14,37,'',NULL),(51392,1,14,54,'Owner',NULL),(51393,1,14,53,'3',3),(51394,1,14,59,'80',80),(51395,1,14,60,'30',30),(51396,1,14,77,'',NULL),(51397,1,14,65,'290',290),(51398,1,14,64,'United States - North Carolina -',NULL),(51399,1,14,66,'0',0),(51400,1,14,67,'',NULL),(51401,1,14,68,'',NULL),(51402,1,14,69,'',NULL),(51403,1,14,70,'',NULL),(51404,1,14,71,'',NULL),(51405,1,14,72,'',NULL),(51406,1,14,73,'',NULL),(51407,1,14,21,'0',0),(51408,1,14,22,'true',NULL),(51409,1,14,23,'true',NULL),(51410,1,14,24,'true',NULL),(51411,1,14,25,'0',0),(51412,1,14,28,'0',0),(51413,1,14,29,'0',0),(51414,1,14,31,'true',NULL),(51415,1,14,52,'0',0),(51416,1,14,11,'true',NULL),(51417,1,14,30,'true',NULL),(51418,1,14,27,'0',0),(51419,1,14,33,'true',NULL),(51420,1,14,32,'true',NULL),(51421,1,14,43,'0',0),(51422,1,14,44,'500',500),(51423,1,14,45,'500',500),(51424,1,14,46,'500',500),(51425,1,14,47,'500',500),(51426,1,14,48,'500',500),(51427,1,14,49,'500',500),(51428,1,14,50,'500',500),(51429,1,14,51,'600',600),(51430,1,14,9,'0',0),(51431,1,14,12,'',NULL),(51432,1,14,42,'0',0),(51433,2,14,10,'KuÄ‡a crno staklo',NULL),(51434,2,14,8,'Lorem ipsum dolor sit amet, consectetur adipiscing elit. Sed vulputate \r\nnec neque gravida rhoncus. Donec sit amet blandit mauris, sed bibendum \r\nrisus.',NULL),(51435,2,14,17,'<p>\r\nLorem ipsum dolor sit amet, consectetur adipiscing elit. Sed vulputate \r\nnec neque gravida rhoncus. Donec sit amet blandit mauris, sed bibendum \r\nrisus. Cras ut urna semper, facilisis augue sed, imperdiet nulla. Duis \r\ntristique tellus tortor, dapibus gravida sem sodales id. Nullam quis \r\nconvallis libero, vitae pulvinar nisi.</p><p><span style=\"font-weight: bold;\">Nam eget est facilisis, porta mi \r\nac, ultricies enim. Proin nisi diam, eleifend ac eleifend in, dapibus in\r\n orci. Vestibulum elementum lectus non nisl venenatis, tempus molestie \r\nnisi tempus. Pellentesque facilisis nibh nec purus blandit, id aliquam \r\nlorem fermentum.\r\n</span></p>\r\n<p>\r\n<span style=\"font-style: italic;\">Ut erat lacus, sagittis ac leo eu, molestie mattis libero. Nam sit amet \r\nmassa et magna porttitor eleifend a aliquam nunc. Pellentesque a est a \r\naugue dignissim tristique eu nec augue. Integer pretium sollicitudin \r\ntellus, quis hendrerit nunc accumsan et. Fusce bibendum a neque vel \r\nfringilla. Vivamus viverra enim at purus gravida, in elementum neque \r\neleifend. Curabitur sodales dapibus urna, at mattis lacus eleifend non. \r\nDonec ultricies porta orci eu congue. Nulla sodales arcu a libero \r\naliquet, nec aliquam ante sagittis.</span></p>',NULL),(51436,2,14,38,'empty',NULL),(51437,2,14,6,'house',NULL),(51438,2,14,56,'5',5),(51439,2,14,76,'',NULL),(51440,2,14,1,'0',0),(51441,2,14,4,'Prodaja',NULL),(51442,2,14,2,'KuÄ‡a',NULL),(51443,2,14,5,'Zagreb',NULL),(51444,2,14,7,'Zagreb',NULL),(51445,2,14,40,'',NULL),(51446,2,14,3,'ViÅ¡e od 100m2',NULL),(51447,2,14,57,'200',200),(51448,2,14,39,'-',NULL),(51449,2,14,19,'2',2),(51450,2,14,20,'2',2),(51451,2,14,58,'20',20),(51452,2,14,36,'',NULL),(51453,2,14,55,'',NULL),(51454,2,14,37,'',NULL),(51455,2,14,54,'Vlasnik',NULL),(51456,2,14,53,'3',3),(51457,2,14,59,'80',80),(51458,2,14,60,'30',30),(51459,2,14,77,'',NULL),(51460,2,14,64,'United States - North Carolina -',NULL),(51461,2,14,66,'0',0),(51462,2,14,67,'',NULL),(51463,2,14,68,'',NULL),(51464,2,14,69,'',NULL),(51465,2,14,70,'',NULL),(51466,2,14,71,'',NULL),(51467,2,14,72,'',NULL),(51468,2,14,73,'',NULL),(51469,2,14,21,'0',0),(51470,2,14,22,'true',NULL),(51471,2,14,23,'true',NULL),(51472,2,14,24,'true',NULL),(51473,2,14,25,'0',0),(51474,2,14,28,'0',0),(51475,2,14,29,'0',0),(51476,2,14,31,'true',NULL),(51477,2,14,52,'0',0),(51478,2,14,11,'true',NULL),(51479,2,14,30,'true',NULL),(51480,2,14,27,'0',0),(51481,2,14,33,'true',NULL),(51482,2,14,32,'true',NULL),(51483,2,14,43,'0',0),(51484,2,14,44,'500',500),(51485,2,14,45,'500',500),(51486,2,14,46,'500',500),(51487,2,14,47,'500',500),(51488,2,14,48,'500',500),(51489,2,14,49,'500',500),(51490,2,14,50,'500',500),(51491,2,14,51,'600',600),(51492,2,14,9,'0',0),(51493,2,14,12,'',NULL),(51494,2,14,42,'0',0),(51495,1,12,10,'Retro House',NULL),(51496,1,12,8,'Lorem ipsum dolor sit amet, consectetur adipiscing elit. Sed vulputate \r\nnec neque gravida rhoncus. Donec sit amet blandit mauris, sed bibendum \r\nrisus. Cras ut urna semper, facilisis augue sed, imperdiet nulla. Duis \r\ntristique tellus tortor, dapibus gravida sem sodales id. Nullam quis \r\nconvallis libero, vitae pulvinar nisi.',NULL),(51497,1,12,17,'<p>\r\nLorem ipsum dolor sit amet, consectetur adipiscing elit. Sed vulputate \r\nnec neque gravida rhoncus. Donec sit amet blandit mauris, sed bibendum \r\nrisus. Cras ut urna semper, facilisis augue sed, imperdiet nulla. Duis \r\ntristique tellus tortor, dapibus gravida sem sodales id. Nullam quis \r\nconvallis libero, vitae pulvinar nisi.</p><p><span style=\"font-weight: bold;\">Nam eget est facilisis, porta mi \r\nac, ultricies enim. Proin nisi diam, eleifend ac eleifend in, dapibus in\r\n orci. Vestibulum elementum lectus non nisl venenatis, tempus molestie \r\nnisi tempus. Pellentesque facilisis nibh nec purus blandit, id aliquam \r\nlorem fermentum.\r\n</span></p>\r\n<p>\r\n<span style=\"font-style: italic;\">Ut erat lacus, sagittis ac leo eu, molestie mattis libero. Nam sit amet \r\nmassa et magna porttitor eleifend a aliquam nunc. Pellentesque a est a \r\naugue dignissim tristique eu nec augue. Integer pretium sollicitudin \r\ntellus, quis hendrerit nunc accumsan et. Fusce bibendum a neque vel \r\nfringilla. Vivamus viverra enim at purus gravida, in elementum neque \r\neleifend. Curabitur sodales dapibus urna, at mattis lacus eleifend non. \r\nDonec ultricies porta orci eu congue. Nulla sodales arcu a libero \r\naliquet, nec aliquam ante sagittis.</span></p>',NULL),(51498,1,12,38,'new',NULL),(51499,1,12,6,'house',NULL),(51500,1,12,56,'',NULL),(51501,1,12,76,'',NULL),(51502,1,12,1,'0',0),(51503,1,12,4,'Sale',NULL),(51504,1,12,2,'House',NULL),(51505,1,12,5,'VaraÅ¾dinska',NULL),(51506,1,12,7,'Trnovec BartoloveÄki',NULL),(51507,1,12,40,'',NULL),(51508,1,12,3,'50-100m2',NULL),(51509,1,12,57,'60',60),(51510,1,12,39,'-',NULL),(51511,1,12,19,'1',1),(51512,1,12,20,'1',1),(51513,1,12,58,'6',6),(51514,1,12,36,'60000',60000),(51515,1,12,55,'',NULL),(51516,1,12,37,'',NULL),(51517,1,12,54,'Agent',NULL),(51518,1,12,53,'',NULL),(51519,1,12,59,'300',300),(51520,1,12,60,'100',100),(51521,1,12,64,'United States - Virginia -',NULL),(51522,1,12,66,'0',0),(51523,1,12,67,'',NULL),(51524,1,12,68,'',NULL),(51525,1,12,69,'',NULL),(51526,1,12,70,'',NULL),(51527,1,12,71,'',NULL),(51528,1,12,72,'',NULL),(51529,1,12,73,'',NULL),(51530,1,12,21,'0',0),(51531,1,12,22,'true',NULL),(51532,1,12,23,'true',NULL),(51533,1,12,24,'true',NULL),(51534,1,12,25,'true',NULL),(51535,1,12,28,'0',0),(51536,1,12,29,'0',0),(51537,1,12,31,'true',NULL),(51538,1,12,52,'0',0),(51539,1,12,11,'true',NULL),(51540,1,12,30,'0',0),(51541,1,12,27,'true',NULL),(51542,1,12,33,'0',0),(51543,1,12,32,'0',0),(51544,1,12,43,'0',0),(51545,1,12,44,'',NULL),(51546,1,12,45,'',NULL),(51547,1,12,46,'',NULL),(51548,1,12,47,'',NULL),(51549,1,12,48,'',NULL),(51550,1,12,49,'1200',1200),(51551,1,12,50,'1200',1200),(51552,1,12,51,'1200',1200),(51553,1,12,9,'0',0),(51554,1,12,12,'',NULL),(51555,1,12,42,'0',0),(51556,2,12,10,'Retro kuÄ‡a',NULL),(51557,2,12,8,'Lorem ipsum dolor sit amet, consectetur adipiscing elit. Sed vulputate \r\nnec neque gravida rhoncus. Donec sit amet blandit mauris, sed bibendum \r\nrisus. Cras ut urna semper, facilisis augue sed, imperdiet nulla. Duis \r\ntristique tellus tortor, dapibus gravida sem sodales id. Nullam quis \r\nconvallis libero, vitae pulvinar nisi.',NULL),(51558,2,12,17,'<p>\r\nLorem ipsum dolor sit amet, consectetur adipiscing elit. Sed vulputate \r\nnec neque gravida rhoncus. Donec sit amet blandit mauris, sed bibendum \r\nrisus. Cras ut urna semper, facilisis augue sed, imperdiet nulla. Duis \r\ntristique tellus tortor, dapibus gravida sem sodales id. Nullam quis \r\nconvallis libero, vitae pulvinar nisi.</p><p><span style=\"font-weight: bold;\">Nam eget est facilisis, porta mi \r\nac, ultricies enim. Proin nisi diam, eleifend ac eleifend in, dapibus in\r\n orci. Vestibulum elementum lectus non nisl venenatis, tempus molestie \r\nnisi tempus. Pellentesque facilisis nibh nec purus blandit, id aliquam \r\nlorem fermentum.\r\n</span></p>\r\n<p>\r\n<span style=\"font-style: italic;\">Ut erat lacus, sagittis ac leo eu, molestie mattis libero. Nam sit amet \r\nmassa et magna porttitor eleifend a aliquam nunc. Pellentesque a est a \r\naugue dignissim tristique eu nec augue. Integer pretium sollicitudin \r\ntellus, quis hendrerit nunc accumsan et. Fusce bibendum a neque vel \r\nfringilla. Vivamus viverra enim at purus gravida, in elementum neque \r\neleifend. Curabitur sodales dapibus urna, at mattis lacus eleifend non. \r\nDonec ultricies porta orci eu congue. Nulla sodales arcu a libero \r\naliquet, nec aliquam ante sagittis.</span></p>',NULL),(51559,2,12,38,'empty',NULL),(51560,2,12,6,'house',NULL),(51561,2,12,56,'',NULL),(51562,2,12,76,'',NULL),(51563,2,12,1,'0',0),(51564,2,12,4,'Prodaja',NULL),(51565,2,12,2,'KuÄ‡a',NULL),(51566,2,12,5,'VaraÅ¾dinska',NULL),(51567,2,12,7,'Trnovec BartoloveÄki',NULL),(51568,2,12,40,'',NULL),(51569,2,12,3,'Manje od 50m2',NULL),(51570,2,12,57,'60',60),(51571,2,12,39,'-',NULL),(51572,2,12,19,'1',1),(51573,2,12,20,'1',1),(51574,2,12,58,'6',6),(51575,2,12,36,'50000',50000),(51576,2,12,55,'',NULL),(51577,2,12,37,'',NULL),(51578,2,12,54,'Agent',NULL),(51579,2,12,53,'',NULL),(51580,2,12,59,'',NULL),(51581,2,12,60,'',NULL),(51582,2,12,64,'United States - Virginia -',NULL),(51583,2,12,66,'0',0),(51584,2,12,67,'',NULL),(51585,2,12,68,'',NULL),(51586,2,12,69,'',NULL),(51587,2,12,70,'',NULL),(51588,2,12,71,'',NULL),(51589,2,12,72,'',NULL),(51590,2,12,73,'',NULL),(51591,2,12,21,'0',0),(51592,2,12,22,'true',NULL),(51593,2,12,23,'true',NULL),(51594,2,12,24,'true',NULL),(51595,2,12,25,'true',NULL),(51596,2,12,28,'0',0),(51597,2,12,29,'0',0),(51598,2,12,31,'0',0),(51599,2,12,52,'0',0),(51600,2,12,11,'true',NULL),(51601,2,12,30,'0',0),(51602,2,12,27,'true',NULL),(51603,2,12,33,'0',0),(51604,2,12,32,'0',0),(51605,2,12,43,'0',0),(51606,2,12,44,'',NULL),(51607,2,12,45,'',NULL),(51608,2,12,46,'',NULL),(51609,2,12,47,'',NULL),(51610,2,12,48,'',NULL),(51611,2,12,49,'1200',1200),(51612,2,12,50,'1200',1200),(51613,2,12,51,'1200',1200),(51614,2,12,9,'0',0),(51615,2,12,12,'',NULL),(51616,2,12,42,'0',0),(51617,1,8,10,'Ozalj apartment',NULL),(51618,1,8,78,'Apartment,Test',NULL),(51619,1,8,8,'Lorem ipsum dolor sit amet, consectetur adipiscing elit. Sed vulputate \r\nnec neque gravida rhoncus. Donec sit amet blandit mauris, sed bibendum \r\nrisus. Cras ut urna semper, facilisis augue sed, imperdiet nulla. Duis \r\ntristique tellus tortor, dapibus gravida sem sodales id. Nullam quis \r\nconvallis libero, vitae pulvinar nisi.',NULL),(51620,1,8,17,'<p>\r\nLorem ipsum dolor sit amet, consectetur adipiscing elit. Sed vulputate \r\nnec neque gravida rhoncus. Donec sit amet blandit mauris, sed bibendum \r\nrisus. Cras ut urna semper, facilisis augue sed, imperdiet nulla. Duis \r\ntristique tellus tortor, dapibus gravida sem sodales id. Nullam quis \r\nconvallis libero, vitae pulvinar nisi.</p><p><span style=\"font-weight: bold;\">Nam eget est facilisis, porta mi \r\nac, ultricies enim. Proin nisi diam, eleifend ac eleifend in, dapibus in\r\n orci. Vestibulum elementum lectus non nisl venenatis, tempus molestie \r\nnisi tempus. Pellentesque facilisis nibh nec purus blandit, id aliquam \r\nlorem fermentum.\r\n</span></p>\r\n<p>\r\n<span style=\"font-style: italic;\">Ut erat lacus, sagittis ac leo eu, molestie mattis libero. Nam sit amet \r\nmassa et magna porttitor eleifend a aliquam nunc. Pellentesque a est a \r\naugue dignissim tristique eu nec augue. Integer pretium sollicitudin \r\ntellus, quis hendrerit nunc accumsan et. Fusce bibendum a neque vel \r\nfringilla. Vivamus viverra enim at purus gravida, in elementum neque \r\neleifend. Curabitur sodales dapibus urna, at mattis lacus eleifend non. \r\nDonec ultricies porta orci eu congue. Nulla sodales arcu a libero \r\naliquet, nec aliquam ante sagittis.</span></p>',NULL),(51621,1,8,38,'sold',NULL),(51622,1,8,6,'apartment',NULL),(51623,1,8,56,'',NULL),(51624,1,8,76,'',NULL),(51625,1,8,1,'0',0),(51626,1,8,4,'Rent',NULL),(51627,1,8,2,'Apartment',NULL),(51628,1,8,5,'Gorski Kotar',NULL),(51629,1,8,7,'Ozalj',NULL),(51630,1,8,40,'',NULL),(51631,1,8,3,'Less than 50m2',NULL),(51632,1,8,57,'48',48),(51633,1,8,39,'-',NULL),(51634,1,8,19,'1',1),(51635,1,8,20,'1',1),(51636,1,8,58,'4',4),(51637,1,8,36,'',NULL),(51638,1,8,55,'',NULL),(51639,1,8,37,'',NULL),(51640,1,8,54,'Agent',NULL),(51641,1,8,53,'',NULL),(51642,1,8,59,'300',300),(51643,1,8,60,'30',30),(51644,1,8,77,'<li><span style=\"margin-left: 20px; left: 20.8333px;\" class=\"vertical\"></span><span style=\"width: 0px; margin-left: 20px; left: 20.8333px;\" class=\"horizontal\"></span><span style=\"margin-left: 20px; left: 20.8333px;\" class=\"vertical\"></span><span style=\"width: 0px; margin-left: 20px; left: 20.8333px;\" class=\"horizontal\"></span><div id=\"1\"><span class=\"add_action\" title=\"Click for Add\"></span><span class=\"delete_action\" title=\"Click for Delete\"></span><span class=\"edit_action\" title=\"Click for Edit\"></span><span class=\"add_action\" title=\"Click for Add\"></span><span class=\"delete_action\" title=\"Click for Delete\"></span><span class=\"edit_action\" title=\"Click for Edit\"></span><span class=\"first_name\">1</span></div></li>',NULL),(51645,1,8,64,'United States - New York -',NULL),(51646,1,8,66,'0',0),(51647,1,8,67,'',NULL),(51648,1,8,68,'',NULL),(51649,1,8,69,'',NULL),(51650,1,8,70,'',NULL),(51651,1,8,71,'',NULL),(51652,1,8,72,'',NULL),(51653,1,8,73,'',NULL),(51654,1,8,21,'0',0),(51655,1,8,22,'true',NULL),(51656,1,8,23,'0',0),(51657,1,8,24,'true',NULL),(51658,1,8,25,'0',0),(51659,1,8,28,'true',NULL),(51660,1,8,29,'true',NULL),(51661,1,8,31,'true',NULL),(51662,1,8,52,'0',0),(51663,1,8,11,'true',NULL),(51664,1,8,30,'0',0),(51665,1,8,27,'true',NULL),(51666,1,8,33,'0',0),(51667,1,8,32,'true',NULL),(51668,1,8,43,'0',0),(51669,1,8,44,'',NULL),(51670,1,8,45,'',NULL),(51671,1,8,46,'',NULL),(51672,1,8,47,'',NULL),(51673,1,8,48,'',NULL),(51674,1,8,49,'1200',1200),(51675,1,8,50,'1500',1500),(51676,1,8,51,'1500',1500),(51677,1,8,9,'0',0),(51678,1,8,12,'<iframe width=\"560\" height=\"315\" src=\"//www.youtube.com/embed/FvMCKrwo8Hc\" frameborder=\"0\" allowfullscreen></iframe>',NULL),(51679,1,8,42,'0',0),(51680,2,8,10,'Ozalj apartman',NULL),(51681,2,8,78,'',NULL),(51682,2,8,8,'Lorem ipsum dolor sit amet, consectetur adipiscing elit. Sed vulputate \r\nnec neque gravida rhoncus. Donec sit amet blandit mauris, sed bibendum \r\nrisus. Cras ut urna semper, facilisis augue sed, imperdiet nulla. Duis \r\ntristique tellus tortor, dapibus gravida sem sodales id. Nullam quis \r\nconvallis libero, vitae pulvinar nisi.',NULL),(51683,2,8,17,'<p>\r\nLorem ipsum dolor sit amet, consectetur adipiscing elit. Sed vulputate \r\nnec neque gravida rhoncus. Donec sit amet blandit mauris, sed bibendum \r\nrisus. Cras ut urna semper, facilisis augue sed, imperdiet nulla. Duis \r\ntristique tellus tortor, dapibus gravida sem sodales id. Nullam quis \r\nconvallis libero, vitae pulvinar nisi.</p><p><span style=\"font-weight: bold;\">Nam eget est facilisis, porta mi \r\nac, ultricies enim. Proin nisi diam, eleifend ac eleifend in, dapibus in\r\n orci. Vestibulum elementum lectus non nisl venenatis, tempus molestie \r\nnisi tempus. Pellentesque facilisis nibh nec purus blandit, id aliquam \r\nlorem fermentum.\r\n</span></p>\r\n<p>\r\n<span style=\"font-style: italic;\">Ut erat lacus, sagittis ac leo eu, molestie mattis libero. Nam sit amet \r\nmassa et magna porttitor eleifend a aliquam nunc. Pellentesque a est a \r\naugue dignissim tristique eu nec augue. Integer pretium sollicitudin \r\ntellus, quis hendrerit nunc accumsan et. Fusce bibendum a neque vel \r\nfringilla. Vivamus viverra enim at purus gravida, in elementum neque \r\neleifend. Curabitur sodales dapibus urna, at mattis lacus eleifend non. \r\nDonec ultricies porta orci eu congue. Nulla sodales arcu a libero \r\naliquet, nec aliquam ante sagittis.</span></p>',NULL),(51684,2,8,38,'prodano',NULL),(51685,2,8,6,'apartment',NULL),(51686,2,8,56,'',NULL),(51687,2,8,76,'',NULL),(51688,2,8,1,'0',0),(51689,2,8,4,'Najam',NULL),(51690,2,8,2,'Stan',NULL),(51691,2,8,5,'Gorski Kotar',NULL),(51692,2,8,7,'Ozalj',NULL),(51693,2,8,40,'',NULL),(51694,2,8,3,'Manje od 50m2',NULL),(51695,2,8,57,'48',48),(51696,2,8,39,'-',NULL),(51697,2,8,19,'1',1),(51698,2,8,20,'1',1),(51699,2,8,58,'4',4),(51700,2,8,36,'',NULL),(51701,2,8,55,'',NULL),(51702,2,8,37,'',NULL),(51703,2,8,54,'Agent',NULL),(51704,2,8,53,'',NULL),(51705,2,8,59,'',NULL),(51706,2,8,60,'',NULL),(51707,2,8,77,'<li><span style=\"margin-left: 0px; left: 0px;\" class=\"vertical\"></span><span style=\"width: 0px; margin-left: 0px; left: 0px;\" class=\"horizontal\"></span><span style=\"margin-left: 0px; left: 0px;\" class=\"vertical\"></span><span style=\"width: 0px; margin-left: 0px; left: 0px;\" class=\"horizontal\"></span><div id=\"2\"><span class=\"add_action\" title=\"Click for Add\"></span><span class=\"delete_action\" title=\"Click for Delete\"></span><span class=\"edit_action\" title=\"Click for Edit\"></span><span class=\"add_action\" title=\"Click for Add\"></span><span class=\"delete_action\" title=\"Click for Delete\"></span><span class=\"edit_action\" title=\"Click for Edit\"></span><span class=\"first_name\">1</span></div></li>',NULL),(51708,2,8,64,'United States - New York -',NULL),(51709,2,8,66,'0',0),(51710,2,8,67,'',NULL),(51711,2,8,68,'',NULL),(51712,2,8,69,'',NULL),(51713,2,8,70,'',NULL),(51714,2,8,71,'',NULL),(51715,2,8,72,'',NULL),(51716,2,8,73,'',NULL),(51717,2,8,21,'0',0),(51718,2,8,22,'true',NULL),(51719,2,8,23,'0',0),(51720,2,8,24,'true',NULL),(51721,2,8,25,'0',0),(51722,2,8,28,'true',NULL),(51723,2,8,29,'true',NULL),(51724,2,8,31,'true',NULL),(51725,2,8,52,'0',0),(51726,2,8,11,'true',NULL),(51727,2,8,30,'0',0),(51728,2,8,27,'0',0),(51729,2,8,33,'0',0),(51730,2,8,32,'true',NULL),(51731,2,8,43,'0',0),(51732,2,8,44,'',NULL),(51733,2,8,45,'',NULL),(51734,2,8,46,'',NULL),(51735,2,8,47,'',NULL),(51736,2,8,48,'',NULL),(51737,2,8,49,'1200',1200),(51738,2,8,50,'1500',1500),(51739,2,8,51,'1500',1500),(51740,2,8,9,'0',0),(51741,2,8,12,'<iframe width=\"560\" height=\"315\" src=\"//www.youtube.com/embed/FvMCKrwo8Hc\" frameborder=\"0\" allowfullscreen></iframe>',NULL),(51742,2,8,42,'0',0),(51743,1,30,10,'Bjelovar estate',NULL),(51744,1,30,8,'Lorem ipsum dolor sit amet, consectetur adipiscing elit. Sed vulputate \r\nnec neque gravida rhoncus. Donec sit amet blandit mauris, sed bibendum \r\nrisus.',NULL),(51745,1,30,17,'<p>\r\nLorem ipsum dolor sit amet, consectetur adipiscing elit. Sed vulputate \r\nnec neque gravida rhoncus. Donec sit amet blandit mauris, sed bibendum \r\nrisus. Cras ut urna semper, facilisis augue sed, imperdiet nulla. Duis \r\ntristique tellus tortor, dapibus gravida sem sodales id. Nullam quis \r\nconvallis libero, vitae pulvinar nisi.</p><p><span style=\"font-weight: bold;\">Nam eget est facilisis, porta mi \r\nac, ultricies enim. Proin nisi diam, eleifend ac eleifend in, dapibus in\r\n orci. Vestibulum elementum lectus non nisl venenatis, tempus molestie \r\nnisi tempus. Pellentesque facilisis nibh nec purus blandit, id aliquam \r\nlorem fermentum.\r\n</span></p>\r\n<p>\r\n<span style=\"font-style: italic;\">Ut erat lacus, sagittis ac leo eu, molestie mattis libero. Nam sit amet \r\nmassa et magna porttitor eleifend a aliquam nunc. Pellentesque a est a \r\naugue dignissim tristique eu nec augue. Integer pretium sollicitudin \r\ntellus, quis hendrerit nunc accumsan et. Fusce bibendum a neque vel \r\nfringilla. Vivamus viverra enim at purus gravida, in elementum neque \r\neleifend. Curabitur sodales dapibus urna, at mattis lacus eleifend non. \r\nDonec ultricies porta orci eu congue. Nulla sodales arcu a libero \r\naliquet, nec aliquam ante sagittis.</span></p>',NULL),(51746,1,30,38,'empty',NULL),(51747,1,30,6,'apartment',NULL),(51748,1,30,56,'',NULL),(51749,1,30,76,'<tr><td>A1</td><td>1</td><td>2</td><td>3</td><td>4</td></tr><tr><td>A2</td><td>1</td><td>2</td><td>3</td><td>4</td></tr><tr><td>A3</td><td>1</td><td>2</td><td>3</td><td>4</td></tr>',NULL),(51750,1,30,1,'0',0),(51751,1,30,4,'Rent',NULL),(51752,1,30,2,'Apartment',NULL),(51753,1,30,5,'Bjelovarska',NULL),(51754,1,30,7,'Bjelovar',NULL),(51755,1,30,40,'42208',42208),(51756,1,30,3,'Less than 50m2',NULL),(51757,1,30,57,'40',40),(51758,1,30,39,'-',NULL),(51759,1,30,19,'3',3),(51760,1,30,20,'3',3),(51761,1,30,58,'7',7),(51762,1,30,36,'90,000.00',90000),(51763,1,30,55,'',NULL),(51764,1,30,37,'',NULL),(51765,1,30,54,'Agent',NULL),(51766,1,30,53,'-',NULL),(51767,1,30,59,'70',70),(51768,1,30,60,'20',20),(51769,1,30,77,'<li><span style=\"margin-left: 20px; left: 20.8333px;\" class=\"vertical\"></span><span style=\"width: 0px; margin-left: 20px; left: 20.8333px;\" class=\"horizontal\"></span><span style=\"margin-left: 20px; left: 20.8333px;\" class=\"vertical\"></span><span style=\"width: 0px; margin-left: 20px; left: 20.8333px;\" class=\"horizontal\"></span><div class=\"ui-droppable ui-draggable\" id=\"1\"><span class=\"add_action\" title=\"Click for Add\"></span><span class=\"delete_action\" title=\"Click for Delete\"></span><span class=\"edit_action\" title=\"Click for Edit\"></span><span class=\"add_action\" title=\"Click for Add\"></span><span class=\"delete_action\" title=\"Click for Delete\"></span><span class=\"edit_action\" title=\"Click for Edit\"></span><span class=\"first_name\">1</span></div></li>',NULL),(51770,1,30,65,'286',286),(51771,1,30,64,'United States - New Mexico -',NULL),(51772,1,30,66,'0',0),(51773,1,30,67,'FieldGate properties',NULL),(51774,1,30,74,'287',287),(51775,1,30,68,'1234567890',1234567890),(51776,1,30,69,'http://www.google.com',NULL),(51777,1,30,70,'http://www.facebook.com',NULL),(51778,1,30,71,'http://www.twitter.com',NULL),(51779,1,30,72,'345 Dixon Road\r\nToronto Ontario M9R 15G\r\n(Dixon &amp; Kipling)',NULL),(51780,1,30,73,'0-24',NULL),(51781,1,30,21,'0',0),(51782,1,30,22,'true',NULL),(51783,1,30,23,'0',0),(51784,1,30,24,'true',NULL),(51785,1,30,25,'0',0),(51786,1,30,28,'true',NULL),(51787,1,30,29,'true',NULL),(51788,1,30,31,'true',NULL),(51789,1,30,52,'0',0),(51790,1,30,11,'true',NULL),(51791,1,30,30,'0',0),(51792,1,30,27,'true',NULL),(51793,1,30,33,'true',NULL),(51794,1,30,32,'true',NULL),(51795,1,30,43,'0',0),(51796,1,30,44,'600',600),(51797,1,30,45,'600',600),(51798,1,30,46,'600',600),(51799,1,30,47,'600',600),(51800,1,30,48,'',NULL),(51801,1,30,49,'',NULL),(51802,1,30,50,'',NULL),(51803,1,30,51,'',NULL),(51804,1,30,9,'0',0),(51805,1,30,12,'',NULL),(51806,1,30,42,'0',0),(51807,2,30,10,'Bjelovar nekretnina',NULL),(51808,2,30,8,'Lorem ipsum dolor sit amet, consectetur adipiscing elit. Sed vulputate \r\nnec neque gravida rhoncus. Donec sit amet blandit mauris, sed bibendum \r\nrisus.',NULL),(51809,2,30,17,'<p>\r\nLorem ipsum dolor sit amet, consectetur adipiscing elit. Sed vulputate \r\nnec neque gravida rhoncus. Donec sit amet blandit mauris, sed bibendum \r\nrisus. Cras ut urna semper, facilisis augue sed, imperdiet nulla. Duis \r\ntristique tellus tortor, dapibus gravida sem sodales id. Nullam quis \r\nconvallis libero, vitae pulvinar nisi.</p><p><span style=\"font-weight: bold;\">Nam eget est facilisis, porta mi \r\nac, ultricies enim. Proin nisi diam, eleifend ac eleifend in, dapibus in\r\n orci. Vestibulum elementum lectus non nisl venenatis, tempus molestie \r\nnisi tempus. Pellentesque facilisis nibh nec purus blandit, id aliquam \r\nlorem fermentum.\r\n</span></p>\r\n<p>\r\n<span style=\"font-style: italic;\">Ut erat lacus, sagittis ac leo eu, molestie mattis libero. Nam sit amet \r\nmassa et magna porttitor eleifend a aliquam nunc. Pellentesque a est a \r\naugue dignissim tristique eu nec augue. Integer pretium sollicitudin \r\ntellus, quis hendrerit nunc accumsan et. Fusce bibendum a neque vel \r\nfringilla. Vivamus viverra enim at purus gravida, in elementum neque \r\neleifend. Curabitur sodales dapibus urna, at mattis lacus eleifend non. \r\nDonec ultricies porta orci eu congue. Nulla sodales arcu a libero \r\naliquet, nec aliquam ante sagittis.</span></p>',NULL),(51810,2,30,38,'empty',NULL),(51811,2,30,6,'apartment',NULL),(51812,2,30,56,'',NULL),(51813,2,30,76,'0',0),(51814,2,30,1,'0',0),(51815,2,30,4,'Najam',NULL),(51816,2,30,2,'Stan',NULL),(51817,2,30,5,'Bjelovarska',NULL),(51818,2,30,7,'Bjelovar',NULL),(51819,2,30,40,'42208',42208),(51820,2,30,3,'Manje od 50m2',NULL),(51821,2,30,57,'40',40),(51822,2,30,39,'-',NULL),(51823,2,30,19,'3',3),(51824,2,30,20,'3',3),(51825,2,30,58,'7',7),(51826,2,30,36,'90.000,00',90000),(51827,2,30,55,'',NULL),(51828,2,30,37,'',NULL),(51829,2,30,54,'Agent',NULL),(51830,2,30,53,'-',NULL),(51831,2,30,59,'70',70),(51832,2,30,60,'20',20),(51833,2,30,77,'<li><span style=\"margin-left: 0px; left: 0px;\" class=\"vertical\"></span><span style=\"width: 0px; margin-left: 0px; left: 0px;\" class=\"horizontal\"></span><span style=\"margin-left: 0px; left: 0px;\" class=\"vertical\"></span><span style=\"width: 0px; margin-left: 0px; left: 0px;\" class=\"horizontal\"></span><div class=\"ui-droppable ui-draggable\" id=\"2\"><span class=\"add_action\" title=\"Click for Add\"></span><span class=\"delete_action\" title=\"Click for Delete\"></span><span class=\"edit_action\" title=\"Click for Edit\"></span><span class=\"add_action\" title=\"Click for Add\"></span><span class=\"delete_action\" title=\"Click for Delete\"></span><span class=\"edit_action\" title=\"Click for Edit\"></span><span class=\"first_name\">1</span></div></li>',NULL),(51834,2,30,65,'0',0),(51835,2,30,64,'United States - New Mexico -',NULL),(51836,2,30,66,'0',0),(51837,2,30,67,'FieldGate properties 2',NULL),(51838,2,30,74,'0',0),(51839,2,30,68,'1234567890',1234567890),(51840,2,30,69,'http://www.google.com',NULL),(51841,2,30,70,'http://www.facebook.com',NULL),(51842,2,30,71,'http://www.twitter.com',NULL),(51843,2,30,72,'My company description<br>',NULL),(51844,2,30,73,'0-24',NULL),(51845,2,30,21,'0',0),(51846,2,30,22,'true',NULL),(51847,2,30,23,'0',0),(51848,2,30,24,'true',NULL),(51849,2,30,25,'0',0),(51850,2,30,28,'true',NULL),(51851,2,30,29,'true',NULL),(51852,2,30,31,'true',NULL),(51853,2,30,52,'0',0),(51854,2,30,11,'true',NULL),(51855,2,30,30,'0',0),(51856,2,30,27,'true',NULL),(51857,2,30,33,'true',NULL),(51858,2,30,32,'true',NULL),(51859,2,30,43,'0',0),(51860,2,30,44,'600',600),(51861,2,30,45,'600',600),(51862,2,30,46,'600',600),(51863,2,30,47,'600',600),(51864,2,30,48,'',NULL),(51865,2,30,49,'',NULL),(51866,2,30,50,'',NULL),(51867,2,30,51,'',NULL),(51868,2,30,9,'0',0),(51869,2,30,12,'',NULL),(51870,2,30,42,'0',0),(51871,1,29,10,'My property',NULL),(51872,1,29,8,'Lorem ipsum dolor sit amet, consectetur adipiscing elit. Sed vulputate \r\nnec neque gravida rhoncus. Donec sit amet blandit mauris, sed bibendum \r\nrisus.',NULL),(51873,1,29,17,'<p>\r\nLorem ipsum dolor sit amet, consectetur adipiscing elit. Sed vulputate \r\nnec neque gravida rhoncus. Donec sit amet blandit mauris, sed bibendum \r\nrisus. Cras ut urna semper, facilisis augue sed, imperdiet nulla. Duis \r\ntristique tellus tortor, dapibus gravida sem sodales id. Nullam quis \r\nconvallis libero, vitae pulvinar nisi.</p><p><span style=\"font-weight: bold;\">Nam eget est facilisis, porta mi \r\nac, ultricies enim. Proin nisi diam, eleifend ac eleifend in, dapibus in\r\n orci. Vestibulum elementum lectus non nisl venenatis, tempus molestie \r\nnisi tempus. Pellentesque facilisis nibh nec purus blandit, id aliquam \r\nlorem fermentum.\r\n</span></p>\r\n<p>\r\n<span style=\"font-style: italic;\">Ut erat lacus, sagittis ac leo eu, molestie mattis libero. Nam sit amet \r\nmassa et magna porttitor eleifend a aliquam nunc. Pellentesque a est a \r\naugue dignissim tristique eu nec augue. Integer pretium sollicitudin \r\ntellus, quis hendrerit nunc accumsan et. Fusce bibendum a neque vel \r\nfringilla. Vivamus viverra enim at purus gravida, in elementum neque \r\neleifend. Curabitur sodales dapibus urna, at mattis lacus eleifend non. \r\nDonec ultricies porta orci eu congue. Nulla sodales arcu a libero \r\naliquet, nec aliquam ante sagittis.</span></p>',NULL),(51874,1,29,38,'new',NULL),(51875,1,29,6,'house',NULL),(51876,1,29,56,'',NULL),(51877,1,29,1,'0',0),(51878,1,29,4,'Sale',NULL),(51879,1,29,2,'Land',NULL),(51880,1,29,5,'VaraÅ¾dinska',NULL),(51881,1,29,7,'Cestica',NULL),(51882,1,29,40,'',NULL),(51883,1,29,3,'50-100m2',NULL),(51884,1,29,57,'60',60),(51885,1,29,39,'-',NULL),(51886,1,29,19,'',NULL),(51887,1,29,20,'',NULL),(51888,1,29,58,'',NULL),(51889,1,29,36,'',NULL),(51890,1,29,55,'',NULL),(51891,1,29,37,'',NULL),(51892,1,29,54,'Agent',NULL),(51893,1,29,53,'',NULL),(51894,1,29,59,'',NULL),(51895,1,29,60,'',NULL),(51896,1,29,65,'289',289),(51897,1,29,64,'United States - Pennsylvania -',NULL),(51898,1,29,66,'0',0),(51899,1,29,67,'',NULL),(51900,1,29,68,'',NULL),(51901,1,29,69,'',NULL),(51902,1,29,70,'',NULL),(51903,1,29,71,'',NULL),(51904,1,29,72,'',NULL),(51905,1,29,73,'',NULL),(51906,1,29,21,'0',0),(51907,1,29,22,'0',0),(51908,1,29,23,'0',0),(51909,1,29,24,'0',0),(51910,1,29,25,'0',0),(51911,1,29,28,'0',0),(51912,1,29,29,'0',0),(51913,1,29,31,'0',0),(51914,1,29,52,'0',0),(51915,1,29,11,'0',0),(51916,1,29,30,'0',0),(51917,1,29,27,'0',0),(51918,1,29,33,'0',0),(51919,1,29,32,'0',0),(51920,1,29,43,'0',0),(51921,1,29,44,'',NULL),(51922,1,29,45,'',NULL),(51923,1,29,46,'',NULL),(51924,1,29,47,'',NULL),(51925,1,29,48,'',NULL),(51926,1,29,49,'',NULL),(51927,1,29,50,'700',700),(51928,1,29,51,'700',700),(51929,1,29,9,'0',0),(51930,1,29,12,'',NULL),(51931,1,29,42,'0',0),(51932,2,29,10,'Moja nekretnina',NULL),(51933,2,29,8,'Lorem ipsum dolor sit amet, consectetur adipiscing elit. Sed vulputate \r\nnec neque gravida rhoncus. Donec sit amet blandit mauris, sed bibendum \r\nrisus.',NULL),(51934,2,29,17,'<p>\r\nLorem ipsum dolor sit amet, consectetur adipiscing elit. Sed vulputate \r\nnec neque gravida rhoncus. Donec sit amet blandit mauris, sed bibendum \r\nrisus. Cras ut urna semper, facilisis augue sed, imperdiet nulla. Duis \r\ntristique tellus tortor, dapibus gravida sem sodales id. Nullam quis \r\nconvallis libero, vitae pulvinar nisi.</p><p><span style=\"font-weight: bold;\">Nam eget est facilisis, porta mi \r\nac, ultricies enim. Proin nisi diam, eleifend ac eleifend in, dapibus in\r\n orci. Vestibulum elementum lectus non nisl venenatis, tempus molestie \r\nnisi tempus. Pellentesque facilisis nibh nec purus blandit, id aliquam \r\nlorem fermentum.\r\n</span></p>\r\n<p>\r\n<span style=\"font-style: italic;\">Ut erat lacus, sagittis ac leo eu, molestie mattis libero. Nam sit amet \r\nmassa et magna porttitor eleifend a aliquam nunc. Pellentesque a est a \r\naugue dignissim tristique eu nec augue. Integer pretium sollicitudin \r\ntellus, quis hendrerit nunc accumsan et. Fusce bibendum a neque vel \r\nfringilla. Vivamus viverra enim at purus gravida, in elementum neque \r\neleifend. Curabitur sodales dapibus urna, at mattis lacus eleifend non. \r\nDonec ultricies porta orci eu congue. Nulla sodales arcu a libero \r\naliquet, nec aliquam ante sagittis.</span></p>',NULL),(51935,2,29,38,'novo',NULL),(51936,2,29,6,'house',NULL),(51937,2,29,56,'',NULL),(51938,2,29,1,'0',0),(51939,2,29,4,'Prodaja',NULL),(51940,2,29,2,'KuÄ‡a',NULL),(51941,2,29,5,'VaraÅ¾dinska',NULL),(51942,2,29,7,'Cestica',NULL),(51943,2,29,40,'',NULL),(51944,2,29,3,'50-100m2',NULL),(51945,2,29,57,'60',60),(51946,2,29,39,'D',NULL),(51947,2,29,19,'2',2),(51948,2,29,20,'2',2),(51949,2,29,58,'5',5),(51950,2,29,36,'',NULL),(51951,2,29,55,'',NULL),(51952,2,29,37,'',NULL),(51953,2,29,54,'Agent',NULL),(51954,2,29,53,'',NULL),(51955,2,29,59,'',NULL),(51956,2,29,60,'',NULL),(51957,2,29,64,'United States - Pennsylvania -',NULL),(51958,2,29,66,'0',0),(51959,2,29,67,'',NULL),(51960,2,29,68,'',NULL),(51961,2,29,69,'',NULL),(51962,2,29,70,'',NULL),(51963,2,29,71,'',NULL),(51964,2,29,72,'',NULL),(51965,2,29,73,'',NULL),(51966,2,29,21,'0',0),(51967,2,29,22,'true',NULL),(51968,2,29,23,'true',NULL),(51969,2,29,24,'0',0),(51970,2,29,25,'0',0),(51971,2,29,28,'0',0),(51972,2,29,29,'0',0),(51973,2,29,31,'0',0),(51974,2,29,52,'0',0),(51975,2,29,11,'true',NULL),(51976,2,29,30,'0',0),(51977,2,29,27,'0',0),(51978,2,29,33,'0',0),(51979,2,29,32,'0',0),(51980,2,29,43,'0',0),(51981,2,29,44,'',NULL),(51982,2,29,45,'',NULL),(51983,2,29,46,'',NULL),(51984,2,29,47,'',NULL),(51985,2,29,48,'',NULL),(51986,2,29,49,'',NULL),(51987,2,29,50,'700',700),(51988,2,29,51,'700',700),(51989,2,29,9,'0',0),(51990,2,29,12,'',NULL),(51991,2,29,42,'0',0),(51992,1,19,10,'Retro old',NULL),(51993,1,19,78,'Retro,test',NULL),(51994,1,19,8,'Lorem ipsum dolor sit amet, consectetur adipiscing elit. Sed vulputate \r\nnec neque gravida rhoncus. Donec sit amet blandit mauris, sed bibendum \r\nrisus.',NULL),(51995,1,19,17,'<p>\r\nLorem ipsum dolor sit amet, consectetur adipiscing elit. Sed vulputate \r\nnec neque gravida rhoncus. Donec sit amet blandit mauris, sed bibendum \r\nrisus. Cras ut urna semper, facilisis augue sed, imperdiet nulla. Duis \r\ntristique tellus tortor, dapibus gravida sem sodales id. Nullam quis \r\nconvallis libero, vitae pulvinar nisi.</p><p><span style=\"font-weight: bold;\">Nam eget est facilisis, porta mi \r\nac, ultricies enim. Proin nisi diam, eleifend ac eleifend in, dapibus in\r\n orci. Vestibulum elementum lectus non nisl venenatis, tempus molestie \r\nnisi tempus. Pellentesque facilisis nibh nec purus blandit, id aliquam \r\nlorem fermentum.\r\n</span></p>\r\n<p>\r\n<span style=\"font-style: italic;\">Ut erat lacus, sagittis ac leo eu, molestie mattis libero. Nam sit amet \r\nmassa et magna porttitor eleifend a aliquam nunc. Pellentesque a est a \r\naugue dignissim tristique eu nec augue. Integer pretium sollicitudin \r\ntellus, quis hendrerit nunc accumsan et. Fusce bibendum a neque vel \r\nfringilla. Vivamus viverra enim at purus gravida, in elementum neque \r\neleifend. Curabitur sodales dapibus urna, at mattis lacus eleifend non. \r\nDonec ultricies porta orci eu congue. Nulla sodales arcu a libero \r\naliquet, nec aliquam ante sagittis.</span></p>',NULL),(51996,1,19,38,'empty',NULL),(51997,1,19,6,'house',NULL),(51998,1,19,56,'',NULL),(51999,1,19,76,'',NULL),(52000,1,19,1,'0',0),(52001,1,19,4,'Sale',NULL),(52002,1,19,2,'House',NULL),(52003,1,19,5,'Zagorje',NULL),(52004,1,19,7,'Sveti Ivan Zelika',NULL),(52005,1,19,40,'11000',11000),(52006,1,19,3,'Less than 50m2',NULL),(52007,1,19,57,'35',35),(52008,1,19,39,'-',NULL),(52009,1,19,19,'1',1),(52010,1,19,20,'1',1),(52011,1,19,58,'3',3),(52012,1,19,36,'',NULL),(52013,1,19,55,'',NULL),(52014,1,19,37,'',NULL),(52015,1,19,54,'Agent',NULL),(52016,1,19,53,'',NULL),(52017,1,19,59,'80',80),(52018,1,19,60,'20',20),(52019,1,19,77,'<li><span style=\"margin-left: 20px; left: 20.5px;\" class=\"vertical\"></span><span style=\"width: 0px; margin-left: 20px; left: 20.5px;\" class=\"horizontal\"></span><div id=\"1\"><span class=\"add_action\" title=\"Click for Add\"></span><span class=\"delete_action\" title=\"Click for Delete\"></span><span class=\"edit_action\" title=\"Click for Edit\"></span><span class=\"first_name\">1</span></div></li>',NULL),(52020,1,19,65,'267',267),(52021,1,19,64,'United States - Kansas -',NULL),(52022,1,19,66,'0',0),(52023,1,19,67,'',NULL),(52024,1,19,74,'270',270),(52025,1,19,68,'',NULL),(52026,1,19,69,'',NULL),(52027,1,19,70,'',NULL),(52028,1,19,71,'',NULL),(52029,1,19,72,'',NULL),(52030,1,19,73,'',NULL),(52031,1,19,21,'0',0),(52032,1,19,22,'0',0),(52033,1,19,23,'0',0),(52034,1,19,24,'0',0),(52035,1,19,25,'0',0),(52036,1,19,28,'0',0),(52037,1,19,29,'0',0),(52038,1,19,31,'true',NULL),(52039,1,19,52,'0',0),(52040,1,19,11,'true',NULL),(52041,1,19,30,'0',0),(52042,1,19,27,'0',0),(52043,1,19,33,'true',NULL),(52044,1,19,32,'true',NULL),(52045,1,19,43,'0',0),(52046,1,19,44,'',NULL),(52047,1,19,45,'',NULL),(52048,1,19,46,'',NULL),(52049,1,19,47,'',NULL),(52050,1,19,48,'',NULL),(52051,1,19,49,'800',800),(52052,1,19,50,'800',800),(52053,1,19,51,'',NULL),(52054,1,19,9,'0',0),(52055,1,19,12,'',NULL),(52056,1,19,42,'0',0),(52057,2,19,10,'Stari retro',NULL),(52058,2,19,78,'',NULL),(52059,2,19,8,'Lorem ipsum dolor sit amet, consectetur adipiscing elit. Sed vulputate \r\nnec neque gravida rhoncus. Donec sit amet blandit mauris, sed bibendum \r\nrisus.',NULL),(52060,2,19,17,'<p>\r\nLorem ipsum dolor sit amet, consectetur adipiscing elit. Sed vulputate \r\nnec neque gravida rhoncus. Donec sit amet blandit mauris, sed bibendum \r\nrisus. Cras ut urna semper, facilisis augue sed, imperdiet nulla. Duis \r\ntristique tellus tortor, dapibus gravida sem sodales id. Nullam quis \r\nconvallis libero, vitae pulvinar nisi.</p><p><span style=\"font-weight: bold;\">Nam eget est facilisis, porta mi \r\nac, ultricies enim. Proin nisi diam, eleifend ac eleifend in, dapibus in\r\n orci. Vestibulum elementum lectus non nisl venenatis, tempus molestie \r\nnisi tempus. Pellentesque facilisis nibh nec purus blandit, id aliquam \r\nlorem fermentum.\r\n</span></p>\r\n<p>\r\n<span style=\"font-style: italic;\">Ut erat lacus, sagittis ac leo eu, molestie mattis libero. Nam sit amet \r\nmassa et magna porttitor eleifend a aliquam nunc. Pellentesque a est a \r\naugue dignissim tristique eu nec augue. Integer pretium sollicitudin \r\ntellus, quis hendrerit nunc accumsan et. Fusce bibendum a neque vel \r\nfringilla. Vivamus viverra enim at purus gravida, in elementum neque \r\neleifend. Curabitur sodales dapibus urna, at mattis lacus eleifend non. \r\nDonec ultricies porta orci eu congue. Nulla sodales arcu a libero \r\naliquet, nec aliquam ante sagittis.</span></p>',NULL),(52061,2,19,38,'empty',NULL),(52062,2,19,6,'house',NULL),(52063,2,19,56,'',NULL),(52064,2,19,76,'',NULL),(52065,2,19,1,'0',0),(52066,2,19,4,'Prodaja',NULL),(52067,2,19,2,'KuÄ‡a',NULL),(52068,2,19,5,'Zagorje',NULL),(52069,2,19,7,'Sveti Ivan Zelika',NULL),(52070,2,19,40,'11000',11000),(52071,2,19,3,'Manje od 50m2',NULL),(52072,2,19,57,'35',35),(52073,2,19,39,'-',NULL),(52074,2,19,19,'1',1),(52075,2,19,20,'1',1),(52076,2,19,58,'3',3),(52077,2,19,36,'',NULL),(52078,2,19,55,'',NULL),(52079,2,19,37,'',NULL),(52080,2,19,54,'Agent',NULL),(52081,2,19,53,'',NULL),(52082,2,19,59,'',NULL),(52083,2,19,60,'',NULL),(52084,2,19,77,'<li><span style=\"margin-left: 0px; left: 0px;\" class=\"vertical\"></span><span style=\"width: 0px; margin-left: 0px; left: 0px;\" class=\"horizontal\"></span><div id=\"2\"><span class=\"add_action\" title=\"Click for Add\"></span><span class=\"delete_action\" title=\"Click for Delete\"></span><span class=\"edit_action\" title=\"Click for Edit\"></span><span class=\"first_name\">1</span></div></li>',NULL),(52085,2,19,64,'United States - Kansas -',NULL),(52086,2,19,66,'0',0),(52087,2,19,67,'',NULL),(52088,2,19,68,'',NULL),(52089,2,19,69,'',NULL),(52090,2,19,70,'',NULL),(52091,2,19,71,'',NULL),(52092,2,19,72,'',NULL),(52093,2,19,73,'',NULL),(52094,2,19,21,'0',0),(52095,2,19,22,'0',0),(52096,2,19,23,'0',0),(52097,2,19,24,'0',0),(52098,2,19,25,'0',0),(52099,2,19,28,'0',0),(52100,2,19,29,'0',0),(52101,2,19,31,'true',NULL),(52102,2,19,52,'0',0),(52103,2,19,11,'true',NULL),(52104,2,19,30,'0',0),(52105,2,19,27,'0',0),(52106,2,19,33,'true',NULL),(52107,2,19,32,'true',NULL),(52108,2,19,43,'0',0),(52109,2,19,44,'',NULL),(52110,2,19,45,'',NULL),(52111,2,19,46,'',NULL),(52112,2,19,47,'',NULL),(52113,2,19,48,'',NULL),(52114,2,19,49,'800',800),(52115,2,19,50,'800',800),(52116,2,19,51,'',NULL),(52117,2,19,9,'0',0),(52118,2,19,12,'',NULL),(52119,2,19,42,'0',0),(52120,1,18,10,'Small beauty',NULL),(52121,1,18,78,'',NULL),(52122,1,18,8,'Lorem ipsum dolor sit amet, consectetur adipiscing elit. Sed vulputate \r\nnec neque gravida rhoncus. Donec sit amet blandit mauris, sed bibendum \r\nrisus.',NULL),(52123,1,18,17,'<p>\r\nLorem ipsum dolor sit amet, consectetur adipiscing elit. Sed vulputate \r\nnec neque gravida rhoncus. Donec sit amet blandit mauris, sed bibendum \r\nrisus. Cras ut urna semper, facilisis augue sed, imperdiet nulla. Duis \r\ntristique tellus tortor, dapibus gravida sem sodales id. Nullam quis \r\nconvallis libero, vitae pulvinar nisi.</p><p><span style=\"font-weight: bold;\">Nam eget est facilisis, porta mi \r\nac, ultricies enim. Proin nisi diam, eleifend ac eleifend in, dapibus in\r\n orci. Vestibulum elementum lectus non nisl venenatis, tempus molestie \r\nnisi tempus. Pellentesque facilisis nibh nec purus blandit, id aliquam \r\nlorem fermentum.\r\n</span></p>\r\n<p>\r\n<span style=\"font-style: italic;\">Ut erat lacus, sagittis ac leo eu, molestie mattis libero. Nam sit amet \r\nmassa et magna porttitor eleifend a aliquam nunc. Pellentesque a est a \r\naugue dignissim tristique eu nec augue. Integer pretium sollicitudin \r\ntellus, quis hendrerit nunc accumsan et. Fusce bibendum a neque vel \r\nfringilla. Vivamus viverra enim at purus gravida, in elementum neque \r\neleifend. Curabitur sodales dapibus urna, at mattis lacus eleifend non. \r\nDonec ultricies porta orci eu congue. Nulla sodales arcu a libero \r\naliquet, nec aliquam ante sagittis.</span></p>',NULL),(52124,1,18,38,'empty',NULL),(52125,1,18,6,'house',NULL),(52126,1,18,56,'',NULL),(52127,1,18,76,'',NULL),(52128,1,18,64,'United States - Maine -',NULL),(52129,1,18,1,'0',0),(52130,1,18,4,'Sale',NULL),(52131,1,18,2,'House',NULL),(52132,1,18,5,'VaraÅ¾dinska',NULL),(52133,1,18,7,'Novi Marof',NULL),(52134,1,18,40,'',NULL),(52135,1,18,3,'50-100m2',NULL),(52136,1,18,57,'90',90),(52137,1,18,39,'-',NULL),(52138,1,18,19,'1',1),(52139,1,18,20,'1',1),(52140,1,18,58,'5',5),(52141,1,18,36,'',NULL),(52142,1,18,55,'',NULL),(52143,1,18,37,'',NULL),(52144,1,18,54,'Agent',NULL),(52145,1,18,53,'',NULL),(52146,1,18,59,'90',90),(52147,1,18,60,'40',40),(52148,1,18,77,'<li><span style=\"margin-left: 20px; left: 20.1667px;\" class=\"vertical\"></span><span style=\"width: 0px; margin-left: 20px; left: 20.1667px;\" class=\"horizontal\"></span><span style=\"margin-left: 20px; left: 20.1667px;\" class=\"vertical\"></span><span style=\"width: 0px; margin-left: 20px; left: 20.1667px;\" class=\"horizontal\"></span><span style=\"margin-left: 20px; left: 20.1667px;\" class=\"vertical\"></span><span style=\"width: 0px; margin-left: 20px; left: 20.1667px;\" class=\"horizontal\"></span><span style=\"margin-left: 20px; left: 20.1667px;\" class=\"vertical\"></span><span style=\"width: 0px; margin-left: 20px; left: 20.1667px;\" class=\"horizontal\"></span><div id=\"1\"><span class=\"add_action\" title=\"Click for Add\"></span><span class=\"delete_action\" title=\"Click for Delete\"></span><span class=\"edit_action\" title=\"Click for Edit\"></span><span class=\"add_action\" title=\"Click for Add\"></span><span class=\"delete_action\" title=\"Click for Delete\"></span><span class=\"edit_action\" title=\"Click for Edit\"></span><span class=\"add_action\" title=\"Click for Add\"></span><span class=\"delete_action\" title=\"Click for Delete\"></span><span class=\"edit_action\" title=\"Click for Edit\"></span><span class=\"add_action\" title=\"Click for Add\"></span><span class=\"delete_action\" title=\"Click for Delete\"></span><span class=\"edit_action\" title=\"Click for Edit\"></span><span class=\"first_name\">1</span></div></li>',NULL),(52149,1,18,65,'324',324),(52150,1,18,66,'0',0),(52151,1,18,67,'',NULL),(52152,1,18,68,'',NULL),(52153,1,18,69,'',NULL),(52154,1,18,70,'',NULL),(52155,1,18,71,'',NULL),(52156,1,18,72,'',NULL),(52157,1,18,73,'',NULL),(52158,1,18,21,'0',0),(52159,1,18,22,'0',0),(52160,1,18,23,'0',0),(52161,1,18,24,'0',0),(52162,1,18,25,'0',0),(52163,1,18,28,'true',NULL),(52164,1,18,29,'0',0),(52165,1,18,31,'0',0),(52166,1,18,52,'0',0),(52167,1,18,11,'0',0),(52168,1,18,30,'0',0),(52169,1,18,27,'true',NULL),(52170,1,18,33,'0',0),(52171,1,18,32,'true',NULL),(52172,1,18,43,'0',0),(52173,1,18,44,'',NULL),(52174,1,18,45,'',NULL),(52175,1,18,46,'50',50),(52176,1,18,47,'',NULL),(52177,1,18,48,'',NULL),(52178,1,18,49,'',NULL),(52179,1,18,50,'',NULL),(52180,1,18,51,'',NULL),(52181,1,18,9,'0',0),(52182,1,18,12,'',NULL),(52183,1,18,42,'0',0),(52184,2,18,10,'Malena ljepotica',NULL),(52185,2,18,78,'',NULL),(52186,2,18,8,'Lorem ipsum dolor sit amet, consectetur adipiscing elit. Sed vulputate \r\nnec neque gravida rhoncus. Donec sit amet blandit mauris, sed bibendum \r\nrisus.',NULL),(52187,2,18,17,'<p>\r\nLorem ipsum dolor sit amet, consectetur adipiscing elit. Sed vulputate \r\nnec neque gravida rhoncus. Donec sit amet blandit mauris, sed bibendum \r\nrisus. Cras ut urna semper, facilisis augue sed, imperdiet nulla. Duis \r\ntristique tellus tortor, dapibus gravida sem sodales id. Nullam quis \r\nconvallis libero, vitae pulvinar nisi.</p><p><span style=\"font-weight: bold;\">Nam eget est facilisis, porta mi \r\nac, ultricies enim. Proin nisi diam, eleifend ac eleifend in, dapibus in\r\n orci. Vestibulum elementum lectus non nisl venenatis, tempus molestie \r\nnisi tempus. Pellentesque facilisis nibh nec purus blandit, id aliquam \r\nlorem fermentum.\r\n</span></p>\r\n<p>\r\n<span style=\"font-style: italic;\">Ut erat lacus, sagittis ac leo eu, molestie mattis libero. Nam sit amet \r\nmassa et magna porttitor eleifend a aliquam nunc. Pellentesque a est a \r\naugue dignissim tristique eu nec augue. Integer pretium sollicitudin \r\ntellus, quis hendrerit nunc accumsan et. Fusce bibendum a neque vel \r\nfringilla. Vivamus viverra enim at purus gravida, in elementum neque \r\neleifend. Curabitur sodales dapibus urna, at mattis lacus eleifend non. \r\nDonec ultricies porta orci eu congue. Nulla sodales arcu a libero \r\naliquet, nec aliquam ante sagittis.</span></p>',NULL),(52188,2,18,38,'empty',NULL),(52189,2,18,6,'house',NULL),(52190,2,18,56,'',NULL),(52191,2,18,76,'',NULL),(52192,2,18,64,'United States - Maine -',NULL),(52193,2,18,1,'0',0),(52194,2,18,4,'Prodaja',NULL),(52195,2,18,2,'KuÄ‡a',NULL),(52196,2,18,5,'VaraÅ¾dinska',NULL),(52197,2,18,7,'Novi Marof',NULL),(52198,2,18,40,'',NULL),(52199,2,18,3,'50-100m2',NULL),(52200,2,18,57,'90',90),(52201,2,18,39,'-',NULL),(52202,2,18,19,'1',1),(52203,2,18,20,'1',1),(52204,2,18,58,'5',5),(52205,2,18,36,'',NULL),(52206,2,18,55,'',NULL),(52207,2,18,37,'',NULL),(52208,2,18,54,'Agent',NULL),(52209,2,18,53,'',NULL),(52210,2,18,59,'',NULL),(52211,2,18,60,'',NULL),(52212,2,18,77,'<li><span style=\"margin-left: 0px; left: 0px;\" class=\"vertical\"></span><span style=\"width: 0px; margin-left: 0px; left: 0px;\" class=\"horizontal\"></span><span style=\"margin-left: 0px; left: 0px;\" class=\"vertical\"></span><span style=\"width: 0px; margin-left: 0px; left: 0px;\" class=\"horizontal\"></span><span style=\"margin-left: 0px; left: 0px;\" class=\"vertical\"></span><span style=\"width: 0px; margin-left: 0px; left: 0px;\" class=\"horizontal\"></span><span style=\"margin-left: 0px; left: 0px;\" class=\"vertical\"></span><span style=\"width: 0px; margin-left: 0px; left: 0px;\" class=\"horizontal\"></span><div id=\"2\"><span class=\"add_action\" title=\"Click for Add\"></span><span class=\"delete_action\" title=\"Click for Delete\"></span><span class=\"edit_action\" title=\"Click for Edit\"></span><span class=\"add_action\" title=\"Click for Add\"></span><span class=\"delete_action\" title=\"Click for Delete\"></span><span class=\"edit_action\" title=\"Click for Edit\"></span><span class=\"add_action\" title=\"Click for Add\"></span><span class=\"delete_action\" title=\"Click for Delete\"></span><span class=\"edit_action\" title=\"Click for Edit\"></span><span class=\"add_action\" title=\"Click for Add\"></span><span class=\"delete_action\" title=\"Click for Delete\"></span><span class=\"edit_action\" title=\"Click for Edit\"></span><span class=\"first_name\">1</span></div></li>',NULL),(52213,2,18,66,'0',0),(52214,2,18,67,'',NULL),(52215,2,18,68,'',NULL),(52216,2,18,69,'',NULL),(52217,2,18,70,'',NULL),(52218,2,18,71,'',NULL),(52219,2,18,72,'',NULL),(52220,2,18,73,'',NULL),(52221,2,18,21,'0',0),(52222,2,18,22,'0',0),(52223,2,18,23,'0',0),(52224,2,18,24,'0',0),(52225,2,18,25,'0',0),(52226,2,18,28,'true',NULL),(52227,2,18,29,'true',NULL),(52228,2,18,31,'0',0),(52229,2,18,52,'0',0),(52230,2,18,11,'0',0),(52231,2,18,30,'0',0),(52232,2,18,27,'true',NULL),(52233,2,18,33,'0',0),(52234,2,18,32,'0',0),(52235,2,18,43,'0',0),(52236,2,18,44,'',NULL),(52237,2,18,45,'',NULL),(52238,2,18,46,'50',50),(52239,2,18,47,'',NULL),(52240,2,18,48,'',NULL),(52241,2,18,49,'',NULL),(52242,2,18,50,'',NULL),(52243,2,18,51,'',NULL),(52244,2,18,9,'0',0),(52245,2,18,12,'',NULL),(52246,2,18,42,'0',0),(52367,1,16,10,'Fear wood',NULL),(52368,1,16,78,'',NULL),(52369,1,16,8,'Lorem ipsum dolor sit amet, consectetur adipiscing elit. Sed vulputate \r\nnec neque gravida rhoncus. Donec sit amet blandit mauris, sed bibendum \r\nrisus. Cras ut urna semper, facilisis augue sed, imperdiet nulla. Duis \r\ntristique tellus tortor, dapibus gravida sem sodales id. Nullam quis \r\nconvallis libero, vitae pulvinar nisi.',NULL),(52370,1,16,17,'<p>\r\nLorem ipsum dolor sit amet, consectetur adipiscing elit. Sed vulputate \r\nnec neque gravida rhoncus. Donec sit amet blandit mauris, sed bibendum \r\nrisus. Cras ut urna semper, facilisis augue sed, imperdiet nulla. Duis \r\ntristique tellus tortor, dapibus gravida sem sodales id. Nullam quis \r\nconvallis libero, vitae pulvinar nisi.</p><p><span style=\"font-weight: bold;\">Nam eget est facilisis, porta mi \r\nac, ultricies enim. Proin nisi diam, eleifend ac eleifend in, dapibus in\r\n orci. Vestibulum elementum lectus non nisl venenatis, tempus molestie \r\nnisi tempus. Pellentesque facilisis nibh nec purus blandit, id aliquam \r\nlorem fermentum.\r\n</span></p>\r\n<p>\r\n<span style=\"font-style: italic;\">Ut erat lacus, sagittis ac leo eu, molestie mattis libero. Nam sit amet \r\nmassa et magna porttitor eleifend a aliquam nunc. Pellentesque a est a \r\naugue dignissim tristique eu nec augue. Integer pretium sollicitudin \r\ntellus, quis hendrerit nunc accumsan et. Fusce bibendum a neque vel \r\nfringilla. Vivamus viverra enim at purus gravida, in elementum neque \r\neleifend. Curabitur sodales dapibus urna, at mattis lacus eleifend non. \r\nDonec ultricies porta orci eu congue. Nulla sodales arcu a libero \r\naliquet, nec aliquam ante sagittis.</span></p>',NULL),(52371,1,16,38,'empty',NULL),(52372,1,16,6,'land',NULL),(52373,1,16,56,'',NULL),(52374,1,16,76,'',NULL),(52375,1,16,1,'0',0),(52376,1,16,4,'Sale',NULL),(52377,1,16,2,'Land',NULL),(52378,1,16,5,'Zagorje',NULL),(52379,1,16,7,'Zlatar Bistrica',NULL),(52380,1,16,40,'',NULL),(52381,1,16,3,'50-100m2',NULL),(52382,1,16,57,'80',80),(52383,1,16,39,'-',NULL),(52384,1,16,19,'',NULL),(52385,1,16,20,'',NULL),(52386,1,16,58,'',NULL),(52387,1,16,36,'',NULL),(52388,1,16,55,'',NULL),(52389,1,16,37,'',NULL),(52390,1,16,54,'Agent',NULL),(52391,1,16,53,'',NULL),(52392,1,16,59,'',NULL),(52393,1,16,60,'',NULL),(52394,1,16,77,'<li><span style=\"margin-left: 0px; left: 0px;\" class=\"vertical\"></span><span style=\"width: 0px; margin-left: 0px; left: 0px;\" class=\"horizontal\"></span><span style=\"margin-left: 0px; left: 0px;\" class=\"vertical\"></span><span style=\"width: 0px; margin-left: 0px; left: 0px;\" class=\"horizontal\"></span><div class=\"ui-droppable ui-draggable\" id=\"1\"><span class=\"add_action\" title=\"Click for Add\"></span><span class=\"delete_action\" title=\"Click for Delete\"></span><span class=\"edit_action\" title=\"Click for Edit\"></span><span class=\"add_action\" title=\"Click for Add\"></span><span class=\"delete_action\" title=\"Click for Delete\"></span><span class=\"edit_action\" title=\"Click for Edit\"></span><span class=\"first_name\">1</span></div></li>',NULL),(52395,1,16,64,'United States - Illinois -',NULL),(52396,1,16,66,'0',0),(52397,1,16,67,'',NULL),(52398,1,16,68,'',NULL),(52399,1,16,69,'',NULL),(52400,1,16,70,'',NULL),(52401,1,16,71,'',NULL),(52402,1,16,72,'',NULL),(52403,1,16,73,'',NULL),(52404,1,16,21,'0',0),(52405,1,16,22,'0',0),(52406,1,16,23,'0',0),(52407,1,16,24,'0',0),(52408,1,16,25,'0',0),(52409,1,16,28,'0',0),(52410,1,16,29,'0',0),(52411,1,16,31,'0',0),(52412,1,16,52,'0',0),(52413,1,16,11,'0',0),(52414,1,16,30,'0',0),(52415,1,16,27,'0',0),(52416,1,16,33,'0',0),(52417,1,16,32,'0',0),(52418,1,16,43,'0',0),(52419,1,16,44,'',NULL),(52420,1,16,45,'',NULL),(52421,1,16,46,'',NULL),(52422,1,16,47,'100',100),(52423,1,16,48,'',NULL),(52424,1,16,49,'',NULL),(52425,1,16,50,'',NULL),(52426,1,16,51,'',NULL),(52427,1,16,9,'0',0),(52428,1,16,12,'',NULL),(52429,1,16,42,'0',0),(52430,2,16,10,'Drvo straha',NULL),(52431,2,16,78,'',NULL),(52432,2,16,8,'Lorem ipsum dolor sit amet, consectetur adipiscing elit. Sed vulputate \r\nnec neque gravida rhoncus. Donec sit amet blandit mauris, sed bibendum \r\nrisus. Cras ut urna semper, facilisis augue sed, imperdiet nulla. Duis \r\ntristique tellus tortor, dapibus gravida sem sodales id. Nullam quis \r\nconvallis libero, vitae pulvinar nisi.',NULL),(52433,2,16,17,'<p>\r\nLorem ipsum dolor sit amet, consectetur adipiscing elit. Sed vulputate \r\nnec neque gravida rhoncus. Donec sit amet blandit mauris, sed bibendum \r\nrisus. Cras ut urna semper, facilisis augue sed, imperdiet nulla. Duis \r\ntristique tellus tortor, dapibus gravida sem sodales id. Nullam quis \r\nconvallis libero, vitae pulvinar nisi.</p><p><span style=\"font-weight: bold;\">Nam eget est facilisis, porta mi \r\nac, ultricies enim. Proin nisi diam, eleifend ac eleifend in, dapibus in\r\n orci. Vestibulum elementum lectus non nisl venenatis, tempus molestie \r\nnisi tempus. Pellentesque facilisis nibh nec purus blandit, id aliquam \r\nlorem fermentum.\r\n</span></p>\r\n<p>\r\n<span style=\"font-style: italic;\">Ut erat lacus, sagittis ac leo eu, molestie mattis libero. Nam sit amet \r\nmassa et magna porttitor eleifend a aliquam nunc. Pellentesque a est a \r\naugue dignissim tristique eu nec augue. Integer pretium sollicitudin \r\ntellus, quis hendrerit nunc accumsan et. Fusce bibendum a neque vel \r\nfringilla. Vivamus viverra enim at purus gravida, in elementum neque \r\neleifend. Curabitur sodales dapibus urna, at mattis lacus eleifend non. \r\nDonec ultricies porta orci eu congue. Nulla sodales arcu a libero \r\naliquet, nec aliquam ante sagittis.</span></p>',NULL),(52434,2,16,38,'empty',NULL),(52435,2,16,6,'land',NULL),(52436,2,16,56,'',NULL),(52437,2,16,76,'',NULL),(52438,2,16,1,'0',0),(52439,2,16,4,'Prodaja',NULL),(52440,2,16,2,'ZemljiÅ¡te',NULL),(52441,2,16,5,'Zagorje',NULL),(52442,2,16,7,'Zlatar Bistrica',NULL),(52443,2,16,40,'',NULL),(52444,2,16,3,'50-100m2',NULL),(52445,2,16,57,'80',80),(52446,2,16,39,'-',NULL),(52447,2,16,19,'',NULL),(52448,2,16,20,'',NULL),(52449,2,16,58,'',NULL),(52450,2,16,36,'',NULL),(52451,2,16,55,'',NULL),(52452,2,16,37,'',NULL),(52453,2,16,54,'Agent',NULL),(52454,2,16,53,'',NULL),(52455,2,16,59,'',NULL),(52456,2,16,60,'',NULL),(52457,2,16,77,'<li><span style=\"margin-left: 20px; left: 20.5px;\" class=\"vertical\"></span><span style=\"width: 0px; margin-left: 20px; left: 20.5px;\" class=\"horizontal\"></span><span style=\"margin-left: 20px; left: 20.5px;\" class=\"vertical\"></span><span style=\"width: 0px; margin-left: 20px; left: 20.5px;\" class=\"horizontal\"></span><div class=\"ui-droppable ui-draggable\" id=\"2\"><span class=\"add_action\" title=\"Click for Add\"></span><span class=\"delete_action\" title=\"Click for Delete\"></span><span class=\"edit_action\" title=\"Click for Edit\"></span><span class=\"add_action\" title=\"Click for Add\"></span><span class=\"delete_action\" title=\"Click for Delete\"></span><span class=\"edit_action\" title=\"Click for Edit\"></span><span class=\"first_name\">1</span></div></li>',NULL),(52458,2,16,64,'United States - Illinois -',NULL),(52459,2,16,66,'0',0),(52460,2,16,67,'',NULL),(52461,2,16,68,'',NULL),(52462,2,16,69,'',NULL),(52463,2,16,70,'',NULL),(52464,2,16,71,'',NULL),(52465,2,16,72,'',NULL),(52466,2,16,73,'',NULL),(52467,2,16,21,'0',0),(52468,2,16,22,'0',0),(52469,2,16,23,'0',0),(52470,2,16,24,'0',0),(52471,2,16,25,'0',0),(52472,2,16,28,'0',0),(52473,2,16,29,'0',0),(52474,2,16,31,'0',0),(52475,2,16,52,'0',0),(52476,2,16,11,'0',0),(52477,2,16,30,'0',0),(52478,2,16,27,'0',0),(52479,2,16,33,'0',0),(52480,2,16,32,'0',0),(52481,2,16,43,'0',0),(52482,2,16,44,'',NULL),(52483,2,16,45,'',NULL),(52484,2,16,46,'',NULL),(52485,2,16,47,'100',100),(52486,2,16,48,'',NULL),(52487,2,16,49,'',NULL),(52488,2,16,50,'',NULL),(52489,2,16,51,'',NULL),(52490,2,16,9,'0',0),(52491,2,16,12,'',NULL),(52492,2,16,42,'0',0),(52493,1,15,10,'Round towers',NULL),(52494,1,15,78,'',NULL),(52495,1,15,8,'Lorem ipsum dolor sit amet, consectetur adipiscing elit. Sed vulputate \r\nnec neque gravida rhoncus. Donec sit amet blandit mauris, sed bibendum \r\nrisus. Cras ut urna semper, facilisis augue sed, imperdiet nulla. Duis \r\ntristique tellus tortor, dapibus gravida sem sodales id. Nullam quis \r\nconvallis libero, vitae pulvinar nisi 9.',NULL),(52496,1,15,17,'<p>\r\nLorem ipsum dolor sit amet, consectetur adipiscing elit. Sed vulputate \r\nnec neque gravida rhoncus. Donec sit amet blandit mauris, sed bibendum \r\nrisus. Cras ut urna semper, facilisis augue sed, imperdiet nulla. Duis \r\ntristique tellus tortor, dapibus gravida sem sodales id. Nullam quis \r\nconvallis libero, vitae pulvinar nisi.</p><p><span style=\"font-weight: bold;\">Nam eget est facilisis, porta mi \r\nac, ultricies enim. Proin nisi diam, eleifend ac eleifend in, dapibus in\r\n orci. Vestibulum elementum lectus non nisl venenatis, tempus molestie \r\nnisi tempus. Pellentesque facilisis nibh nec purus blandit, id aliquam \r\nlorem fermentum.\r\n</span></p>\r\n<p>\r\n<span style=\"font-style: italic;\">Ut erat lacus, sagittis ac leo eu, molestie mattis libero. Nam sit amet \r\nmassa et magna porttitor eleifend a aliquam nunc. Pellentesque a est a \r\naugue dignissim tristique eu nec augue. Integer pretium sollicitudin \r\ntellus, quis hendrerit nunc accumsan et. Fusce bibendum a neque vel \r\nfringilla. Vivamus viverra enim at purus gravida, in elementum neque \r\neleifend. Curabitur sodales dapibus urna, at mattis lacus eleifend non. \r\nDonec ultricies porta orci eu congue. Nulla sodales arcu a libero \r\naliquet, nec aliquam ante sagittis.</span></p>',NULL),(52497,1,15,38,'empty',NULL),(52498,1,15,6,'house',NULL),(52499,1,15,56,'',NULL),(52500,1,15,76,'',NULL),(52501,1,15,64,'United States - Nebraska -',NULL),(52502,1,15,1,'0',0),(52503,1,15,4,'Sale',NULL),(52504,1,15,2,'House',NULL),(52505,1,15,5,'ZagrebaÄka',NULL),(52506,1,15,7,'Vrbovec',NULL),(52507,1,15,40,'',NULL),(52508,1,15,3,'Less than 50m2',NULL),(52509,1,15,57,'49',49),(52510,1,15,39,'-',NULL),(52511,1,15,19,'2',2),(52512,1,15,20,'2',2),(52513,1,15,58,'5',5),(52514,1,15,36,'',NULL),(52515,1,15,55,'',NULL),(52516,1,15,37,'',NULL),(52517,1,15,54,'Agent',NULL),(52518,1,15,53,'',NULL),(52519,1,15,59,'30',30),(52520,1,15,60,'10',10),(52521,1,15,77,'<li><span style=\"margin-left: 0px; left: 0px;\" class=\"vertical\"></span><span style=\"width: 0px; margin-left: 0px; left: 0px;\" class=\"horizontal\"></span><span style=\"margin-left: 0px; left: 0px;\" class=\"vertical\"></span><span style=\"width: 0px; margin-left: 0px; left: 0px;\" class=\"horizontal\"></span><span style=\"margin-left: 0px; left: 0px;\" class=\"vertical\"></span><span style=\"width: 0px; margin-left: 0px; left: 0px;\" class=\"horizontal\"></span><span style=\"margin-left: 0px; left: 0px;\" class=\"vertical\"></span><span style=\"width: 0px; margin-left: 0px; left: 0px;\" class=\"horizontal\"></span><span style=\"margin-left: 0px; left: 0px;\" class=\"vertical\"></span><span style=\"width: 0px; margin-left: 0px; left: 0px;\" class=\"horizontal\"></span><div class=\"ui-droppable ui-draggable\" id=\"1\"><span class=\"add_action\" title=\"Click for Add\"></span><span class=\"delete_action\" title=\"Click for Delete\"></span><span class=\"edit_action\" title=\"Click for Edit\"></span><span class=\"add_action\" title=\"Click for Add\"></span><span class=\"delete_action\" title=\"Click for Delete\"></span><span class=\"edit_action\" title=\"Click for Edit\"></span><span class=\"add_action\" title=\"Click for Add\"></span><span class=\"delete_action\" title=\"Click for Delete\"></span><span class=\"edit_action\" title=\"Click for Edit\"></span><span class=\"add_action\" title=\"Click for Add\"></span><span class=\"delete_action\" title=\"Click for Delete\"></span><span class=\"edit_action\" title=\"Click for Edit\"></span><span class=\"add_action\" title=\"Click for Add\"></span><span class=\"delete_action\" title=\"Click for Delete\"></span><span class=\"edit_action\" title=\"Click for Edit\"></span><span class=\"first_name\">1</span></div></li>',NULL),(52522,1,15,66,'0',0),(52523,1,15,67,'',NULL),(52524,1,15,68,'',NULL),(52525,1,15,69,'',NULL),(52526,1,15,70,'',NULL),(52527,1,15,71,'',NULL),(52528,1,15,72,'',NULL),(52529,1,15,73,'',NULL),(52530,1,15,21,'0',0),(52531,1,15,22,'true',NULL),(52532,1,15,23,'true',NULL),(52533,1,15,24,'true',NULL),(52534,1,15,25,'0',0),(52535,1,15,28,'0',0),(52536,1,15,29,'0',0),(52537,1,15,31,'0',0),(52538,1,15,52,'0',0),(52539,1,15,11,'true',NULL),(52540,1,15,30,'0',0),(52541,1,15,27,'0',0),(52542,1,15,33,'true',NULL),(52543,1,15,32,'true',NULL),(52544,1,15,43,'0',0),(52545,1,15,44,'200',200),(52546,1,15,45,'200',200),(52547,1,15,46,'200',200),(52548,1,15,47,'',NULL),(52549,1,15,48,'',NULL),(52550,1,15,49,'',NULL),(52551,1,15,50,'',NULL),(52552,1,15,51,'',NULL),(52553,1,15,9,'0',0),(52554,1,15,12,'',NULL),(52555,1,15,42,'0',0),(52556,2,15,10,'Okrugle kule',NULL),(52557,2,15,78,'',NULL),(52558,2,15,8,'Lorem ipsum dolor sit amet, consectetur adipiscing elit. Sed vulputate \r\nnec neque gravida rhoncus. Donec sit amet blandit mauris, sed bibendum \r\nrisus. Cras ut urna semper, facilisis augue sed, imperdiet nulla. Duis \r\ntristique tellus tortor, dapibus gravida sem sodales id. Nullam quis \r\nconvallis libero, vitae pulvinar nisi.',NULL),(52559,2,15,17,'<p>\r\nLorem ipsum dolor sit amet, consectetur adipiscing elit. Sed vulputate \r\nnec neque gravida rhoncus. Donec sit amet blandit mauris, sed bibendum \r\nrisus. Cras ut urna semper, facilisis augue sed, imperdiet nulla. Duis \r\ntristique tellus tortor, dapibus gravida sem sodales id. Nullam quis \r\nconvallis libero, vitae pulvinar nisi.</p><p><span style=\"font-weight: bold;\">Nam eget est facilisis, porta mi \r\nac, ultricies enim. Proin nisi diam, eleifend ac eleifend in, dapibus in\r\n orci. Vestibulum elementum lectus non nisl venenatis, tempus molestie \r\nnisi tempus. Pellentesque facilisis nibh nec purus blandit, id aliquam \r\nlorem fermentum.\r\n</span></p>\r\n<p>\r\n<span style=\"font-style: italic;\">Ut erat lacus, sagittis ac leo eu, molestie mattis libero. Nam sit amet \r\nmassa et magna porttitor eleifend a aliquam nunc. Pellentesque a est a \r\naugue dignissim tristique eu nec augue. Integer pretium sollicitudin \r\ntellus, quis hendrerit nunc accumsan et. Fusce bibendum a neque vel \r\nfringilla. Vivamus viverra enim at purus gravida, in elementum neque \r\neleifend. Curabitur sodales dapibus urna, at mattis lacus eleifend non. \r\nDonec ultricies porta orci eu congue. Nulla sodales arcu a libero \r\naliquet, nec aliquam ante sagittis.</span></p>',NULL),(52560,2,15,38,'empty',NULL),(52561,2,15,6,'house',NULL),(52562,2,15,56,'',NULL),(52563,2,15,76,'',NULL),(52564,2,15,64,'United States - Nebraska -',NULL),(52565,2,15,1,'0',0),(52566,2,15,4,'Prodaja',NULL),(52567,2,15,2,'Stan',NULL),(52568,2,15,5,'ZagrebaÄka',NULL),(52569,2,15,7,'Vrbovec',NULL),(52570,2,15,40,'',NULL),(52571,2,15,3,'ViÅ¡e od 100m2',NULL),(52572,2,15,57,'49',49),(52573,2,15,39,'-',NULL),(52574,2,15,19,'2',2),(52575,2,15,20,'2',2),(52576,2,15,58,'5',5),(52577,2,15,36,'',NULL),(52578,2,15,55,'',NULL),(52579,2,15,37,'',NULL),(52580,2,15,54,'Agent',NULL),(52581,2,15,53,'',NULL),(52582,2,15,59,'',NULL),(52583,2,15,60,'',NULL),(52584,2,15,77,'<li><span style=\"margin-left: 20px; left: 20.8333px;\" class=\"vertical\"></span><span style=\"width: 0px; margin-left: 20px; left: 20.8333px;\" class=\"horizontal\"></span><span style=\"margin-left: 20px; left: 20.8333px;\" class=\"vertical\"></span><span style=\"width: 0px; margin-left: 20px; left: 20.8333px;\" class=\"horizontal\"></span><span style=\"margin-left: 20px; left: 20.8333px;\" class=\"vertical\"></span><span style=\"width: 0px; margin-left: 20px; left: 20.8333px;\" class=\"horizontal\"></span><span style=\"margin-left: 20px; left: 20.8333px;\" class=\"vertical\"></span><span style=\"width: 0px; margin-left: 20px; left: 20.8333px;\" class=\"horizontal\"></span><span style=\"margin-left: 20px; left: 20.8333px;\" class=\"vertical\"></span><span style=\"width: 0px; margin-left: 20px; left: 20.8333px;\" class=\"horizontal\"></span><div class=\"ui-droppable ui-draggable\" id=\"2\"><span class=\"add_action\" title=\"Click for Add\"></span><span class=\"delete_action\" title=\"Click for Delete\"></span><span class=\"edit_action\" title=\"Click for Edit\"></span><span class=\"add_action\" title=\"Click for Add\"></span><span class=\"delete_action\" title=\"Click for Delete\"></span><span class=\"edit_action\" title=\"Click for Edit\"></span><span class=\"add_action\" title=\"Click for Add\"></span><span class=\"delete_action\" title=\"Click for Delete\"></span><span class=\"edit_action\" title=\"Click for Edit\"></span><span class=\"add_action\" title=\"Click for Add\"></span><span class=\"delete_action\" title=\"Click for Delete\"></span><span class=\"edit_action\" title=\"Click for Edit\"></span><span class=\"add_action\" title=\"Click for Add\"></span><span class=\"delete_action\" title=\"Click for Delete\"></span><span class=\"edit_action\" title=\"Click for Edit\"></span><span class=\"first_name\">1</span></div></li>',NULL),(52585,2,15,66,'0',0),(52586,2,15,67,'',NULL),(52587,2,15,68,'',NULL),(52588,2,15,69,'',NULL),(52589,2,15,70,'',NULL),(52590,2,15,71,'',NULL),(52591,2,15,72,'',NULL),(52592,2,15,73,'',NULL),(52593,2,15,21,'0',0),(52594,2,15,22,'true',NULL),(52595,2,15,23,'true',NULL),(52596,2,15,24,'true',NULL),(52597,2,15,25,'0',0),(52598,2,15,28,'0',0),(52599,2,15,29,'0',0),(52600,2,15,31,'0',0),(52601,2,15,52,'0',0),(52602,2,15,11,'true',NULL),(52603,2,15,30,'0',0),(52604,2,15,27,'0',0),(52605,2,15,33,'true',NULL),(52606,2,15,32,'true',NULL),(52607,2,15,43,'0',0),(52608,2,15,44,'200',200),(52609,2,15,45,'200',200),(52610,2,15,46,'200',200),(52611,2,15,47,'',NULL),(52612,2,15,48,'',NULL),(52613,2,15,49,'',NULL),(52614,2,15,50,'',NULL),(52615,2,15,51,'',NULL),(52616,2,15,9,'0',0),(52617,2,15,12,'',NULL),(52618,2,15,42,'0',0),(52619,1,13,10,'Yellow wood',NULL),(52620,1,13,8,'Lorem ipsum dolor sit amet, consectetur adipiscing elit. Sed vulputate \r\nnec neque gravida rhoncus. Donec sit amet blandit mauris, sed bibendum \r\nrisus. Cras ut urna semper, facilisis augue sed, imperdiet nulla. Duis \r\ntristique tellus tortor, dapibus gravida sem sodales id. Nullam quis \r\nconvallis libero, vitae pulvinar nisi.',NULL),(52621,1,13,17,'<p>\r\nLorem ipsum dolor sit amet, consectetur adipiscing elit. Sed vulputate \r\nnec neque gravida rhoncus. Donec sit amet blandit mauris, sed bibendum \r\nrisus. Cras ut urna semper, facilisis augue sed, imperdiet nulla. Duis \r\ntristique tellus tortor, dapibus gravida sem sodales id. Nullam quis \r\nconvallis libero, vitae pulvinar nisi.</p><p><span style=\"font-weight: bold;\">Nam eget est facilisis, porta mi \r\nac, ultricies enim. Proin nisi diam, eleifend ac eleifend in, dapibus in\r\n orci. Vestibulum elementum lectus non nisl venenatis, tempus molestie \r\nnisi tempus. Pellentesque facilisis nibh nec purus blandit, id aliquam \r\nlorem fermentum.\r\n</span></p>\r\n<p>\r\n<span style=\"font-style: italic;\">Ut erat lacus, sagittis ac leo eu, molestie mattis libero. Nam sit amet \r\nmassa et magna porttitor eleifend a aliquam nunc. Pellentesque a est a \r\naugue dignissim tristique eu nec augue. Integer pretium sollicitudin \r\ntellus, quis hendrerit nunc accumsan et. Fusce bibendum a neque vel \r\nfringilla. Vivamus viverra enim at purus gravida, in elementum neque \r\neleifend. Curabitur sodales dapibus urna, at mattis lacus eleifend non. \r\nDonec ultricies porta orci eu congue. Nulla sodales arcu a libero \r\naliquet, nec aliquam ante sagittis.</span></p>',NULL),(52622,1,13,38,'empty',NULL),(52623,1,13,6,'house',NULL),(52624,1,13,56,'',NULL),(52625,1,13,1,'0',0),(52626,1,13,4,'Sale',NULL),(52627,1,13,2,'House',NULL),(52628,1,13,5,'ZagrebaÄka',NULL),(52629,1,13,7,'Sesvete',NULL),(52630,1,13,40,'',NULL),(52631,1,13,64,'United States - Kentucky -',NULL),(52632,1,13,3,'50-100m2',NULL),(52633,1,13,57,'90',90),(52634,1,13,39,'-',NULL),(52635,1,13,19,'1',1),(52636,1,13,20,'1',1),(52637,1,13,58,'9',9),(52638,1,13,36,'',NULL),(52639,1,13,55,'',NULL),(52640,1,13,37,'',NULL),(52641,1,13,54,'Agent',NULL),(52642,1,13,53,'',NULL),(52643,1,13,59,'200',200),(52644,1,13,60,'50',50),(52645,1,13,66,'0',0),(52646,1,13,67,'',NULL),(52647,1,13,68,'',NULL),(52648,1,13,69,'',NULL),(52649,1,13,70,'',NULL),(52650,1,13,71,'',NULL),(52651,1,13,72,'',NULL),(52652,1,13,73,'',NULL),(52653,1,13,21,'0',0),(52654,1,13,22,'true',NULL),(52655,1,13,23,'true',NULL),(52656,1,13,24,'true',NULL),(52657,1,13,25,'true',NULL),(52658,1,13,28,'0',0),(52659,1,13,29,'0',0),(52660,1,13,31,'0',0),(52661,1,13,52,'0',0),(52662,1,13,11,'true',NULL),(52663,1,13,30,'0',0),(52664,1,13,27,'0',0),(52665,1,13,33,'0',0),(52666,1,13,32,'0',0),(52667,1,13,43,'0',0),(52668,1,13,44,'',NULL),(52669,1,13,45,'',NULL),(52670,1,13,46,'',NULL),(52671,1,13,47,'',NULL),(52672,1,13,48,'',NULL),(52673,1,13,49,'300',300),(52674,1,13,50,'300',300),(52675,1,13,51,'300',300),(52676,1,13,9,'0',0),(52677,1,13,12,'',NULL),(52678,1,13,42,'0',0),(52679,2,13,10,'Å½uto drvo',NULL),(52680,2,13,8,'Lorem ipsum dolor sit amet, consectetur adipiscing elit. Sed vulputate \r\nnec neque gravida rhoncus. Donec sit amet blandit mauris, sed bibendum \r\nrisus. Cras ut urna semper, facilisis augue sed, imperdiet nulla. Duis \r\ntristique tellus tortor, dapibus gravida sem sodales id. Nullam quis \r\nconvallis libero, vitae pulvinar nisi.',NULL),(52681,2,13,17,'<p>\r\nLorem ipsum dolor sit amet, consectetur adipiscing elit. Sed vulputate \r\nnec neque gravida rhoncus. Donec sit amet blandit mauris, sed bibendum \r\nrisus. Cras ut urna semper, facilisis augue sed, imperdiet nulla. Duis \r\ntristique tellus tortor, dapibus gravida sem sodales id. Nullam quis \r\nconvallis libero, vitae pulvinar nisi.</p><p><span style=\"font-weight: bold;\">Nam eget est facilisis, porta mi \r\nac, ultricies enim. Proin nisi diam, eleifend ac eleifend in, dapibus in\r\n orci. Vestibulum elementum lectus non nisl venenatis, tempus molestie \r\nnisi tempus. Pellentesque facilisis nibh nec purus blandit, id aliquam \r\nlorem fermentum.\r\n</span></p>\r\n<p>\r\n<span style=\"font-style: italic;\">Ut erat lacus, sagittis ac leo eu, molestie mattis libero. Nam sit amet \r\nmassa et magna porttitor eleifend a aliquam nunc. Pellentesque a est a \r\naugue dignissim tristique eu nec augue. Integer pretium sollicitudin \r\ntellus, quis hendrerit nunc accumsan et. Fusce bibendum a neque vel \r\nfringilla. Vivamus viverra enim at purus gravida, in elementum neque \r\neleifend. Curabitur sodales dapibus urna, at mattis lacus eleifend non. \r\nDonec ultricies porta orci eu congue. Nulla sodales arcu a libero \r\naliquet, nec aliquam ante sagittis.</span></p>',NULL),(52682,2,13,38,'empty',NULL),(52683,2,13,6,'house',NULL),(52684,2,13,56,'',NULL),(52685,2,13,1,'0',0),(52686,2,13,4,'Prodaja',NULL),(52687,2,13,2,'KuÄ‡a',NULL),(52688,2,13,5,'ZagrebaÄka',NULL),(52689,2,13,7,'Sesvete',NULL),(52690,2,13,40,'',NULL),(52691,2,13,64,'United States - Kentucky -',NULL),(52692,2,13,3,'50-100m2',NULL),(52693,2,13,57,'90',90),(52694,2,13,39,'-',NULL),(52695,2,13,19,'1',1),(52696,2,13,20,'1',1),(52697,2,13,58,'9',9),(52698,2,13,36,'',NULL),(52699,2,13,55,'',NULL),(52700,2,13,37,'',NULL),(52701,2,13,54,'Agent',NULL),(52702,2,13,53,'',NULL),(52703,2,13,59,'200',200),(52704,2,13,60,'50',50),(52705,2,13,66,'0',0),(52706,2,13,67,'',NULL),(52707,2,13,68,'',NULL),(52708,2,13,69,'',NULL),(52709,2,13,70,'',NULL),(52710,2,13,71,'',NULL),(52711,2,13,72,'',NULL),(52712,2,13,73,'',NULL),(52713,2,13,21,'0',0),(52714,2,13,22,'true',NULL),(52715,2,13,23,'true',NULL),(52716,2,13,24,'true',NULL),(52717,2,13,25,'true',NULL),(52718,2,13,28,'0',0),(52719,2,13,29,'0',0),(52720,2,13,31,'0',0),(52721,2,13,52,'0',0),(52722,2,13,11,'true',NULL),(52723,2,13,30,'0',0),(52724,2,13,27,'0',0),(52725,2,13,33,'0',0),(52726,2,13,32,'0',0),(52727,2,13,43,'0',0),(52728,2,13,44,'',NULL),(52729,2,13,45,'',NULL),(52730,2,13,46,'',NULL),(52731,2,13,47,'',NULL),(52732,2,13,48,'',NULL),(52733,2,13,49,'300',300),(52734,2,13,50,'300',300),(52735,2,13,51,'300',300),(52736,2,13,9,'0',0),(52737,2,13,12,'',NULL),(52738,2,13,42,'0',0),(52739,1,11,10,'Sky apartment',NULL),(52740,1,11,8,'Lorem ipsum dolor sit amet, consectetur adipiscing elit. Sed vulputate \r\nnec neque gravida rhoncus. Donec sit amet blandit mauris, sed bibendum \r\nrisus. Cras ut urna semper, facilisis augue sed, imperdiet nulla. Duis \r\ntristique tellus tortor, dapibus gravida sem sodales id. Nullam quis \r\nconvallis libero, vitae pulvinar nisi.',NULL),(52741,1,11,17,'<p>\r\nLorem ipsum dolor sit amet, consectetur adipiscing elit. Sed vulputate \r\nnec neque gravida rhoncus. Donec sit amet blandit mauris, sed bibendum \r\nrisus. Cras ut urna semper, facilisis augue sed, imperdiet nulla. Duis \r\ntristique tellus tortor, dapibus gravida sem sodales id. Nullam quis \r\nconvallis libero, vitae pulvinar nisi.</p><p><span style=\"font-weight: bold;\">Nam eget est facilisis, porta mi \r\nac, ultricies enim. Proin nisi diam, eleifend ac eleifend in, dapibus in\r\n orci. Vestibulum elementum lectus non nisl venenatis, tempus molestie \r\nnisi tempus. Pellentesque facilisis nibh nec purus blandit, id aliquam \r\nlorem fermentum.\r\n</span></p>\r\n<p>\r\n<span style=\"font-style: italic;\">Ut erat lacus, sagittis ac leo eu, molestie mattis libero. Nam sit amet \r\nmassa et magna porttitor eleifend a aliquam nunc. Pellentesque a est a \r\naugue dignissim tristique eu nec augue. Integer pretium sollicitudin \r\ntellus, quis hendrerit nunc accumsan et. Fusce bibendum a neque vel \r\nfringilla. Vivamus viverra enim at purus gravida, in elementum neque \r\neleifend. Curabitur sodales dapibus urna, at mattis lacus eleifend non. \r\nDonec ultricies porta orci eu congue. Nulla sodales arcu a libero \r\naliquet, nec aliquam ante sagittis.</span></p>',NULL),(52742,1,11,38,'empty',NULL),(52743,1,11,6,'apartment',NULL),(52744,1,11,56,'',NULL),(52745,1,11,1,'0',0),(52746,1,11,4,'Sale',NULL),(52747,1,11,2,'Apartment',NULL),(52748,1,11,5,'VaraÅ¾dinska',NULL),(52749,1,11,7,'Ivanec',NULL),(52750,1,11,40,'',NULL),(52751,1,11,64,'United States - Alabama -',NULL),(52752,1,11,3,'50-100m2',NULL),(52753,1,11,57,'70',70),(52754,1,11,39,'-',NULL),(52755,1,11,19,'1',1),(52756,1,11,20,'2',2),(52757,1,11,58,'7',7),(52758,1,11,36,'',NULL),(52759,1,11,55,'',NULL),(52760,1,11,37,'',NULL),(52761,1,11,54,'Agent',NULL),(52762,1,11,53,'',NULL),(52763,1,11,59,'200',200),(52764,1,11,60,'30',30),(52765,1,11,66,'0',0),(52766,1,11,67,'',NULL),(52767,1,11,68,'',NULL),(52768,1,11,69,'',NULL),(52769,1,11,70,'',NULL),(52770,1,11,71,'',NULL),(52771,1,11,72,'',NULL),(52772,1,11,73,'',NULL),(52773,1,11,21,'0',0),(52774,1,11,22,'0',0),(52775,1,11,23,'0',0),(52776,1,11,24,'0',0),(52777,1,11,25,'0',0),(52778,1,11,28,'true',NULL),(52779,1,11,29,'0',0),(52780,1,11,31,'0',0),(52781,1,11,52,'0',0),(52782,1,11,11,'true',NULL),(52783,1,11,30,'0',0),(52784,1,11,27,'true',NULL),(52785,1,11,33,'true',NULL),(52786,1,11,32,'0',0),(52787,1,11,43,'0',0),(52788,1,11,44,'',NULL),(52789,1,11,45,'',NULL),(52790,1,11,46,'1200',1200),(52791,1,11,47,'1200',1200),(52792,1,11,48,'',NULL),(52793,1,11,49,'',NULL),(52794,1,11,50,'',NULL),(52795,1,11,51,'',NULL),(52796,1,11,9,'0',0),(52797,1,11,12,'',NULL),(52798,1,11,42,'0',0),(52799,2,11,10,'Sky apartman',NULL),(52800,2,11,8,'Lorem ipsum dolor sit amet, consectetur adipiscing elit. Sed vulputate \r\nnec neque gravida rhoncus. Donec sit amet blandit mauris, sed bibendum \r\nrisus. Cras ut urna semper, facilisis augue sed, imperdiet nulla. Duis \r\ntristique tellus tortor, dapibus gravida sem sodales id. Nullam quis \r\nconvallis libero, vitae pulvinar nisi.',NULL),(52801,2,11,17,'<p>\r\nLorem ipsum dolor sit amet, consectetur adipiscing elit. Sed vulputate \r\nnec neque gravida rhoncus. Donec sit amet blandit mauris, sed bibendum \r\nrisus. Cras ut urna semper, facilisis augue sed, imperdiet nulla. Duis \r\ntristique tellus tortor, dapibus gravida sem sodales id. Nullam quis \r\nconvallis libero, vitae pulvinar nisi.</p><p><span style=\"font-weight: bold;\">Nam eget est facilisis, porta mi \r\nac, ultricies enim. Proin nisi diam, eleifend ac eleifend in, dapibus in\r\n orci. Vestibulum elementum lectus non nisl venenatis, tempus molestie \r\nnisi tempus. Pellentesque facilisis nibh nec purus blandit, id aliquam \r\nlorem fermentum.\r\n</span></p>\r\n<p>\r\n<span style=\"font-style: italic;\">Ut erat lacus, sagittis ac leo eu, molestie mattis libero. Nam sit amet \r\nmassa et magna porttitor eleifend a aliquam nunc. Pellentesque a est a \r\naugue dignissim tristique eu nec augue. Integer pretium sollicitudin \r\ntellus, quis hendrerit nunc accumsan et. Fusce bibendum a neque vel \r\nfringilla. Vivamus viverra enim at purus gravida, in elementum neque \r\neleifend. Curabitur sodales dapibus urna, at mattis lacus eleifend non. \r\nDonec ultricies porta orci eu congue. Nulla sodales arcu a libero \r\naliquet, nec aliquam ante sagittis.</span></p>',NULL),(52802,2,11,38,'empty',NULL),(52803,2,11,6,'apartment',NULL),(52804,2,11,56,'',NULL),(52805,2,11,1,'0',0),(52806,2,11,4,'Prodaja',NULL),(52807,2,11,2,'Stan',NULL),(52808,2,11,5,'VaraÅ¾dinska',NULL),(52809,2,11,7,'Ivanec',NULL),(52810,2,11,40,'',NULL),(52811,2,11,64,'United States - Alabama -',NULL),(52812,2,11,3,'50-100m2',NULL),(52813,2,11,57,'70',70),(52814,2,11,39,'-',NULL),(52815,2,11,19,'1',1),(52816,2,11,20,'2',2),(52817,2,11,58,'7',7),(52818,2,11,36,'',NULL),(52819,2,11,55,'',NULL),(52820,2,11,37,'',NULL),(52821,2,11,54,'Agent',NULL),(52822,2,11,53,'',NULL),(52823,2,11,59,'',NULL),(52824,2,11,60,'',NULL),(52825,2,11,66,'0',0),(52826,2,11,67,'',NULL),(52827,2,11,68,'',NULL),(52828,2,11,69,'',NULL),(52829,2,11,70,'',NULL),(52830,2,11,71,'',NULL),(52831,2,11,72,'',NULL),(52832,2,11,73,'',NULL),(52833,2,11,21,'0',0),(52834,2,11,22,'0',0),(52835,2,11,23,'0',0),(52836,2,11,24,'0',0),(52837,2,11,25,'0',0),(52838,2,11,28,'true',NULL),(52839,2,11,29,'0',0),(52840,2,11,31,'0',0),(52841,2,11,52,'0',0),(52842,2,11,11,'true',NULL),(52843,2,11,30,'0',0),(52844,2,11,27,'true',NULL),(52845,2,11,33,'true',NULL),(52846,2,11,32,'0',0),(52847,2,11,43,'0',0),(52848,2,11,44,'',NULL),(52849,2,11,45,'',NULL),(52850,2,11,46,'1200',1200),(52851,2,11,47,'1200',1200),(52852,2,11,48,'',NULL),(52853,2,11,49,'',NULL),(52854,2,11,50,'',NULL),(52855,2,11,51,'',NULL),(52856,2,11,9,'0',0),(52857,2,11,12,'',NULL),(52858,2,11,42,'0',0),(52859,1,10,10,'Lux apartment',NULL),(52860,1,10,8,'Lorem ipsum dolor sit amet, consectetur adipiscing elit. Sed vulputate \r\nnec neque gravida rhoncus. Donec sit amet blandit mauris, sed bibendum \r\nrisus. Cras ut urna semper, facilisis augue sed, imperdiet nulla. Duis \r\ntristique tellus tortor, dapibus gravida sem sodales id. Nullam quis \r\nconvallis libero, vitae pulvinar nisi.',NULL),(52861,1,10,17,'<p>\r\nLorem ipsum dolor sit amet, consectetur adipiscing elit. Sed vulputate \r\nnec neque gravida rhoncus. Donec sit amet blandit mauris, sed bibendum \r\nrisus. Cras ut urna semper, facilisis augue sed, imperdiet nulla. Duis \r\ntristique tellus tortor, dapibus gravida sem sodales id. Nullam quis \r\nconvallis libero, vitae pulvinar nisi.</p><p><span style=\"font-weight: bold;\">Nam eget est facilisis, porta mi \r\nac, ultricies enim. Proin nisi diam, eleifend ac eleifend in, dapibus in\r\n orci. Vestibulum elementum lectus non nisl venenatis, tempus molestie \r\nnisi tempus. Pellentesque facilisis nibh nec purus blandit, id aliquam \r\nlorem fermentum.\r\n</span></p>\r\n<p>\r\n<span style=\"font-style: italic;\">Ut erat lacus, sagittis ac leo eu, molestie mattis libero. Nam sit amet \r\nmassa et magna porttitor eleifend a aliquam nunc. Pellentesque a est a \r\naugue dignissim tristique eu nec augue. Integer pretium sollicitudin \r\ntellus, quis hendrerit nunc accumsan et. Fusce bibendum a neque vel \r\nfringilla. Vivamus viverra enim at purus gravida, in elementum neque \r\neleifend. Curabitur sodales dapibus urna, at mattis lacus eleifend non. \r\nDonec ultricies porta orci eu congue. Nulla sodales arcu a libero \r\naliquet, nec aliquam ante sagittis.</span></p>',NULL),(52862,1,10,38,'action',NULL),(52863,1,10,6,'apartment',NULL),(52864,1,10,56,'',NULL),(52865,1,10,1,'0',0),(52866,1,10,4,'Sale',NULL),(52867,1,10,2,'Apartment',NULL),(52868,1,10,5,'KriÅ¾evci',NULL),(52869,1,10,7,'Cubinec',NULL),(52870,1,10,40,'',NULL),(52871,1,10,64,'United States - Rhode Island -',NULL),(52872,1,10,3,'Less than 50m2',NULL),(52873,1,10,57,'44',44),(52874,1,10,39,'-',NULL),(52875,1,10,19,'1',1),(52876,1,10,20,'1',1),(52877,1,10,58,'4',4),(52878,1,10,36,'',NULL),(52879,1,10,55,'',NULL),(52880,1,10,37,'',NULL),(52881,1,10,54,'Agent',NULL),(52882,1,10,53,'',NULL),(52883,1,10,59,'500',500),(52884,1,10,60,'200',200),(52885,1,10,66,'0',0),(52886,1,10,67,'',NULL),(52887,1,10,68,'',NULL),(52888,1,10,69,'',NULL),(52889,1,10,70,'',NULL),(52890,1,10,71,'',NULL),(52891,1,10,72,'',NULL),(52892,1,10,73,'',NULL),(52893,1,10,21,'0',0),(52894,1,10,22,'true',NULL),(52895,1,10,23,'true',NULL),(52896,1,10,24,'true',NULL),(52897,1,10,25,'true',NULL),(52898,1,10,28,'true',NULL),(52899,1,10,29,'true',NULL),(52900,1,10,31,'true',NULL),(52901,1,10,52,'0',0),(52902,1,10,11,'0',0),(52903,1,10,30,'true',NULL),(52904,1,10,27,'0',0),(52905,1,10,33,'0',0),(52906,1,10,32,'true',NULL),(52907,1,10,43,'0',0),(52908,1,10,44,'',NULL),(52909,1,10,45,'1200',1200),(52910,1,10,46,'',NULL),(52911,1,10,47,'',NULL),(52912,1,10,48,'',NULL),(52913,1,10,49,'',NULL),(52914,1,10,50,'',NULL),(52915,1,10,51,'',NULL),(52916,1,10,9,'0',0),(52917,1,10,12,'',NULL),(52918,1,10,42,'0',0),(52919,2,10,10,'Lux apartman',NULL),(52920,2,10,8,'Lorem ipsum dolor sit amet, consectetur adipiscing elit. Sed vulputate \r\nnec neque gravida rhoncus. Donec sit amet blandit mauris, sed bibendum \r\nrisus. Cras ut urna semper, facilisis augue sed, imperdiet nulla. Duis \r\ntristique tellus tortor, dapibus gravida sem sodales id. Nullam quis \r\nconvallis libero, vitae pulvinar nisi.',NULL),(52921,2,10,17,'<p>\r\nLorem ipsum dolor sit amet, consectetur adipiscing elit. Sed vulputate \r\nnec neque gravida rhoncus. Donec sit amet blandit mauris, sed bibendum \r\nrisus. Cras ut urna semper, facilisis augue sed, imperdiet nulla. Duis \r\ntristique tellus tortor, dapibus gravida sem sodales id. Nullam quis \r\nconvallis libero, vitae pulvinar nisi.</p><p><span style=\"font-weight: bold;\">Nam eget est facilisis, porta mi \r\nac, ultricies enim. Proin nisi diam, eleifend ac eleifend in, dapibus in\r\n orci. Vestibulum elementum lectus non nisl venenatis, tempus molestie \r\nnisi tempus. Pellentesque facilisis nibh nec purus blandit, id aliquam \r\nlorem fermentum.\r\n</span></p>\r\n<p>\r\n<span style=\"font-style: italic;\">Ut erat lacus, sagittis ac leo eu, molestie mattis libero. Nam sit amet \r\nmassa et magna porttitor eleifend a aliquam nunc. Pellentesque a est a \r\naugue dignissim tristique eu nec augue. Integer pretium sollicitudin \r\ntellus, quis hendrerit nunc accumsan et. Fusce bibendum a neque vel \r\nfringilla. Vivamus viverra enim at purus gravida, in elementum neque \r\neleifend. Curabitur sodales dapibus urna, at mattis lacus eleifend non. \r\nDonec ultricies porta orci eu congue. Nulla sodales arcu a libero \r\naliquet, nec aliquam ante sagittis.</span></p>',NULL),(52922,2,10,38,'akcija',NULL),(52923,2,10,6,'apartment',NULL),(52924,2,10,56,'',NULL),(52925,2,10,1,'0',0),(52926,2,10,4,'Prodaja',NULL),(52927,2,10,2,'Stan',NULL),(52928,2,10,5,'KriÅ¾evci',NULL),(52929,2,10,7,'Cubinec',NULL),(52930,2,10,40,'',NULL),(52931,2,10,64,'United States - Rhode Island -',NULL),(52932,2,10,3,'Manje od 50m2',NULL),(52933,2,10,57,'44',44),(52934,2,10,39,'-',NULL),(52935,2,10,19,'1',1),(52936,2,10,20,'1',1),(52937,2,10,58,'4',4),(52938,2,10,36,'',NULL),(52939,2,10,55,'',NULL),(52940,2,10,37,'',NULL),(52941,2,10,54,'Agent',NULL),(52942,2,10,53,'',NULL),(52943,2,10,59,'',NULL),(52944,2,10,60,'',NULL),(52945,2,10,66,'0',0),(52946,2,10,67,'',NULL),(52947,2,10,68,'',NULL),(52948,2,10,69,'',NULL),(52949,2,10,70,'',NULL),(52950,2,10,71,'',NULL),(52951,2,10,72,'',NULL),(52952,2,10,73,'',NULL),(52953,2,10,21,'0',0),(52954,2,10,22,'true',NULL),(52955,2,10,23,'true',NULL),(52956,2,10,24,'true',NULL),(52957,2,10,25,'true',NULL),(52958,2,10,28,'true',NULL),(52959,2,10,29,'true',NULL),(52960,2,10,31,'true',NULL),(52961,2,10,52,'0',0),(52962,2,10,11,'0',0),(52963,2,10,30,'true',NULL),(52964,2,10,27,'0',0),(52965,2,10,33,'0',0),(52966,2,10,32,'true',NULL),(52967,2,10,43,'0',0),(52968,2,10,44,'',NULL),(52969,2,10,45,'1200',1200),(52970,2,10,46,'',NULL),(52971,2,10,47,'',NULL),(52972,2,10,48,'',NULL),(52973,2,10,49,'',NULL),(52974,2,10,50,'',NULL),(52975,2,10,51,'',NULL),(52976,2,10,9,'0',0),(52977,2,10,12,'',NULL),(52978,2,10,42,'0',0),(52979,1,9,10,'Jezero restaurant',NULL),(52980,1,9,8,'Lorem ipsum dolor sit amet, consectetur adipiscing elit. Sed vulputate \r\nnec neque gravida rhoncus. Donec sit amet blandit mauris, sed bibendum \r\nrisus. Cras ut urna semper, facilisis augue sed, imperdiet nulla. Duis \r\ntristique tellus tortor, dapibus gravida sem sodales id. Nullam quis \r\nconvallis libero, vitae pulvinar nisi.',NULL),(52981,1,9,17,'<p>\r\nLorem ipsum dolor sit amet, consectetur adipiscing elit. Sed vulputate \r\nnec neque gravida rhoncus. Donec sit amet blandit mauris, sed bibendum \r\nrisus. Cras ut urna semper, facilisis augue sed, imperdiet nulla. Duis \r\ntristique tellus tortor, dapibus gravida sem sodales id. Nullam quis \r\nconvallis libero, vitae pulvinar nisi.</p><p><span style=\"font-weight: bold;\">Nam eget est facilisis, porta mi \r\nac, ultricies enim. Proin nisi diam, eleifend ac eleifend in, dapibus in\r\n orci. Vestibulum elementum lectus non nisl venenatis, tempus molestie \r\nnisi tempus. Pellentesque facilisis nibh nec purus blandit, id aliquam \r\nlorem fermentum.\r\n</span></p>\r\n<p>\r\n<span style=\"font-style: italic;\">Ut erat lacus, sagittis ac leo eu, molestie mattis libero. Nam sit amet \r\nmassa et magna porttitor eleifend a aliquam nunc. Pellentesque a est a \r\naugue dignissim tristique eu nec augue. Integer pretium sollicitudin \r\ntellus, quis hendrerit nunc accumsan et. Fusce bibendum a neque vel \r\nfringilla. Vivamus viverra enim at purus gravida, in elementum neque \r\neleifend. Curabitur sodales dapibus urna, at mattis lacus eleifend non. \r\nDonec ultricies porta orci eu congue. Nulla sodales arcu a libero \r\naliquet, nec aliquam ante sagittis.</span></p>',NULL),(52982,1,9,38,'sold',NULL),(52983,1,9,6,'commercial',NULL),(52984,1,9,56,'',NULL),(52985,1,9,76,'',NULL),(52986,1,9,1,'0',0),(52987,1,9,4,'Sale',NULL),(52988,1,9,2,'Commercial property',NULL),(52989,1,9,5,'Karlovac',NULL),(52990,1,9,7,'Pisarovina',NULL),(52991,1,9,40,'',NULL),(52992,1,9,3,'50-100m2',NULL),(52993,1,9,57,'77',77),(52994,1,9,39,'-',NULL),(52995,1,9,19,'1',1),(52996,1,9,20,'0',0),(52997,1,9,58,'7',7),(52998,1,9,36,'',NULL),(52999,1,9,55,'',NULL),(53000,1,9,37,'',NULL),(53001,1,9,54,'Agent',NULL),(53002,1,9,53,'',NULL),(53003,1,9,59,'200',200),(53004,1,9,60,'40',40),(53005,1,9,77,'<li><span style=\"margin-left: 20px; left: 20.3333px;\" class=\"vertical\"></span><span style=\"width: 0px; margin-left: 20px; left: 20.3333px;\" class=\"horizontal\"></span><div id=\"1\"><span class=\"add_action\" title=\"Click for Add\"></span><span class=\"delete_action\" title=\"Click for Delete\"></span><span class=\"edit_action\" title=\"Click for Edit\"></span><span class=\"first_name\">1</span></div></li>',NULL),(53006,1,9,64,'United States - Kentucky -',NULL),(53007,1,9,66,'0',0),(53008,1,9,67,'',NULL),(53009,1,9,68,'',NULL),(53010,1,9,69,'',NULL),(53011,1,9,70,'',NULL),(53012,1,9,71,'',NULL),(53013,1,9,72,'',NULL),(53014,1,9,73,'',NULL),(53015,1,9,21,'0',0),(53016,1,9,22,'true',NULL),(53017,1,9,23,'0',0),(53018,1,9,24,'true',NULL),(53019,1,9,25,'true',NULL),(53020,1,9,28,'true',NULL),(53021,1,9,29,'true',NULL),(53022,1,9,31,'true',NULL),(53023,1,9,52,'0',0),(53024,1,9,11,'true',NULL),(53025,1,9,30,'0',0),(53026,1,9,27,'true',NULL),(53027,1,9,33,'true',NULL),(53028,1,9,32,'true',NULL),(53029,1,9,43,'0',0),(53030,1,9,44,'',NULL),(53031,1,9,45,'',NULL),(53032,1,9,46,'',NULL),(53033,1,9,47,'1500',1500),(53034,1,9,48,'1500',1500),(53035,1,9,49,'1500',1500),(53036,1,9,50,'',NULL),(53037,1,9,51,'',NULL),(53038,1,9,9,'0',0),(53039,1,9,12,'',NULL),(53040,1,9,42,'0',0),(53041,2,9,10,'Restoran jezero',NULL),(53042,2,9,8,'Lorem ipsum dolor sit amet, consectetur adipiscing elit. Sed vulputate \r\nnec neque gravida rhoncus. Donec sit amet blandit mauris, sed bibendum \r\nrisus. Cras ut urna semper, facilisis augue sed, imperdiet nulla. Duis \r\ntristique tellus tortor, dapibus gravida sem sodales id. Nullam quis \r\nconvallis libero, vitae pulvinar nisi.',NULL),(53043,2,9,17,'<p>\r\nLorem ipsum dolor sit amet, consectetur adipiscing elit. Sed vulputate \r\nnec neque gravida rhoncus. Donec sit amet blandit mauris, sed bibendum \r\nrisus. Cras ut urna semper, facilisis augue sed, imperdiet nulla. Duis \r\ntristique tellus tortor, dapibus gravida sem sodales id. Nullam quis \r\nconvallis libero, vitae pulvinar nisi.</p><p><span style=\"font-weight: bold;\">Nam eget est facilisis, porta mi \r\nac, ultricies enim. Proin nisi diam, eleifend ac eleifend in, dapibus in\r\n orci. Vestibulum elementum lectus non nisl venenatis, tempus molestie \r\nnisi tempus. Pellentesque facilisis nibh nec purus blandit, id aliquam \r\nlorem fermentum.\r\n</span></p>\r\n<p>\r\n<span style=\"font-style: italic;\">Ut erat lacus, sagittis ac leo eu, molestie mattis libero. Nam sit amet \r\nmassa et magna porttitor eleifend a aliquam nunc. Pellentesque a est a \r\naugue dignissim tristique eu nec augue. Integer pretium sollicitudin \r\ntellus, quis hendrerit nunc accumsan et. Fusce bibendum a neque vel \r\nfringilla. Vivamus viverra enim at purus gravida, in elementum neque \r\neleifend. Curabitur sodales dapibus urna, at mattis lacus eleifend non. \r\nDonec ultricies porta orci eu congue. Nulla sodales arcu a libero \r\naliquet, nec aliquam ante sagittis.</span></p>',NULL),(53044,2,9,38,'prodano',NULL),(53045,2,9,6,'commercial',NULL),(53046,2,9,56,'',NULL),(53047,2,9,76,'',NULL),(53048,2,9,1,'0',0),(53049,2,9,4,'Prodaja',NULL),(53050,2,9,2,'Poslovni prostor',NULL),(53051,2,9,5,'Karlovac',NULL),(53052,2,9,7,'Pisarovina',NULL),(53053,2,9,40,'',NULL),(53054,2,9,3,'50-100m2',NULL),(53055,2,9,57,'77',77),(53056,2,9,39,'-',NULL),(53057,2,9,19,'1',1),(53058,2,9,20,'0',0),(53059,2,9,58,'7',7),(53060,2,9,36,'',NULL),(53061,2,9,55,'',NULL),(53062,2,9,37,'',NULL),(53063,2,9,54,'Agent',NULL),(53064,2,9,53,'',NULL),(53065,2,9,59,'',NULL),(53066,2,9,60,'',NULL),(53067,2,9,77,'<li><span style=\"margin-left: 0px; left: 0px;\" class=\"vertical\"></span><span style=\"width: 0px; margin-left: 0px; left: 0px;\" class=\"horizontal\"></span><div id=\"2\"><span class=\"add_action\" title=\"Click for Add\"></span><span class=\"delete_action\" title=\"Click for Delete\"></span><span class=\"edit_action\" title=\"Click for Edit\"></span><span class=\"first_name\">1</span></div></li>',NULL),(53068,2,9,64,'United States - Kentucky -',NULL),(53069,2,9,66,'0',0),(53070,2,9,67,'',NULL),(53071,2,9,68,'',NULL),(53072,2,9,69,'',NULL),(53073,2,9,70,'',NULL),(53074,2,9,71,'',NULL),(53075,2,9,72,'',NULL),(53076,2,9,73,'',NULL),(53077,2,9,21,'0',0),(53078,2,9,22,'true',NULL),(53079,2,9,23,'0',0),(53080,2,9,24,'true',NULL),(53081,2,9,25,'true',NULL),(53082,2,9,28,'true',NULL),(53083,2,9,29,'true',NULL),(53084,2,9,31,'true',NULL),(53085,2,9,52,'0',0),(53086,2,9,11,'true',NULL),(53087,2,9,30,'0',0),(53088,2,9,27,'true',NULL),(53089,2,9,33,'true',NULL),(53090,2,9,32,'true',NULL),(53091,2,9,43,'0',0),(53092,2,9,44,'',NULL),(53093,2,9,45,'',NULL),(53094,2,9,46,'',NULL),(53095,2,9,47,'1500',1500),(53096,2,9,48,'1500',1500),(53097,2,9,49,'1500',1500),(53098,2,9,50,'',NULL),(53099,2,9,51,'',NULL),(53100,2,9,9,'0',0),(53101,2,9,12,'',NULL),(53102,2,9,42,'0',0),(53103,1,7,10,'Spa Bliznec',NULL),(53104,1,7,78,'',NULL),(53105,1,7,8,'Lorem ipsum dolor sit amet, consectetur adipiscing elit. Sed vulputate \r\nnec neque gravida rhoncus. Donec sit amet blandit mauris, sed bibendum \r\nrisus. Cras ut urna semper, facilisis augue sed, imperdiet nulla. Duis \r\ntristique tellus tortor, dapibus gravida sem sodales id. Nullam quis \r\nconvallis libero, vitae pulvinar nisi.',NULL),(53106,1,7,17,'<p>\r\nLorem ipsum dolor sit amet, consectetur adipiscing elit. Sed vulputate \r\nnec neque gravida rhoncus. Donec sit amet blandit mauris, sed bibendum \r\nrisus. Cras ut urna semper, facilisis augue sed, imperdiet nulla. Duis \r\ntristique tellus tortor, dapibus gravida sem sodales id. Nullam quis \r\nconvallis libero, vitae pulvinar nisi.</p><p><span style=\"font-weight: bold;\">Nam eget est facilisis, porta mi \r\nac, ultricies enim. Proin nisi diam, eleifend ac eleifend in, dapibus in\r\n orci. Vestibulum elementum lectus non nisl venenatis, tempus molestie \r\nnisi tempus. Pellentesque facilisis nibh nec purus blandit, id aliquam \r\nlorem fermentum.\r\n</span></p>\r\n<p>\r\n<span style=\"font-style: italic;\">Ut erat lacus, sagittis ac leo eu, molestie mattis libero. Nam sit amet \r\nmassa et magna porttitor eleifend a aliquam nunc. Pellentesque a est a \r\naugue dignissim tristique eu nec augue. Integer pretium sollicitudin \r\ntellus, quis hendrerit nunc accumsan et. Fusce bibendum a neque vel \r\nfringilla. Vivamus viverra enim at purus gravida, in elementum neque \r\neleifend. Curabitur sodales dapibus urna, at mattis lacus eleifend non. \r\nDonec ultricies porta orci eu congue. Nulla sodales arcu a libero \r\naliquet, nec aliquam ante sagittis.</span></p>',NULL),(53107,1,7,38,'new',NULL),(53108,1,7,6,'commercial',NULL),(53109,1,7,56,'',NULL),(53110,1,7,76,'',NULL),(53111,1,7,1,'0',0),(53112,1,7,4,'Sale and Rent',NULL),(53113,1,7,2,'Commercial property',NULL),(53114,1,7,5,'Zagreb',NULL),(53115,1,7,7,'Zagreb',NULL),(53116,1,7,40,'',NULL),(53117,1,7,3,'Less than 50m2',NULL),(53118,1,7,57,'33',33),(53119,1,7,39,'B',NULL),(53120,1,7,19,'5',5),(53121,1,7,20,'5',5),(53122,1,7,58,'12',12),(53123,1,7,36,'50000',50000),(53124,1,7,55,'',NULL),(53125,1,7,37,'500',500),(53126,1,7,54,'Agent',NULL),(53127,1,7,53,'',NULL),(53128,1,7,59,'80',80),(53129,1,7,60,'30',30),(53130,1,7,77,'<li><span style=\"margin-left: 20px; left: 20px;\" class=\"vertical\"></span><span style=\"width: 0px; margin-left: 20px; left: 20px;\" class=\"horizontal\"></span><div id=\"1\"><span class=\"add_action\" title=\"Click for Add\"></span><span class=\"delete_action\" title=\"Click for Delete\"></span><span class=\"edit_action\" title=\"Click for Edit\"></span><span class=\"first_name\">1</span></div></li>',NULL),(53131,1,7,64,'United States - North Dakota -',NULL),(53132,1,7,66,'0',0),(53133,1,7,67,'',NULL),(53134,1,7,68,'',NULL),(53135,1,7,69,'',NULL),(53136,1,7,70,'',NULL),(53137,1,7,71,'',NULL),(53138,1,7,72,'',NULL),(53139,1,7,73,'',NULL),(53140,1,7,21,'0',0),(53141,1,7,22,'true',NULL),(53142,1,7,23,'0',0),(53143,1,7,24,'0',0),(53144,1,7,25,'0',0),(53145,1,7,28,'true',NULL),(53146,1,7,29,'true',NULL),(53147,1,7,31,'0',0),(53148,1,7,52,'0',0),(53149,1,7,11,'true',NULL),(53150,1,7,30,'true',NULL),(53151,1,7,27,'true',NULL),(53152,1,7,33,'true',NULL),(53153,1,7,32,'true',NULL),(53154,1,7,43,'0',0),(53155,1,7,44,'1500',1500),(53156,1,7,45,'1500',1500),(53157,1,7,46,'',NULL),(53158,1,7,47,'',NULL),(53159,1,7,48,'',NULL),(53160,1,7,49,'',NULL),(53161,1,7,50,'',NULL),(53162,1,7,51,'',NULL),(53163,1,7,9,'0',0),(53164,1,7,12,'',NULL),(53165,1,7,42,'0',0),(53166,2,7,10,'Toplice Bliznec',NULL),(53167,2,7,78,'',NULL),(53168,2,7,8,'Lorem ipsum dolor sit amet, consectetur adipiscing elit. Sed vulputate \r\nnec neque gravida rhoncus. Donec sit amet blandit mauris, sed bibendum \r\nrisus. Cras ut urna semper, facilisis augue sed, imperdiet nulla. Duis \r\ntristique tellus tortor, dapibus gravida sem sodales id. Nullam quis \r\nconvallis libero, vitae pulvinar nisi.',NULL),(53169,2,7,17,'<p>\r\nLorem ipsum dolor sit amet, consectetur adipiscing elit. Sed vulputate \r\nnec neque gravida rhoncus. Donec sit amet blandit mauris, sed bibendum \r\nrisus. Cras ut urna semper, facilisis augue sed, imperdiet nulla. Duis \r\ntristique tellus tortor, dapibus gravida sem sodales id. Nullam quis \r\nconvallis libero, vitae pulvinar nisi.</p><p><span style=\"font-weight: bold;\">Nam eget est facilisis, porta mi \r\nac, ultricies enim. Proin nisi diam, eleifend ac eleifend in, dapibus in\r\n orci. Vestibulum elementum lectus non nisl venenatis, tempus molestie \r\nnisi tempus. Pellentesque facilisis nibh nec purus blandit, id aliquam \r\nlorem fermentum.\r\n</span></p>\r\n<p>\r\n<span style=\"font-style: italic;\">Ut erat lacus, sagittis ac leo eu, molestie mattis libero. Nam sit amet \r\nmassa et magna porttitor eleifend a aliquam nunc. Pellentesque a est a \r\naugue dignissim tristique eu nec augue. Integer pretium sollicitudin \r\ntellus, quis hendrerit nunc accumsan et. Fusce bibendum a neque vel \r\nfringilla. Vivamus viverra enim at purus gravida, in elementum neque \r\neleifend. Curabitur sodales dapibus urna, at mattis lacus eleifend non. \r\nDonec ultricies porta orci eu congue. Nulla sodales arcu a libero \r\naliquet, nec aliquam ante sagittis.</span></p>',NULL),(53170,2,7,38,'novo',NULL),(53171,2,7,6,'commercial',NULL),(53172,2,7,56,'',NULL),(53173,2,7,76,'',NULL),(53174,2,7,1,'0',0),(53175,2,7,4,'Prodaja i najam',NULL),(53176,2,7,2,'Poslovni prostor',NULL),(53177,2,7,5,'Zagreb',NULL),(53178,2,7,7,'Zagreb',NULL),(53179,2,7,40,'',NULL),(53180,2,7,3,'ViÅ¡e od 100m2',NULL),(53181,2,7,57,'33',33),(53182,2,7,39,'B',NULL),(53183,2,7,19,'5',5),(53184,2,7,20,'5',5),(53185,2,7,58,'12',12),(53186,2,7,36,'40000',40000),(53187,2,7,55,'',NULL),(53188,2,7,37,'400',400),(53189,2,7,54,'Agent',NULL),(53190,2,7,53,'',NULL),(53191,2,7,59,'',NULL),(53192,2,7,60,'',NULL),(53193,2,7,77,'<li><span style=\"margin-left: 0px; left: 0px;\" class=\"vertical\"></span><span style=\"width: 0px; margin-left: 0px; left: 0px;\" class=\"horizontal\"></span><div id=\"2\"><span class=\"add_action\" title=\"Click for Add\"></span><span class=\"delete_action\" title=\"Click for Delete\"></span><span class=\"edit_action\" title=\"Click for Edit\"></span><span class=\"first_name\">1</span></div></li>',NULL),(53194,2,7,64,'United States - North Dakota -',NULL),(53195,2,7,66,'0',0),(53196,2,7,67,'',NULL),(53197,2,7,68,'',NULL),(53198,2,7,69,'',NULL),(53199,2,7,70,'',NULL),(53200,2,7,71,'',NULL),(53201,2,7,72,'',NULL),(53202,2,7,73,'',NULL),(53203,2,7,21,'0',0),(53204,2,7,22,'true',NULL),(53205,2,7,23,'0',0),(53206,2,7,24,'0',0),(53207,2,7,25,'0',0),(53208,2,7,28,'true',NULL),(53209,2,7,29,'true',NULL),(53210,2,7,31,'0',0),(53211,2,7,52,'0',0),(53212,2,7,11,'true',NULL),(53213,2,7,30,'true',NULL),(53214,2,7,27,'true',NULL),(53215,2,7,33,'true',NULL),(53216,2,7,32,'true',NULL),(53217,2,7,43,'0',0),(53218,2,7,44,'1500',1500),(53219,2,7,45,'1500',1500),(53220,2,7,46,'',NULL),(53221,2,7,47,'',NULL),(53222,2,7,48,'',NULL),(53223,2,7,49,'',NULL),(53224,2,7,50,'',NULL),(53225,2,7,51,'',NULL),(53226,2,7,9,'0',0),(53227,2,7,12,'',NULL),(53228,2,7,42,'0',0),(53229,1,17,10,'Classic American',NULL),(53230,1,17,78,'',NULL),(53231,1,17,8,'Lorem ipsum dolor sit amet, consectetur adipiscing elit. Sed vulputate \r\nnec neque gravida rhoncus. Donec sit amet blandit mauris, sed bibendum \r\nrisus.',NULL),(53232,1,17,17,'<p>\r\nLorem ipsum dolor sit amet, consectetur adipiscing elit. Sed vulputate \r\nnec neque gravida rhoncus. Donec sit amet blandit mauris, sed bibendum \r\nrisus. Cras ut urna semper, facilisis augue sed, imperdiet nulla. Duis \r\ntristique tellus tortor, dapibus gravida sem sodales id. Nullam quis \r\nconvallis libero, vitae pulvinar nisi.</p><p><span style=\"font-weight: bold;\">Nam eget est facilisis, porta mi \r\nac, ultricies enim. Proin nisi diam, eleifend ac eleifend in, dapibus in\r\n orci. Vestibulum elementum lectus non nisl venenatis, tempus molestie \r\nnisi tempus. Pellentesque facilisis nibh nec purus blandit, id aliquam \r\nlorem fermentum.\r\n</span></p>\r\n<p>\r\n<span style=\"font-style: italic;\">Ut erat lacus, sagittis ac leo eu, molestie mattis libero. Nam sit amet \r\nmassa et magna porttitor eleifend a aliquam nunc. Pellentesque a est a \r\naugue dignissim tristique eu nec augue. Integer pretium sollicitudin \r\ntellus, quis hendrerit nunc accumsan et. Fusce bibendum a neque vel \r\nfringilla. Vivamus viverra enim at purus gravida, in elementum neque \r\neleifend. Curabitur sodales dapibus urna, at mattis lacus eleifend non. \r\nDonec ultricies porta orci eu congue. Nulla sodales arcu a libero \r\naliquet, nec aliquam ante sagittis.</span></p>',NULL),(53233,1,17,38,'empty',NULL),(53234,1,17,6,'house',NULL),(53235,1,17,56,'',NULL),(53236,1,17,76,'',NULL),(53237,1,17,64,'United States - Connecticut -',NULL),(53238,1,17,1,'',NULL),(53239,1,17,4,'Sale',NULL),(53240,1,17,2,'House',NULL),(53241,1,17,5,'ZagrebaÄka',NULL),(53242,1,17,7,'IvaniÄ‡ Grad',NULL),(53243,1,17,40,'',NULL),(53244,1,17,3,'Less than 50m2',NULL),(53245,1,17,57,'50',50),(53246,1,17,39,'-',NULL),(53247,1,17,19,'1',1),(53248,1,17,20,'1',1),(53249,1,17,58,'5',5),(53250,1,17,36,'',NULL),(53251,1,17,55,'',NULL),(53252,1,17,37,'',NULL),(53253,1,17,54,'Agent',NULL),(53254,1,17,53,'',NULL),(53255,1,17,59,'80',80),(53256,1,17,60,'30',30),(53257,1,17,77,'<li><span class=\"vertical\" style=\"margin-left: 20px; left: 20.1667px;\"></span><span class=\"horizontal\" style=\"width: 0px; margin-left: 20px; left: 20.1667px;\"></span><div id=\"1\"><span class=\"add_action\" title=\"Click for Add\"></span><span class=\"delete_action\" title=\"Click for Delete\"></span><span class=\"edit_action\" title=\"Click for Edit\"></span><span class=\"first_name\">1</span></div></li>',NULL),(53258,1,17,66,'',NULL),(53259,1,17,67,'',NULL),(53260,1,17,68,'',NULL),(53261,1,17,69,'',NULL),(53262,1,17,70,'',NULL),(53263,1,17,71,'',NULL),(53264,1,17,72,'',NULL),(53265,1,17,73,'',NULL),(53266,1,17,21,'',NULL),(53267,1,17,22,'',NULL),(53268,1,17,23,'',NULL),(53269,1,17,24,'',NULL),(53270,1,17,25,'true',NULL),(53271,1,17,28,'',NULL),(53272,1,17,29,'',NULL),(53273,1,17,31,'',NULL),(53274,1,17,52,'',NULL),(53275,1,17,11,'',NULL),(53276,1,17,30,'',NULL),(53277,1,17,27,'',NULL),(53278,1,17,33,'',NULL),(53279,1,17,32,'',NULL),(53280,1,17,43,'',NULL),(53281,1,17,44,'400',400),(53282,1,17,45,'',NULL),(53283,1,17,46,'',NULL),(53284,1,17,47,'',NULL),(53285,1,17,48,'',NULL),(53286,1,17,49,'',NULL),(53287,1,17,50,'',NULL),(53288,1,17,51,'',NULL),(53289,1,17,9,'',NULL),(53290,1,17,12,'',NULL),(53291,1,17,42,'',NULL),(53292,2,17,10,'AmeriÄka kuÄ‡a',NULL),(53293,2,17,78,'',NULL),(53294,2,17,8,'Lorem ipsum dolor sit amet, consectetur adipiscing elit. Sed vulputate \r\nnec neque gravida rhoncus. Donec sit amet blandit mauris, sed bibendum \r\nrisus.',NULL),(53295,2,17,17,'<p>\r\nLorem ipsum dolor sit amet, consectetur adipiscing elit. Sed vulputate \r\nnec neque gravida rhoncus. Donec sit amet blandit mauris, sed bibendum \r\nrisus. Cras ut urna semper, facilisis augue sed, imperdiet nulla. Duis \r\ntristique tellus tortor, dapibus gravida sem sodales id. Nullam quis \r\nconvallis libero, vitae pulvinar nisi.</p><p><span style=\"font-weight: bold;\">Nam eget est facilisis, porta mi \r\nac, ultricies enim. Proin nisi diam, eleifend ac eleifend in, dapibus in\r\n orci. Vestibulum elementum lectus non nisl venenatis, tempus molestie \r\nnisi tempus. Pellentesque facilisis nibh nec purus blandit, id aliquam \r\nlorem fermentum.\r\n</span></p>\r\n<p>\r\n<span style=\"font-style: italic;\">Ut erat lacus, sagittis ac leo eu, molestie mattis libero. Nam sit amet \r\nmassa et magna porttitor eleifend a aliquam nunc. Pellentesque a est a \r\naugue dignissim tristique eu nec augue. Integer pretium sollicitudin \r\ntellus, quis hendrerit nunc accumsan et. Fusce bibendum a neque vel \r\nfringilla. Vivamus viverra enim at purus gravida, in elementum neque \r\neleifend. Curabitur sodales dapibus urna, at mattis lacus eleifend non. \r\nDonec ultricies porta orci eu congue. Nulla sodales arcu a libero \r\naliquet, nec aliquam ante sagittis.</span></p>',NULL),(53296,2,17,38,'empty',NULL),(53297,2,17,6,'house',NULL),(53298,2,17,56,'',NULL),(53299,2,17,76,'',NULL),(53300,2,17,64,'United States - Connecticut -',NULL),(53301,2,17,1,'',NULL),(53302,2,17,4,'Prodaja',NULL),(53303,2,17,2,'Stan',NULL),(53304,2,17,5,'zagrebaÄka',NULL),(53305,2,17,7,'IvaniÄ‡ Grad',NULL),(53306,2,17,40,'',NULL),(53307,2,17,3,'Manje od 50m2',NULL),(53308,2,17,57,'50',50),(53309,2,17,39,'-',NULL),(53310,2,17,19,'1',1),(53311,2,17,20,'1',1),(53312,2,17,58,'5',5),(53313,2,17,36,'',NULL),(53314,2,17,55,'',NULL),(53315,2,17,37,'',NULL),(53316,2,17,54,'Agent',NULL),(53317,2,17,53,'',NULL),(53318,2,17,59,'',NULL),(53319,2,17,60,'',NULL),(53320,2,17,77,'<li><span class=\"vertical\" style=\"margin-left: 0px; left: 0px;\"></span><span class=\"horizontal\" style=\"width: 0px; margin-left: 0px; left: 0px;\"></span><div id=\"2\"><span class=\"add_action\" title=\"Click for Add\"></span><span class=\"delete_action\" title=\"Click for Delete\"></span><span class=\"edit_action\" title=\"Click for Edit\"></span><span class=\"first_name\">1</span></div></li>',NULL),(53321,2,17,66,'',NULL),(53322,2,17,67,'',NULL),(53323,2,17,68,'',NULL),(53324,2,17,69,'',NULL),(53325,2,17,70,'',NULL),(53326,2,17,71,'',NULL),(53327,2,17,72,'',NULL),(53328,2,17,73,'',NULL),(53329,2,17,21,'',NULL),(53330,2,17,22,'',NULL),(53331,2,17,23,'',NULL),(53332,2,17,24,'',NULL),(53333,2,17,25,'true',NULL),(53334,2,17,28,'',NULL),(53335,2,17,29,'',NULL),(53336,2,17,31,'',NULL),(53337,2,17,52,'',NULL),(53338,2,17,11,'',NULL),(53339,2,17,30,'',NULL),(53340,2,17,27,'',NULL),(53341,2,17,33,'',NULL),(53342,2,17,32,'',NULL),(53343,2,17,43,'',NULL),(53344,2,17,44,'400',400),(53345,2,17,45,'',NULL),(53346,2,17,46,'',NULL),(53347,2,17,47,'',NULL),(53348,2,17,48,'',NULL),(53349,2,17,49,'',NULL),(53350,2,17,50,'',NULL),(53351,2,17,51,'',NULL),(53352,2,17,9,'',NULL),(53353,2,17,12,'',NULL),(53354,2,17,42,'',NULL);

--
-- Table structure for table `qa`
--

DROP TABLE IF EXISTS `qa`;
/*!40101 SET @saved_cs_client     = @@character_set_client */;
/*!40101 SET character_set_client = utf8 */;
CREATE TABLE `qa` (
  `id` int(11) NOT NULL AUTO_INCREMENT,
  `parent_id` int(11) DEFAULT NULL,
  `order` int(11) DEFAULT NULL,
  `date` datetime DEFAULT NULL,
  `date_modified` datetime DEFAULT NULL,
  `date_publish` datetime DEFAULT NULL,
  `question_user_id` int(11) DEFAULT NULL,
  `type` varchar(45) COLLATE utf8_unicode_ci NOT NULL DEFAULT 'CATEGORY',
  `is_readed` tinyint(1) DEFAULT '0',
  `answer_user_id` int(11) DEFAULT NULL,
  PRIMARY KEY (`id`)
) ENGINE=InnoDB AUTO_INCREMENT=7 DEFAULT CHARSET=utf8 COLLATE=utf8_unicode_ci;
/*!40101 SET character_set_client = @saved_cs_client */;

--
-- Dumping data for table `qa`
--

INSERT INTO `qa` VALUES (1,0,1,'2014-05-08 14:13:45',NULL,NULL,NULL,'CATEGORY',0,NULL),(2,0,2,'2014-05-08 14:14:46',NULL,NULL,NULL,'CATEGORY',0,NULL),(4,1,2,'2014-05-08 22:22:53',NULL,'2014-05-08 22:22:51',NULL,'QUESTION',1,9),(5,2,2,'2014-05-09 19:58:23',NULL,'2014-05-09 19:58:17',NULL,'QUESTION',1,9),(6,1,2,'2014-06-17 15:33:16',NULL,'2014-06-17 15:32:57',NULL,'QUESTION',1,11);

--
-- Table structure for table `qa_lang`
--

DROP TABLE IF EXISTS `qa_lang`;
/*!40101 SET @saved_cs_client     = @@character_set_client */;
/*!40101 SET character_set_client = utf8 */;
CREATE TABLE `qa_lang` (
  `id_qa_lang` int(11) NOT NULL AUTO_INCREMENT,
  `qa_id` int(11) NOT NULL,
  `language_id` int(11) NOT NULL,
  `question` text COLLATE utf8_unicode_ci,
  `answer` text COLLATE utf8_unicode_ci,
  `keywords` varchar(160) COLLATE utf8_unicode_ci DEFAULT NULL,
  PRIMARY KEY (`id_qa_lang`),
  KEY `fk_qa_lang_qa1_idx` (`qa_id`),
  KEY `fk_qa_lang_language1_idx` (`language_id`),
  CONSTRAINT `fk_qa_lang_language1` FOREIGN KEY (`language_id`) REFERENCES `language` (`id`) ON DELETE NO ACTION ON UPDATE NO ACTION,
  CONSTRAINT `fk_qa_lang_qa1` FOREIGN KEY (`qa_id`) REFERENCES `qa` (`id`) ON DELETE NO ACTION ON UPDATE NO ACTION
) ENGINE=InnoDB AUTO_INCREMENT=63 DEFAULT CHARSET=utf8 COLLATE=utf8_unicode_ci;
/*!40101 SET character_set_client = @saved_cs_client */;

--
-- Dumping data for table `qa_lang`
--

INSERT INTO `qa_lang` VALUES (3,2,1,'Landscape Architect',NULL,NULL),(4,2,2,'Ekspert za okuÄ‡nice',NULL,NULL),(5,1,1,'Properties interior expert',NULL,NULL),(6,1,2,'Ekspert za unutraÅ¡njost nekretnina',NULL,NULL),(55,4,1,'Lorem ipsum dolor sit amet, consectetur adipiscing elit. Sed vulputate nec neque gravida rhoncus. Donec sit amet blandit mauris, sed bibendum risus?','Lorem ipsum dolor sit amet, consectetur adipiscing elit. Sed vulputate nec neque gravida rhoncus. Donec sit amet blandit mauris, sed bibendum risus.','kktest'),(56,4,2,'Lorem ipsum dolor sit amet, consectetur adipiscing elit. Sed vulputate nec neque gravida rhoncus. Donec sit amet blandit mauris, sed bibendum risus?','Lorem ipsum dolor sit amet, consectetur adipiscing elit. Sed vulputate nec neque gravida rhoncus. Donec sit amet blandit mauris, sed bibendum risus.','kk'),(59,6,1,'Test','Test','Test'),(60,6,2,'Test','Test','Test'),(61,5,1,'Lorem ipsum dolor sit amet, consectetur adipiscing elit. Sed vulputate nec neque gravida rhoncus. Donec sit amet blandit mauris, sed bibendum risus?','Lorem ipsum dolor sit amet, consectetur adipiscing elit. Sed vulputate nec neque gravida rhoncus. Donec sit amet blandit mauris, sed bibendum risus.',''),(62,5,2,'Lorem ipsum dolor sit amet, consectetur adipiscing elit. Sed vulputate nec neque gravida rhoncus. Donec sit amet blandit mauris, sed bibendum risus?','Lorem ipsum dolor sit amet, consectetur adipiscing elit. Sed vulputate nec neque gravida rhoncus. Donec sit amet blandit mauris, sed bibendum risus.','');

--
-- Table structure for table `rates`
--

DROP TABLE IF EXISTS `rates`;
/*!40101 SET @saved_cs_client     = @@character_set_client */;
/*!40101 SET character_set_client = utf8 */;
CREATE TABLE `rates` (
  `id` int(11) NOT NULL AUTO_INCREMENT,
  `property_id` int(11) NOT NULL,
  `date_from` datetime NOT NULL,
  `date_to` datetime NOT NULL,
  `min_stay` int(11) DEFAULT '1',
  `changeover_day` int(11) DEFAULT '6',
  PRIMARY KEY (`id`)
) ENGINE=InnoDB AUTO_INCREMENT=6 DEFAULT CHARSET=utf8 COLLATE=utf8_unicode_ci;
/*!40101 SET character_set_client = @saved_cs_client */;

--
-- Dumping data for table `rates`
--

INSERT INTO `rates` VALUES (1,9,'2014-05-27 00:01:01','2014-06-27 00:01:01',7,6),(2,8,'2014-12-30 18:58:29','2015-12-30 18:58:29',7,6),(3,8,'2014-07-01 22:46:21','2014-12-01 22:46:21',7,6),(4,30,'2015-03-08 12:00:00','2015-12-31 12:00:00',1,0),(5,30,'2017-11-21 12:00:00','2018-11-20 12:00:00',7,6);

--
-- Table structure for table `rates_lang`
--

DROP TABLE IF EXISTS `rates_lang`;
/*!40101 SET @saved_cs_client     = @@character_set_client */;
/*!40101 SET character_set_client = utf8 */;
CREATE TABLE `rates_lang` (
  `id` int(11) NOT NULL AUTO_INCREMENT,
  `rates_id` int(11) NOT NULL,
  `language_id` int(11) NOT NULL,
  `rate_nightly` decimal(10,2) DEFAULT NULL,
  `rate_weekly` decimal(10,2) DEFAULT NULL,
  `rate_monthly` decimal(10,2) DEFAULT NULL,
  `currency_code` varchar(10) COLLATE utf8_unicode_ci DEFAULT 'USD' COMMENT 'USD, EUR, HRK...',
  PRIMARY KEY (`id`),
  KEY `fk_raes_lang_rates1_idx` (`rates_id`),
  KEY `fk_raes_lang_language1_idx` (`language_id`),
  CONSTRAINT `fk_raes_lang_language1` FOREIGN KEY (`language_id`) REFERENCES `language` (`id`) ON DELETE NO ACTION ON UPDATE NO ACTION,
  CONSTRAINT `fk_raes_lang_rates1` FOREIGN KEY (`rates_id`) REFERENCES `rates` (`id`) ON DELETE NO ACTION ON UPDATE NO ACTION
) ENGINE=InnoDB AUTO_INCREMENT=43 DEFAULT CHARSET=utf8 COLLATE=utf8_unicode_ci;
/*!40101 SET character_set_client = @saved_cs_client */;

--
-- Dumping data for table `rates_lang`
--

INSERT INTO `rates_lang` VALUES (1,1,1,0.00,100.00,0.00,'0'),(2,1,2,0.00,560.00,0.00,'2'),(21,3,1,10.00,100.00,1000.00,'USD'),(22,3,2,50.00,500.00,5000.00,'AUD'),(27,2,1,10.00,100.00,1000.00,'USD'),(28,2,2,50.00,500.00,5000.00,'AUD'),(39,4,1,10.00,50.00,150.00,'USD'),(40,4,2,10.00,50.00,150.00,'EUR'),(41,5,1,10.00,50.00,150.00,'USD'),(42,5,2,10.00,50.00,150.00,'EUR');

--
-- Table structure for table `removed_listings`
--

DROP TABLE IF EXISTS `removed_listings`;
/*!40101 SET @saved_cs_client     = @@character_set_client */;
/*!40101 SET character_set_client = utf8 */;
CREATE TABLE `removed_listings` (
  `id` int(11) NOT NULL AUTO_INCREMENT,
  `date_removed` datetime DEFAULT NULL,
  `address` text COLLATE utf8_unicode_ci,
  `lat` decimal(9,6) DEFAULT NULL,
  `lng` decimal(9,6) DEFAULT NULL,
  `submission_date` datetime DEFAULT NULL,
  `expire_date` datetime DEFAULT NULL,
  `price_0` int(11) DEFAULT NULL,
  `price_1` int(11) DEFAULT NULL,
  `price_2` int(11) DEFAULT NULL,
  PRIMARY KEY (`id`)
) ENGINE=InnoDB DEFAULT CHARSET=utf8 COLLATE=utf8_unicode_ci;
/*!40101 SET character_set_client = @saved_cs_client */;

--
-- Dumping data for table `removed_listings`
--


--
-- Table structure for table `reports`
--

DROP TABLE IF EXISTS `reports`;
/*!40101 SET @saved_cs_client     = @@character_set_client */;
/*!40101 SET character_set_client = utf8 */;
CREATE TABLE `reports` (
  `id` int(11) NOT NULL AUTO_INCREMENT,
  `date_submit` datetime DEFAULT NULL,
  `name` varchar(45) DEFAULT NULL,
  `surname` varchar(64) DEFAULT NULL,
  `phone` varchar(45) DEFAULT NULL,
  `email` varchar(45) DEFAULT NULL,
  `message` text,
  `allow_contact` varchar(45) DEFAULT NULL,
  `repository_id` int(32) DEFAULT NULL,
  `agent_id` int(11) DEFAULT NULL,
  `property_id` int(11) DEFAULT NULL,
  PRIMARY KEY (`id`)
) ENGINE=InnoDB AUTO_INCREMENT=2 DEFAULT CHARSET=utf8;
/*!40101 SET character_set_client = @saved_cs_client */;

--
-- Dumping data for table `reports`
--

INSERT INTO `reports` VALUES (1,'2016-01-22 18:31:14','test report',NULL,'1234','test@gmail.com','porua report 1','1',NULL,9,8);

--
-- Table structure for table `repository`
--

DROP TABLE IF EXISTS `repository`;
/*!40101 SET @saved_cs_client     = @@character_set_client */;
/*!40101 SET character_set_client = utf8 */;
CREATE TABLE `repository` (
  `id` int(11) NOT NULL AUTO_INCREMENT,
  `name` varchar(45) COLLATE utf8_unicode_ci DEFAULT NULL,
  `is_activated` tinyint(1) DEFAULT '1',
  `date_submit` datetime DEFAULT NULL,
  `date_modified` datetime DEFAULT NULL,
  PRIMARY KEY (`id`)
) ENGINE=InnoDB AUTO_INCREMENT=335 DEFAULT CHARSET=utf8 COLLATE=utf8_unicode_ci;
/*!40101 SET character_set_client = @saved_cs_client */;

--
-- Dumping data for table `repository`
--

INSERT INTO `repository` VALUES (6,'user_m',1,NULL,NULL),(21,'user_m',1,NULL,NULL),(22,'slideshow_m',1,NULL,NULL),(23,'page_m',1,NULL,NULL),(24,'page_m',1,NULL,NULL),(25,'page_m',1,NULL,NULL),(26,'page_m',1,NULL,NULL),(27,'estate_m',1,NULL,NULL),(28,'estate_m',1,NULL,NULL),(29,'estate_m',1,NULL,NULL),(30,'estate_m',1,NULL,NULL),(31,'estate_m',1,NULL,NULL),(32,'estate_m',1,NULL,NULL),(33,'estate_m',1,NULL,NULL),(34,'estate_m',1,NULL,NULL),(35,'estate_m',1,NULL,NULL),(36,'estate_m',1,NULL,NULL),(37,'estate_m',1,NULL,NULL),(38,'estate_m',1,NULL,NULL),(39,'estate_m',1,NULL,NULL),(40,'page_m',1,NULL,NULL),(41,'page_m',1,NULL,NULL),(42,'page_m',1,NULL,NULL),(43,'page_m',1,NULL,NULL),(44,'page_m',1,NULL,NULL),(45,'page_m',1,NULL,NULL),(46,'page_m',1,NULL,NULL),(47,'page_m',1,NULL,NULL),(48,'page_m',1,NULL,NULL),(49,'page_m',1,NULL,NULL),(50,'page_m',1,NULL,NULL),(51,'page_m',1,NULL,NULL),(52,'page_m',1,NULL,NULL),(53,'page_m',1,NULL,NULL),(54,'page_m',1,NULL,NULL),(55,'page_m',1,NULL,NULL),(56,'page_m',1,NULL,NULL),(57,'page_m',1,NULL,NULL),(58,'page_m',1,NULL,NULL),(59,'page_m',1,NULL,NULL),(60,'page_m',1,NULL,NULL),(61,'page_m',1,NULL,NULL),(62,'page_m',1,NULL,NULL),(63,'page_m',1,NULL,NULL),(64,'page_m',1,NULL,NULL),(65,'page_m',1,NULL,NULL),(66,'page_m',1,NULL,NULL),(67,'page_m',1,NULL,NULL),(68,'page_m',1,NULL,NULL),(69,'page_m',1,NULL,NULL),(70,'page_m',1,NULL,NULL),(71,'page_m',1,NULL,NULL),(72,'page_m',1,NULL,NULL),(73,'page_m',1,NULL,NULL),(74,'page_m',1,NULL,NULL),(75,'page_m',1,NULL,NULL),(76,'page_m',1,NULL,NULL),(77,'page_m',1,NULL,NULL),(78,'page_m',1,NULL,NULL),(79,'page_m',1,NULL,NULL),(80,'page_m',1,NULL,NULL),(81,'page_m',1,NULL,NULL),(82,'page_m',1,NULL,NULL),(83,'page_m',1,NULL,NULL),(84,'page_m',1,NULL,NULL),(85,'page_m',1,NULL,NULL),(86,'page_m',1,NULL,NULL),(87,'page_m',1,NULL,NULL),(88,'page_m',1,NULL,NULL),(89,'page_m',1,NULL,NULL),(90,'page_m',1,NULL,NULL),(91,'page_m',1,NULL,NULL),(92,'page_m',1,NULL,NULL),(93,'page_m',1,NULL,NULL),(94,'page_m',1,NULL,NULL),(95,'page_m',1,NULL,NULL),(96,'page_m',1,NULL,NULL),(97,'page_m',1,NULL,NULL),(98,'page_m',1,NULL,NULL),(99,'page_m',1,NULL,NULL),(100,'page_m',1,NULL,NULL),(101,'page_m',1,NULL,NULL),(102,'page_m',1,NULL,NULL),(103,'page_m',1,NULL,NULL),(104,'page_m',1,NULL,NULL),(105,'page_m',1,NULL,NULL),(106,'page_m',1,NULL,NULL),(107,'page_m',1,NULL,NULL),(108,'page_m',1,NULL,NULL),(109,'page_m',1,NULL,NULL),(110,'page_m',1,NULL,NULL),(111,'page_m',1,NULL,NULL),(112,'page_m',1,NULL,NULL),(113,'page_m',1,NULL,NULL),(114,'page_m',1,NULL,NULL),(115,'page_m',1,NULL,NULL),(116,'page_m',1,NULL,NULL),(117,'page_m',1,NULL,NULL),(118,'page_m',1,NULL,NULL),(119,'page_m',1,NULL,NULL),(120,'page_m',1,NULL,NULL),(121,'page_m',1,NULL,NULL),(122,'page_m',1,NULL,NULL),(123,'page_m',1,NULL,NULL),(124,'page_m',1,NULL,NULL),(125,'page_m',1,NULL,NULL),(126,'page_m',1,NULL,NULL),(127,'page_m',1,NULL,NULL),(128,'page_m',1,NULL,NULL),(129,'page_m',1,NULL,NULL),(130,'page_m',1,NULL,NULL),(131,'page_m',1,NULL,NULL),(132,'page_m',1,NULL,NULL),(133,'page_m',1,NULL,NULL),(134,'page_m',1,NULL,NULL),(135,'page_m',1,NULL,NULL),(136,'page_m',1,NULL,NULL),(137,'page_m',1,NULL,NULL),(138,'page_m',1,NULL,NULL),(139,'page_m',1,NULL,NULL),(140,'page_m',1,NULL,NULL),(141,'page_m',1,NULL,NULL),(142,'page_m',1,NULL,NULL),(143,'page_m',1,NULL,NULL),(144,'page_m',1,NULL,NULL),(145,'page_m',1,NULL,NULL),(146,'page_m',1,NULL,NULL),(147,'page_m',1,NULL,NULL),(148,'page_m',1,NULL,NULL),(149,'page_m',1,NULL,NULL),(150,'page_m',1,NULL,NULL),(151,'page_m',1,NULL,NULL),(152,'page_m',1,NULL,NULL),(153,'page_m',1,NULL,NULL),(154,'page_m',1,NULL,NULL),(155,'page_m',1,NULL,NULL),(156,'page_m',1,NULL,NULL),(157,'page_m',1,NULL,NULL),(158,'page_m',1,NULL,NULL),(159,'page_m',1,NULL,NULL),(160,'page_m',1,NULL,NULL),(161,'page_m',1,NULL,NULL),(162,'page_m',1,NULL,NULL),(163,'page_m',1,NULL,NULL),(164,'page_m',1,NULL,NULL),(165,'page_m',1,NULL,NULL),(166,'page_m',1,NULL,NULL),(167,'page_m',1,NULL,NULL),(168,'page_m',1,NULL,NULL),(169,'page_m',1,NULL,NULL),(170,'page_m',1,NULL,NULL),(171,'page_m',1,NULL,NULL),(172,'page_m',1,NULL,NULL),(173,'page_m',1,NULL,NULL),(174,'page_m',1,NULL,NULL),(175,'page_m',1,NULL,NULL),(176,'page_m',1,NULL,NULL),(177,'page_m',1,NULL,NULL),(178,'page_m',1,NULL,NULL),(179,'page_m',1,NULL,NULL),(180,'page_m',1,NULL,NULL),(181,'page_m',1,NULL,NULL),(182,'page_m',1,NULL,NULL),(183,'page_m',1,NULL,NULL),(184,'user_m',1,NULL,NULL),(185,'user_m',1,NULL,NULL),(186,'user_m',1,NULL,NULL),(187,'page_m',1,NULL,NULL),(195,'estate_m',1,NULL,NULL),(196,'user_m',1,NULL,NULL),(197,'estate_m',1,NULL,NULL),(200,'page_m',1,NULL,NULL),(202,'page_m',1,NULL,NULL),(203,'page_m',1,NULL,NULL),(207,'page_m',1,NULL,NULL),(208,'page_m',1,NULL,NULL),(209,'page_m',1,NULL,NULL),(210,'page_m',1,NULL,NULL),(211,'page_m',1,NULL,NULL),(212,'ads_m',1,NULL,NULL),(213,'ads_m',1,NULL,NULL),(214,'ads_m',1,NULL,NULL),(215,'ads_m',1,NULL,NULL),(216,'ads_m',1,NULL,NULL),(217,'ads_m',1,NULL,NULL),(218,'ads_m',1,NULL,NULL),(219,'ads_m',1,NULL,NULL),(220,'ads_m',1,NULL,NULL),(221,'ads_m',1,NULL,NULL),(222,'ads_m',1,NULL,NULL),(223,'ads_m',1,NULL,NULL),(224,'ads_m',1,NULL,NULL),(225,'ads_m',1,NULL,NULL),(226,'ads_m',1,NULL,NULL),(227,'ads_m',1,NULL,NULL),(228,'ads_m',1,NULL,NULL),(229,'ads_m',1,NULL,NULL),(230,'ads_m',1,NULL,NULL),(231,'ads_m',1,NULL,NULL),(232,'ads_m',1,NULL,NULL),(233,'ads_m',1,NULL,NULL),(234,'ads_m',1,NULL,NULL),(235,'ads_m',1,NULL,NULL),(238,'ads_m',1,NULL,NULL),(239,'ads_m',1,NULL,NULL),(240,'page_m',1,NULL,NULL),(241,'showroom_m',1,NULL,NULL),(242,'page_m',1,NULL,NULL),(243,'showroom_m',1,NULL,NULL),(244,'showroom_m',1,NULL,NULL),(245,'page_m',1,NULL,NULL),(246,'page_m',1,NULL,NULL),(247,'user_m',1,NULL,NULL),(248,'page_m',1,NULL,NULL),(249,'page_m',1,NULL,NULL),(250,'page_m',1,NULL,NULL),(251,'page_m',1,NULL,NULL),(252,'page_m',1,NULL,NULL),(253,'page_m',1,NULL,NULL),(254,'user_m',1,NULL,NULL),(255,'page_m',1,NULL,NULL),(262,'option_m_val',1,NULL,NULL),(263,'option_m_val',1,NULL,NULL),(264,'option_m_val',1,NULL,NULL),(265,'option_m_val',1,NULL,NULL),(267,'option_m_val',1,NULL,NULL),(268,'option_m_val',1,NULL,NULL),(269,'option_m_val',1,NULL,NULL),(270,'option_m_val',1,NULL,NULL),(272,'option_m_val',1,NULL,NULL),(273,'option_m_val',1,NULL,NULL),(274,'option_m_val',1,NULL,NULL),(275,'option_m_val',1,NULL,NULL),(276,'option_m_val',1,NULL,NULL),(277,'page_m',1,NULL,NULL),(278,'page_m',1,NULL,NULL),(279,'page_m',1,NULL,NULL),(280,'showroom_m',1,NULL,NULL),(281,'showroom_m',1,NULL,NULL),(282,'user_m',1,NULL,NULL),(284,'settings_m',1,NULL,NULL),(285,'settings_m',1,NULL,NULL),(286,'option_m_val',1,NULL,NULL),(287,'option_m_val',1,NULL,NULL),(288,'user_m',1,NULL,NULL),(289,'option_m_val',1,NULL,NULL),(290,'option_m_val',1,NULL,NULL),(293,'option_m',1,NULL,NULL),(294,'option_m',1,NULL,NULL),(295,'option_m',1,NULL,NULL),(296,'option_m',1,NULL,NULL),(297,'option_m',1,NULL,NULL),(298,'option_m',1,NULL,NULL),(299,'option_m',1,NULL,NULL),(300,'user_m',1,NULL,NULL),(301,'option_m',1,NULL,NULL),(302,'option_m',1,NULL,NULL),(303,'option_m',1,NULL,NULL),(304,'option_m',1,NULL,NULL),(305,'option_m',1,NULL,NULL),(306,'option_m',1,NULL,NULL),(307,'option_m',1,NULL,NULL),(308,'settings_m',1,NULL,NULL),(309,'settings_m',1,NULL,NULL),(310,'option_m',1,NULL,NULL),(311,'treefield_m',1,NULL,NULL),(312,'treefield_m',1,NULL,NULL),(313,'option_m',1,NULL,NULL),(314,'treefield_m',1,NULL,NULL),(315,'treefield_m',1,NULL,NULL),(318,'option_m',1,NULL,NULL),(319,'option_m',1,NULL,NULL),(320,'option_m',1,NULL,NULL),(321,'option_m',1,NULL,NULL),(322,'option_m',1,NULL,NULL),(323,'option_m',1,NULL,NULL),(324,'option_m_val',1,NULL,NULL),(325,'page_m',1,'2017-05-18 14:22:13','2017-05-18 14:22:13'),(326,'page_m',1,'2017-05-18 14:23:11','2017-05-18 14:23:11'),(327,'page_m',1,'2017-05-18 14:30:47','2017-05-18 14:30:47'),(328,'page_m',1,'2017-05-18 14:31:16','2017-05-18 14:31:16'),(329,'user_m',1,'2017-06-03 20:16:23','2017-06-03 20:16:23'),(330,'page_m',1,'2017-06-03 20:33:58','2017-06-03 20:33:58'),(331,'estate_m',0,'2018-07-21 12:22:37','2018-07-21 12:22:37'),(332,'option_m',1,'2018-07-21 12:22:57','2018-07-21 12:22:57'),(333,'option_m',1,'2018-07-21 12:23:15','2018-07-21 12:23:15'),(334,'estate_m',0,'2018-07-21 12:23:52','2018-07-21 12:23:52');

--
-- Table structure for table `reservations`
--

DROP TABLE IF EXISTS `reservations`;
/*!40101 SET @saved_cs_client     = @@character_set_client */;
/*!40101 SET character_set_client = utf8 */;
CREATE TABLE `reservations` (
  `id` int(11) NOT NULL AUTO_INCREMENT,
  `user_id` int(11) NOT NULL,
  `property_id` int(11) NOT NULL,
  `date_from` datetime NOT NULL,
  `date_to` datetime NOT NULL,
  `total_price` decimal(10,2) DEFAULT NULL,
  `currency_code` varchar(10) COLLATE utf8_unicode_ci DEFAULT 'USD',
  `date_paid_advance` datetime DEFAULT NULL,
  `date_paid_total` datetime DEFAULT NULL,
  `total_paid` decimal(10,2) DEFAULT NULL,
  `is_confirmed` tinyint(1) DEFAULT '0',
  `saller_id` int(11) DEFAULT NULL,
  `booking_fee` int(11) DEFAULT '0',
  PRIMARY KEY (`id`),
  KEY `fk_reservations_user1_idx` (`user_id`),
  CONSTRAINT `fk_reservations_user1` FOREIGN KEY (`user_id`) REFERENCES `user` (`id`) ON DELETE NO ACTION ON UPDATE NO ACTION
) ENGINE=InnoDB AUTO_INCREMENT=17 DEFAULT CHARSET=utf8 COLLATE=utf8_unicode_ci;
/*!40101 SET character_set_client = @saved_cs_client */;

--
-- Dumping data for table `reservations`
--

INSERT INTO `reservations` VALUES (9,18,30,'2014-12-02 11:31:21','2014-12-05 11:31:21',100.00,'USD',NULL,NULL,10.00,0,18,10),(11,18,30,'2015-04-01 11:31:21','2015-04-04 11:31:21',100.00,'EUR',NULL,NULL,10.00,0,18,10),(12,11,30,'2014-12-20 11:31:21','2014-12-30 11:31:21',100.00,'USD',NULL,NULL,10.00,0,NULL,10),(13,18,30,'2015-01-01 11:31:21','2015-01-07 11:31:21',100.00,'USD',NULL,NULL,10.00,0,18,10),(16,18,30,'2015-07-15 12:00:00','2015-07-22 12:00:00',50.00,'USD',NULL,NULL,0.00,0,18,10);

--
-- Table structure for table `reviews`
--

DROP TABLE IF EXISTS `reviews`;
/*!40101 SET @saved_cs_client     = @@character_set_client */;
/*!40101 SET character_set_client = utf8 */;
CREATE TABLE `reviews` (
  `id` int(11) NOT NULL AUTO_INCREMENT,
  `listing_id` int(11) DEFAULT NULL,
  `user_id` int(11) DEFAULT NULL,
  `stars` int(11) DEFAULT NULL,
  `message` text COLLATE utf8_unicode_ci,
  `is_visible` tinyint(1) DEFAULT NULL,
  `date_publish` datetime DEFAULT NULL,
  `user_mail` varchar(45) COLLATE utf8_unicode_ci DEFAULT NULL,
  PRIMARY KEY (`id`)
) ENGINE=InnoDB AUTO_INCREMENT=4 DEFAULT CHARSET=utf8 COLLATE=utf8_unicode_ci;
/*!40101 SET character_set_client = @saved_cs_client */;

--
-- Dumping data for table `reviews`
--

INSERT INTO `reviews` VALUES (2,14,8,4,'Maecenas id efficitur augue. Nulla nec urna congue, accumsan tellus eget, varius nulla. ',1,'2014-09-15 22:55:00',NULL),(3,14,9,2,'Lorem ipsum dolor sit amet, consectetur adipiscing elit. Donec ultrices, quam vitae volutpat rutrum, dui tellus posuere velit, vitae porta lectus orci sed lectus.',1,'2014-09-18 23:29:26',NULL);

--
-- Table structure for table `saved_search`
--

DROP TABLE IF EXISTS `saved_search`;
/*!40101 SET @saved_cs_client     = @@character_set_client */;
/*!40101 SET character_set_client = utf8 */;
CREATE TABLE `saved_search` (
  `id` int(11) NOT NULL AUTO_INCREMENT,
  `user_id` int(11) DEFAULT NULL,
  `lang_code` varchar(45) COLLATE utf8_unicode_ci DEFAULT NULL,
  `activated` tinyint(1) DEFAULT '1',
  `date_created` datetime DEFAULT NULL,
  `date_last_informed` datetime DEFAULT NULL,
  `parameters` text COLLATE utf8_unicode_ci COMMENT 'parameters saved in JSON format',
  `delivery_frequency_h` int(11) DEFAULT '24',
  PRIMARY KEY (`id`)
) ENGINE=InnoDB DEFAULT CHARSET=utf8 COLLATE=utf8_unicode_ci;
/*!40101 SET character_set_client = @saved_cs_client */;

--
-- Dumping data for table `saved_search`
--


--
-- Table structure for table `settings`
--

DROP TABLE IF EXISTS `settings`;
/*!40101 SET @saved_cs_client     = @@character_set_client */;
/*!40101 SET character_set_client = utf8 */;
CREATE TABLE `settings` (
  `id` int(11) NOT NULL AUTO_INCREMENT,
  `field` varchar(100) COLLATE utf8_unicode_ci DEFAULT NULL,
  `value` text COLLATE utf8_unicode_ci,
  PRIMARY KEY (`id`)
) ENGINE=InnoDB AUTO_INCREMENT=9695 DEFAULT CHARSET=utf8 COLLATE=utf8_unicode_ci;
/*!40101 SET character_set_client = @saved_cs_client */;

--
-- Dumping data for table `settings`
--

INSERT INTO `settings` VALUES (653,'rating_enabled','1'),(6849,'address','Ilica 345, HR-10000 Zagreb 1'),(6850,'websitetitle','Real estate point'),(6851,'gps','45.81308594833956, 15.966937947021506'),(6852,'map_center','0'),(6853,'email','info@my-website.com'),(6854,'email_alert','1'),(6855,'phone','+385 (0)1 123 321'),(6856,'fax','+385 (0)1 123 322'),(6857,'address_footer','<b>Estate</b>Point<br />\r\nReal estate agency from Croatia<br />\r\nIlica 345<br />\r\nHR-10000 Zagreb'),(7145,'custom_fields_code','{  \"PRIMARY\": {  \"1\":{\"type\":\"INPUTBOX\" ,\"type\":\"INPUTBOX\" ,\"rel\":\"1\" ,\"style\":\"\" ,\"class\":\"\" ,\"label_1\":\"a_english\" ,\"values_1\":\"\" ,\"label_2\":\"a_cro\" ,\"values_2\":\"\"} ,\"2\":{\"type\":\"TEXTAREA\" ,\"type\":\"TEXTAREA\" ,\"rel\":\"2\" ,\"style\":\"\" ,\"class\":\"\" ,\"label_1\":\"b_english\" ,\"values_1\":\"\" ,\"label_2\":\"b_cro\" ,\"values_2\":\"\"} ,\"3\":{\"type\":\"CHECKBOX\" ,\"rel\":\"3\" ,\"style\":\"\" ,\"class\":\"\" ,\"label_1\":\"check_en\" ,\"values_1\":\"\" ,\"label_2\":\"check_cro\" ,\"values_2\":\"\"} } }'),(9612,'template','bootstrap4'),(9613,'tracking','<script type=\"text/javascript\">  var _gaq = _gaq || [];  _gaq.push([\'_setAccount\', \'UA-683342-5\']);  _gaq.push([\'_trackPageview\']);  (function() {    var ga = document.createElement(\'script\'); ga.type = \'text/javascript\'; ga.async = true;    ga.src = (\'https:\' == document.location.protocol ? \'https://ssl\' : \'http://www\') + \'.google-analytics.com/ga.js\';    var s = document.getElementsByTagName(\'script\')[0]; s.parentNode.insertBefore(ga, s);  })();</script>'),(9614,'facebook','<!-- AddThis Button BEGIN -->\r\n<div class=\"addthis_toolbox addthis_default_style addthis_32x32_style\">\r\n<a class=\"addthis_button_facebook\">\r\n    <div class=\"custom-icon at15t_facebook\"> </div>\r\n</a>\r\n<a class=\"addthis_button_twitter\">\r\n    <div class=\"custom-icon at15t_twitter\"> </div>\r\n</a>\r\n<a class=\"addthis_button_google_plusone_share\">\r\n    <div class=\"custom-icon at15t_google_plusone_share\"> </div>\r\n</a>\r\n</div>\r\n<script type=\"text/javascript\">var addthis_config = {\"data_track_addressbar\":false};</script>\r\n<script type=\"text/javascript\" src=\"//s7.addthis.com/js/300/addthis_widget.js#pubid=sandiwinter\"></script>\r\n<!-- AddThis Button END -->'),(9615,'facebook_top','<!-- Go to www.addthis.com/dashboard to customize your tools -->\r\n<div class=\"addthis_sharing_toolbox\"></div>'),(9616,'facebook_jsdk','<div id=\"fb-root\"></div>\r\n<script>(function(d, s, id) {\r\n  var js, fjs = d.getElementsByTagName(s)[0];\r\n  if (d.getElementById(id)) return;\r\n  js = d.createElement(s); js.id = id;\r\n  js.src = \"//connect.facebook.net/en_EN/all.js#xfbml=1&appId=349715428511591&version=v2.0\";\r\n  fjs.parentNode.insertBefore(js, fjs);\r\n}(document, \'script\', \'facebook-jssdk\'));</script>'),(9617,'facebook_comments','<div class=\"fb-comments\" data-href=\"http://example.com/comments\" data-width=\"100%\" data-numposts=\"5\" data-colorscheme=\"light\"></div>'),(9618,'useful_links','<ul class=\"menu nav\">\r\n                            <li class=\"first leaf\"><a href=\"#\">404 page</a></li>\r\n                            <li class=\"leaf\"><a href=\"#\">About us</a></li>\r\n                            <li class=\"leaf\"><a href=\"#\">Contact us</a></li>\r\n                            <li class=\"leaf\"><a href=\"#\">FAQ</a></li>\r\n                            <li class=\"leaf\"><a href=\"#\">Grid system</a></li>\r\n                            <li class=\"leaf\"><a href=\"#\">Our agents</a></li>\r\n                            <li class=\"last leaf\"><a href=\"#\">Typography</a></li>\r\n                        </ul>'),(9619,'website_logo','284'),(9620,'website_favicon','308'),(9621,'watermark_img','309'),(9622,'search_background','285'),(9623,'color',''),(9624,'design_parameters',''),(9625,'css_variant',''),(9660,'noreply','noreply@loggingforest.com'),(9661,'zoom','8'),(9662,'paypal_email','sandi.winter@gmail.com'),(9663,'payments_enabled','1'),(9664,'walkscore_enabled','1'),(9665,'property_subm_disabled','0'),(9666,'maps_api_key','AIzaSyB0lxCRSHcNPBu5hq3wsmY1KhcBq5Tlwi8'),(9667,'listing_expiry_days','0'),(9668,'activation_price','5'),(9669,'featured_price','10'),(9670,'default_currency','USD'),(9671,'authorize_api_login_id',''),(9672,'authorize_api_hash_secret',''),(9673,'authorize_api_transaction_key',''),(9674,'payu_api_pos_id','145227'),(9675,'payu_api_key_1','855d965e9d74eba29060e76fbbbe02b3'),(9676,'payu_api_key_2','13a980d4f851f3d9a1cfc792fb1f5e50'),(9677,'payu_api_auth_key','JaeyELi'),(9678,'adsense728_90','<script async src=\"//pagead2.googlesyndication.com/pagead/js/adsbygoogle.js\"></script>\r\n<!-- Real estate responsive -->\r\n<ins class=\"adsbygoogle\"\r\n     style=\"display:block\"\r\n     data-ad-client=\"ca-pub-6994200887384132\"\r\n     data-ad-slot=\"6454101571\"\r\n     data-ad-format=\"auto\"></ins>\r\n<script>\r\n(adsbygoogle = window.adsbygoogle || []).push({});\r\n</script>'),(9679,'adsense160_600','<script async src=\"//pagead2.googlesyndication.com/pagead/js/adsbygoogle.js\"></script>\r\n<!-- Real estate right -->\r\n<ins class=\"adsbygoogle\"\r\n     style=\"display:inline-block;width:160px;height:600px\"\r\n     data-ad-client=\"ca-pub-6994200887384132\"\r\n     data-ad-slot=\"7090863570\"></ins>\r\n<script>\r\n(adsbygoogle = window.adsbygoogle || []).push({});\r\n</script>'),(9680,'reviews_enabled','1'),(9681,'reviews_public_visible_enabled','1'),(9682,'showroom_slideshow_enabled','1'),(9683,'withdrawal_details','IBAN: HR43 2340009 3207462177<br/>\r\nSWIFT: PBZGHR2X'),(9684,'booking_fee','10'),(9685,'page_offline','0'),(9686,'page_offline_message','Page is currently offline'),(9687,'enable_qs','1'),(9688,'multilang_on_qs','0'),(9689,'js_date_format','yyyy-MM-dd'),(9690,'php_date_format',''),(9691,'word_filtering',''),(9692,'clickatell_api_key',''),(9693,'map_version','open_street'),(9694,'limit_markers','100');

--
-- Table structure for table `showroom`
--

DROP TABLE IF EXISTS `showroom`;
/*!40101 SET @saved_cs_client     = @@character_set_client */;
/*!40101 SET character_set_client = utf8 */;
CREATE TABLE `showroom` (
  `id` int(11) NOT NULL AUTO_INCREMENT,
  `parent_id` int(11) DEFAULT NULL,
  `order` int(11) DEFAULT NULL,
  `type` varchar(45) COLLATE utf8_unicode_ci NOT NULL DEFAULT 'CATEGORY',
  `date` datetime DEFAULT NULL,
  `date_modified` datetime DEFAULT NULL,
  `date_publish` datetime DEFAULT NULL,
  `template` varchar(100) COLLATE utf8_unicode_ci DEFAULT NULL,
  `slug` varchar(160) COLLATE utf8_unicode_ci DEFAULT NULL,
  `repository_id` int(11) DEFAULT NULL,
  `gps` varchar(100) COLLATE utf8_unicode_ci DEFAULT NULL,
  `address` varchar(200) COLLATE utf8_unicode_ci DEFAULT NULL,
  `contact_email` varchar(100) COLLATE utf8_unicode_ci DEFAULT NULL,
  `image_filename` varchar(200) COLLATE utf8_unicode_ci DEFAULT NULL,
  PRIMARY KEY (`id`)
) ENGINE=InnoDB AUTO_INCREMENT=7 DEFAULT CHARSET=utf8 COLLATE=utf8_unicode_ci;
/*!40101 SET character_set_client = @saved_cs_client */;

--
-- Dumping data for table `showroom`
--

INSERT INTO `showroom` VALUES (1,0,1,'CATEGORY','2014-04-26 14:15:16',NULL,NULL,NULL,NULL,280,NULL,NULL,NULL,NULL),(2,0,3,'CATEGORY','2014-04-26 14:17:59',NULL,NULL,NULL,NULL,281,NULL,NULL,NULL,NULL),(3,1,2,'CATEGORY','2014-04-26 14:22:01',NULL,NULL,NULL,NULL,NULL,NULL,NULL,NULL,NULL),(4,3,2,'COMPANY','2014-04-26 20:20:17',NULL,'2014-04-26 20:16:59','showroom_company',NULL,241,'46.36667726352153, 16.1281658000305','Cestica, Croatia','tire-repair@mydomain.com','wap-logo v2.png'),(5,1,2,'COMPANY','2014-04-28 20:36:54',NULL,'2014-04-28 20:35:41','showroom_company',NULL,243,'45.8020205655489, 16.156422732031274','Zagreb, Croatia','sandi.winter@gmail.com','logo-350.png'),(6,2,3,'COMPANY','2014-04-28 20:40:48',NULL,'2014-04-28 20:39:54','showroom_company',NULL,244,'46.38895474076167, 16.0408969904297','zavrÄ, slovenia','zavrc@mydomain.com','cropped-logo2.png');

--
-- Table structure for table `showroom_lang`
--

DROP TABLE IF EXISTS `showroom_lang`;
/*!40101 SET @saved_cs_client     = @@character_set_client */;
/*!40101 SET character_set_client = utf8 */;
CREATE TABLE `showroom_lang` (
  `id_showroom_lang` int(11) NOT NULL AUTO_INCREMENT,
  `showroom_id` int(11) NOT NULL,
  `language_id` int(11) NOT NULL,
  `title` varchar(160) COLLATE utf8_unicode_ci DEFAULT NULL,
  `window_title` varchar(160) COLLATE utf8_unicode_ci DEFAULT NULL,
  `body` text COLLATE utf8_unicode_ci,
  `description` text COLLATE utf8_unicode_ci,
  `keywords` varchar(200) COLLATE utf8_unicode_ci DEFAULT NULL,
  PRIMARY KEY (`id_showroom_lang`),
  KEY `fk_showroom_lang_showroom1_idx` (`showroom_id`),
  KEY `fk_showroom_lang_language1_idx` (`language_id`),
  CONSTRAINT `fk_showroom_lang_language1` FOREIGN KEY (`language_id`) REFERENCES `language` (`id`) ON DELETE NO ACTION ON UPDATE NO ACTION,
  CONSTRAINT `fk_showroom_lang_showroom1` FOREIGN KEY (`showroom_id`) REFERENCES `showroom` (`id`) ON DELETE NO ACTION ON UPDATE NO ACTION
) ENGINE=InnoDB AUTO_INCREMENT=19 DEFAULT CHARSET=utf8 COLLATE=utf8_unicode_ci;
/*!40101 SET character_set_client = @saved_cs_client */;

--
-- Dumping data for table `showroom_lang`
--

INSERT INTO `showroom_lang` VALUES (1,1,1,'Car services','Car services','','Car services','Car services'),(2,1,2,'Car services','Car services','','Car services','Car services'),(3,2,1,'Real estate services','Real estate services','','','Real estate services'),(4,2,2,'Real estate services','Real estate services','','','Real estate services'),(5,3,1,'Tire repairs','Tire repairs','','','Tire repairs'),(6,3,2,'Vulkanizer','Vulkanizer','','','Vulkanizer'),(13,6,1,'Estate sellers','Estate sellers','<p>\r\nLorem ipsum dolor sit amet, consectetur adipiscing elit. Sed vulputate \r\nnec neque gravida rhoncus. Donec sit amet blandit mauris, sed bibendum \r\nrisus. Cras ut urna semper, facilisis augue sed, imperdiet nulla. Duis \r\ntristique tellus tortor, dapibus gravida sem sodales id. Nullam quis \r\nconvallis libero, vitae pulvinar nisi.</p><p><span style=\"font-weight: bold;\">Nam eget est facilisis, porta mi \r\nac, ultricies enim. Proin nisi diam, eleifend ac eleifend in, dapibus in\r\n orci. Vestibulum elementum lectus non nisl venenatis, tempus molestie \r\nnisi tempus. Pellentesque facilisis nibh nec purus blandit, id aliquam \r\nlorem fermentum.\r\n</span></p>\r\n<p>\r\n<span style=\"font-style: italic;\">Ut erat lacus, sagittis ac leo eu, molestie mattis libero. Nam sit amet \r\nmassa et magna porttitor eleifend a aliquam nunc. Pellentesque a est a \r\naugue dignissim tristique eu nec augue. Integer pretium sollicitudin \r\ntellus, quis hendrerit nunc accumsan et. Fusce bibendum a neque vel \r\nfringilla. Vivamus viverra enim at purus gravida, in elementum neque \r\neleifend. Curabitur sodales dapibus urna, at mattis lacus eleifend non. \r\nDonec ultricies porta orci eu congue. Nulla sodales arcu a libero \r\naliquet, nec aliquam ante sagittis.</span></p>','Lorem ipsum dolor sit amet, consectetur adipiscing elit. Sed vulputate nec neque gravida rhoncus. Donec sit amet blandit mauris, sed bibendum risus.','Estate sellers'),(14,6,2,'Estate sellers','Estate sellers','<p>\r\nLorem ipsum dolor sit amet, consectetur adipiscing elit. Sed vulputate \r\nnec neque gravida rhoncus. Donec sit amet blandit mauris, sed bibendum \r\nrisus. Cras ut urna semper, facilisis augue sed, imperdiet nulla. Duis \r\ntristique tellus tortor, dapibus gravida sem sodales id. Nullam quis \r\nconvallis libero, vitae pulvinar nisi.</p><p><span style=\"font-weight: bold;\">Nam eget est facilisis, porta mi \r\nac, ultricies enim. Proin nisi diam, eleifend ac eleifend in, dapibus in\r\n orci. Vestibulum elementum lectus non nisl venenatis, tempus molestie \r\nnisi tempus. Pellentesque facilisis nibh nec purus blandit, id aliquam \r\nlorem fermentum.\r\n</span></p>\r\n<p>\r\n<span style=\"font-style: italic;\">Ut erat lacus, sagittis ac leo eu, molestie mattis libero. Nam sit amet \r\nmassa et magna porttitor eleifend a aliquam nunc. Pellentesque a est a \r\naugue dignissim tristique eu nec augue. Integer pretium sollicitudin \r\ntellus, quis hendrerit nunc accumsan et. Fusce bibendum a neque vel \r\nfringilla. Vivamus viverra enim at purus gravida, in elementum neque \r\neleifend. Curabitur sodales dapibus urna, at mattis lacus eleifend non. \r\nDonec ultricies porta orci eu congue. Nulla sodales arcu a libero \r\naliquet, nec aliquam ante sagittis.</span></p>','Lorem ipsum dolor sit amet, consectetur adipiscing elit. Sed vulputate nec neque gravida rhoncus. Donec sit amet blandit mauris, sed bibendum risus.','Estate sellers'),(15,4,1,'Vulkanizer d.o.o.','Vulkanizer d.o.o.','<p>\r\nLorem ipsum dolor sit amet, consectetur adipiscing elit. Sed vulputate \r\nnec neque gravida rhoncus. Donec sit amet blandit mauris, sed bibendum \r\nrisus. Cras ut urna semper, facilisis augue sed, imperdiet nulla. Duis \r\ntristique tellus tortor, dapibus gravida sem sodales id. Nullam quis \r\nconvallis libero, vitae pulvinar nisi.</p><p><span style=\"font-weight: bold;\">Nam eget est facilisis, porta mi \r\nac, ultricies enim. Proin nisi diam, eleifend ac eleifend in, dapibus in\r\n orci. Vestibulum elementum lectus non nisl venenatis, tempus molestie \r\nnisi tempus. Pellentesque facilisis nibh nec purus blandit, id aliquam \r\nlorem fermentum.\r\n</span></p>\r\n<p>\r\n<span style=\"font-style: italic;\">Ut erat lacus, sagittis ac leo eu, molestie mattis libero. Nam sit amet \r\nmassa et magna porttitor eleifend a aliquam nunc. Pellentesque a est a \r\naugue dignissim tristique eu nec augue. Integer pretium sollicitudin \r\ntellus, quis hendrerit nunc accumsan et. Fusce bibendum a neque vel \r\nfringilla. Vivamus viverra enim at purus gravida, in elementum neque \r\neleifend. Curabitur sodales dapibus urna, at mattis lacus eleifend non. \r\nDonec ultricies porta orci eu congue. Nulla sodales arcu a libero \r\naliquet, nec aliquam ante sagittis.</span></p>','Lorem ipsum dolor sit amet, consectetur adipiscing elit. Sed vulputate nec neque gravida rhoncus. Donec sit amet blandit mauris, sed bibendum risus.','tire repair, cestica, company,car'),(16,4,2,'Vulkanizer d.o.o.','Vulkanizer d.o.o.','<p>\r\nLorem ipsum dolor sit amet, consectetur adipiscing elit. Sed vulputate \r\nnec neque gravida rhoncus. Donec sit amet blandit mauris, sed bibendum \r\nrisus. Cras ut urna semper, facilisis augue sed, imperdiet nulla. Duis \r\ntristique tellus tortor, dapibus gravida sem sodales id. Nullam quis \r\nconvallis libero, vitae pulvinar nisi.</p><p><span style=\"font-weight: bold;\">Nam eget est facilisis, porta mi \r\nac, ultricies enim. Proin nisi diam, eleifend ac eleifend in, dapibus in\r\n orci. Vestibulum elementum lectus non nisl venenatis, tempus molestie \r\nnisi tempus. Pellentesque facilisis nibh nec purus blandit, id aliquam \r\nlorem fermentum.\r\n</span></p>\r\n<p>\r\n<span style=\"font-style: italic;\">Ut erat lacus, sagittis ac leo eu, molestie mattis libero. Nam sit amet \r\nmassa et magna porttitor eleifend a aliquam nunc. Pellentesque a est a \r\naugue dignissim tristique eu nec augue. Integer pretium sollicitudin \r\ntellus, quis hendrerit nunc accumsan et. Fusce bibendum a neque vel \r\nfringilla. Vivamus viverra enim at purus gravida, in elementum neque \r\neleifend. Curabitur sodales dapibus urna, at mattis lacus eleifend non. \r\nDonec ultricies porta orci eu congue. Nulla sodales arcu a libero \r\naliquet, nec aliquam ante sagittis.</span></p>','Lorem ipsum dolor sit amet, consectetur adipiscing elit. Sed vulputate nec neque gravida rhoncus. Donec sit amet blandit mauris, sed bibendum risus.','vulkanizer, cestica,car'),(17,5,1,'Towing service ltd','Towing service ltd','<p>\r\nLorem ipsum dolor sit amet, consectetur adipiscing elit. Sed vulputate \r\nnec neque gravida rhoncus. Donec sit amet blandit mauris, sed bibendum \r\nrisus. Cras ut urna semper, facilisis augue sed, imperdiet nulla. Duis \r\ntristique tellus tortor, dapibus gravida sem sodales id. Nullam quis \r\nconvallis libero, vitae pulvinar nisi.</p><p><span style=\"font-weight: bold;\">Nam eget est facilisis, porta mi \r\nac, ultricies enim. Proin nisi diam, eleifend ac eleifend in, dapibus in\r\n orci. Vestibulum elementum lectus non nisl venenatis, tempus molestie \r\nnisi tempus. Pellentesque facilisis nibh nec purus blandit, id aliquam \r\nlorem fermentum.\r\n</span></p>\r\n<p>\r\n<span style=\"font-style: italic;\">Ut erat lacus, sagittis ac leo eu, molestie mattis libero. Nam sit amet \r\nmassa et magna porttitor eleifend a aliquam nunc. Pellentesque a est a \r\naugue dignissim tristique eu nec augue. Integer pretium sollicitudin \r\ntellus, quis hendrerit nunc accumsan et. Fusce bibendum a neque vel \r\nfringilla. Vivamus viverra enim at purus gravida, in elementum neque \r\neleifend. Curabitur sodales dapibus urna, at mattis lacus eleifend non. \r\nDonec ultricies porta orci eu congue. Nulla sodales arcu a libero \r\naliquet, nec aliquam ante sagittis.</span></p>','Lorem ipsum dolor sit amet, consectetur adipiscing elit. Sed vulputate nec neque gravida rhoncus. Donec sit amet blandit mauris, sed bibendum risus.','towing,car,service'),(18,5,2,'Towing service ltd','Towing service ltd','<p>\r\nLorem ipsum dolor sit amet, consectetur adipiscing elit. Sed vulputate \r\nnec neque gravida rhoncus. Donec sit amet blandit mauris, sed bibendum \r\nrisus. Cras ut urna semper, facilisis augue sed, imperdiet nulla. Duis \r\ntristique tellus tortor, dapibus gravida sem sodales id. Nullam quis \r\nconvallis libero, vitae pulvinar nisi.</p><p><span style=\"font-weight: bold;\">Nam eget est facilisis, porta mi \r\nac, ultricies enim. Proin nisi diam, eleifend ac eleifend in, dapibus in\r\n orci. Vestibulum elementum lectus non nisl venenatis, tempus molestie \r\nnisi tempus. Pellentesque facilisis nibh nec purus blandit, id aliquam \r\nlorem fermentum.\r\n</span></p>\r\n<p>\r\n<span style=\"font-style: italic;\">Ut erat lacus, sagittis ac leo eu, molestie mattis libero. Nam sit amet \r\nmassa et magna porttitor eleifend a aliquam nunc. Pellentesque a est a \r\naugue dignissim tristique eu nec augue. Integer pretium sollicitudin \r\ntellus, quis hendrerit nunc accumsan et. Fusce bibendum a neque vel \r\nfringilla. Vivamus viverra enim at purus gravida, in elementum neque \r\neleifend. Curabitur sodales dapibus urna, at mattis lacus eleifend non. \r\nDonec ultricies porta orci eu congue. Nulla sodales arcu a libero \r\naliquet, nec aliquam ante sagittis.</span></p>','Lorem ipsum dolor sit amet, consectetur adipiscing elit. Sed vulputate nec neque gravida rhoncus. Donec sit amet blandit mauris, sed bibendum risus.','towing,car,service');

--
-- Table structure for table `slideshow`
--

DROP TABLE IF EXISTS `slideshow`;
/*!40101 SET @saved_cs_client     = @@character_set_client */;
/*!40101 SET character_set_client = utf8 */;
CREATE TABLE `slideshow` (
  `id` int(11) NOT NULL AUTO_INCREMENT,
  `repository_id` int(11) DEFAULT NULL,
  `date` datetime DEFAULT NULL,
  PRIMARY KEY (`id`)
) ENGINE=InnoDB AUTO_INCREMENT=3 DEFAULT CHARSET=utf8 COLLATE=utf8_unicode_ci;
/*!40101 SET character_set_client = @saved_cs_client */;

--
-- Dumping data for table `slideshow`
--

INSERT INTO `slideshow` VALUES (2,22,'2013-12-29 11:53:16');

--
-- Table structure for table `slugs`
--

DROP TABLE IF EXISTS `slugs`;
/*!40101 SET @saved_cs_client     = @@character_set_client */;
/*!40101 SET character_set_client = utf8 */;
CREATE TABLE `slugs` (
  `id` int(11) NOT NULL AUTO_INCREMENT,
  `model_name` varchar(45) COLLATE utf8_unicode_ci DEFAULT 'page_m',
  `model_id` int(11) DEFAULT NULL,
  `model_lang_code` varchar(15) COLLATE utf8_unicode_ci DEFAULT 'en',
  `model_lang_id` int(11) DEFAULT '1',
  `slug` varchar(100) COLLATE utf8_unicode_ci DEFAULT NULL,
  `real_url` text COLLATE utf8_unicode_ci,
  PRIMARY KEY (`id`)
) ENGINE=InnoDB AUTO_INCREMENT=419 DEFAULT CHARSET=utf8 COLLATE=utf8_unicode_ci;
/*!40101 SET character_set_client = @saved_cs_client */;

--
-- Dumping data for table `slugs`
--

INSERT INTO `slugs` VALUES (21,'page_m',169,'en',1,'agents',NULL),(22,'page_m',169,'hr',2,'agenti',NULL),(23,'page_m',147,'en',1,'featured',NULL),(24,'page_m',147,'hr',2,'izdvojene',NULL),(27,'page_m',142,'en',1,'test-page',NULL),(28,'page_m',142,'hr',2,'test-stranica',NULL),(39,'page_m',2,'en',1,'sale',NULL),(40,'page_m',2,'hr',2,'prodaja',NULL),(41,'page_m',144,'en',1,'sale-and-rent',NULL),(42,'page_m',144,'hr',2,'prodaja-i-najam',NULL),(43,'page_m',4,'en',1,'contact',NULL),(44,'page_m',4,'hr',2,'kontakt',NULL),(75,'page_m',3,'en',1,'rent',NULL),(76,'page_m',3,'hr',2,'najam',NULL),(193,'page_m',173,'en',1,'sitemap',NULL),(194,'page_m',173,'hr',2,'sitemap1',NULL),(223,'treefield_m',22,'en',1,'winnipeg',NULL),(224,'treefield_m',22,'hr',2,'winnipeg1',NULL),(225,'custom',NULL,'en',1,'winnipeg-test','winnipeg.htm?search={\"search_option_smart\": \"zagreb\",\"test\":\"test2\"}'),(226,'custom',NULL,'en',1,'winnipeg-test-2','map.htm'),(227,'custom',NULL,'en',1,'winnipeg-test-3','index.php/en/6/map'),(312,'page_m',5,'en',1,'about-us',NULL),(313,'page_m',5,'hr',2,'o-nama',NULL),(340,'custom',NULL,'en',1,'test-fabian','index.php/en?search={ \"search_option_2\":\"Apartment\", \"search_option_4\":\"Rent\", \"search_option_22\":\"true\",\"search_option_11\":\"true\"}'),(351,'estate_m',18,'en',1,'small-beauty',NULL),(352,'estate_m',18,'hr',2,'malena-ljepotica',NULL),(367,'page_m',6,'en',1,'map',NULL),(368,'page_m',6,'hr',2,'karta',NULL),(369,'estate_m',30,'en',1,'bjelovar-estate',NULL),(370,'estate_m',30,'hr',2,'bjelovar-nekretnina',NULL),(371,'estate_m',8,'en',1,'ozalj-apartment',NULL),(372,'estate_m',8,'hr',2,'ozalj-apartman',NULL),(373,'estate_m',19,'en',1,'retro-old',NULL),(374,'estate_m',19,'hr',2,'stari-retro',NULL),(377,'estate_m',16,'en',1,'fear-wood',NULL),(378,'estate_m',16,'hr',2,'drvo-straha',NULL),(389,'estate_m',31,'en',1,'test',NULL),(390,'estate_m',31,'hr',2,'test1',NULL),(397,'page_m',1,'en',1,'homepage',NULL),(398,'page_m',1,'hr',2,'naslovnica',NULL),(407,'estate_m',15,'en',1,'round-towers',NULL),(408,'estate_m',15,'hr',2,'okrugle-kule',NULL),(409,'estate_m',17,'en',1,'classic-american',NULL),(410,'estate_m',17,'hr',2,'americka-kuca',NULL),(417,'page_m',178,'en',1,'map-on-top',NULL),(418,'page_m',178,'hr',2,'karta-na-vrhu',NULL);

--
-- Table structure for table `stats`
--

DROP TABLE IF EXISTS `stats`;
/*!40101 SET @saved_cs_client     = @@character_set_client */;
/*!40101 SET character_set_client = utf8 */;
CREATE TABLE `stats` (
  `id` int(11) NOT NULL AUTO_INCREMENT,
  `property_id` int(11) DEFAULT NULL,
  `time_part_5min` datetime DEFAULT NULL,
  `views` int(11) DEFAULT NULL,
  PRIMARY KEY (`id`)
) ENGINE=InnoDB AUTO_INCREMENT=730 DEFAULT CHARSET=utf8 COLLATE=utf8_unicode_ci;
/*!40101 SET character_set_client = @saved_cs_client */;

--
-- Dumping data for table `stats`
--

INSERT INTO `stats` VALUES (1,14,'2015-03-01 19:15:00',3),(2,14,'2015-03-01 19:20:00',3),(3,14,'2015-03-01 19:40:00',3),(4,14,'2015-03-01 19:45:00',4),(5,14,'2015-03-01 19:50:00',1),(6,14,'2015-03-01 19:55:00',1),(7,9,'2015-03-01 19:55:00',2),(8,8,'2015-03-01 19:55:00',2),(9,14,'2015-03-02 09:35:00',1),(10,14,'2015-03-02 09:45:00',1),(11,14,'2015-03-02 10:00:00',2),(12,14,'2015-03-02 19:45:00',1),(13,14,'2015-03-02 19:55:00',4),(14,14,'2015-03-02 20:30:00',3),(15,14,'2015-03-02 21:10:00',1),(16,14,'2015-03-02 21:15:00',4),(17,14,'2015-03-02 21:30:00',2),(18,14,'2015-03-02 21:35:00',3),(19,14,'2015-03-02 21:40:00',3),(20,14,'2015-03-02 21:45:00',1),(21,14,'2015-03-02 21:50:00',5),(22,14,'2015-03-02 21:55:00',3),(23,14,'2015-03-02 22:00:00',1),(24,14,'2015-03-03 17:10:00',1),(25,14,'2015-03-03 18:10:00',2),(26,14,'2015-03-03 21:00:00',1),(27,14,'2015-03-03 21:15:00',2),(28,14,'2015-03-03 21:25:00',4),(29,14,'2015-03-03 21:50:00',1),(30,14,'2015-03-03 21:55:00',5),(31,14,'2015-03-03 22:00:00',1),(32,14,'2015-03-05 09:25:00',2),(33,12,'2015-03-05 09:25:00',2),(34,12,'2015-03-05 09:30:00',1),(35,14,'2015-03-05 16:45:00',1),(36,14,'2015-03-05 16:50:00',1),(37,14,'2015-03-05 17:20:00',2),(38,14,'2015-03-05 17:25:00',5),(39,14,'2015-03-07 13:45:00',1),(40,14,'2015-03-08 23:00:00',1),(41,14,'2015-03-09 20:05:00',1),(42,16,'2015-03-13 09:20:00',1),(43,30,'2015-03-13 09:25:00',1),(44,12,'2015-03-17 22:15:00',1),(45,8,'2015-03-17 23:10:00',1),(46,30,'2015-03-17 23:10:00',1),(47,14,'2015-03-18 09:15:00',1),(48,30,'2015-03-19 18:45:00',32),(49,14,'2015-03-24 21:35:00',2),(50,14,'2015-03-24 21:50:00',2),(51,14,'2015-03-24 21:55:00',8),(52,14,'2015-03-24 22:00:00',16),(53,14,'2015-03-24 22:05:00',2),(54,14,'2015-03-24 22:15:00',2),(55,14,'2015-03-27 21:35:00',2),(56,14,'2015-03-27 21:55:00',1),(57,14,'2015-03-27 22:00:00',1),(58,14,'2015-03-29 18:25:00',2),(59,14,'2015-03-29 19:00:00',59),(60,14,'2015-03-29 19:25:00',7),(61,14,'2015-03-29 19:05:00',1),(62,14,'2015-03-29 19:50:00',1),(63,14,'2015-03-29 19:55:00',5),(64,14,'2015-03-29 20:00:00',4),(65,14,'2015-03-29 20:05:00',45),(66,14,'2015-03-29 20:10:00',2),(67,14,'2015-03-29 20:15:00',7),(68,14,'2015-03-29 20:20:00',46),(69,14,'2015-03-29 20:25:00',4),(70,14,'2015-03-29 20:30:00',5),(71,14,'2015-03-29 20:35:00',1),(72,19,'2015-04-07 11:10:00',2),(73,19,'2015-04-08 11:25:00',1),(74,19,'2015-04-08 11:30:00',2),(75,8,'2015-04-10 18:55:00',1),(76,8,'2015-04-10 19:05:00',1),(77,8,'2015-04-10 19:45:00',1),(78,14,'2015-04-12 15:30:00',2),(79,14,'2015-04-12 15:35:00',1),(80,30,'2015-04-26 19:55:00',2),(81,8,'2015-05-25 21:10:00',1),(82,8,'2015-05-29 15:30:00',1),(83,8,'2015-05-29 15:50:00',1),(84,14,'2015-06-06 12:10:00',1),(85,14,'2015-06-06 17:45:00',2),(86,14,'2015-06-06 17:50:00',3),(87,14,'2015-06-06 17:55:00',2),(88,14,'2015-06-06 18:00:00',8),(89,14,'2015-06-06 18:05:00',2),(90,14,'2015-06-06 18:10:00',2),(91,30,'2015-06-07 15:15:00',1),(92,14,'2015-06-07 15:20:00',1),(93,14,'2015-06-08 19:45:00',2),(94,8,'2015-06-08 20:00:00',5),(95,14,'2015-06-09 08:30:00',1),(96,12,'2015-06-09 08:30:00',1),(97,14,'2015-06-09 14:45:00',5),(98,14,'2015-06-09 14:50:00',1),(99,14,'2015-06-09 14:55:00',6),(100,14,'2015-06-09 15:00:00',1),(101,14,'2015-06-09 15:05:00',1),(102,14,'2015-06-09 15:10:00',3),(103,12,'2015-06-09 15:10:00',6),(104,12,'2015-06-09 15:15:00',4),(105,12,'2015-06-09 15:20:00',4),(106,12,'2015-06-09 15:25:00',5),(107,12,'2015-06-09 15:30:00',7),(108,12,'2015-06-09 15:35:00',1),(109,12,'2015-06-09 16:10:00',1),(110,12,'2015-06-09 19:15:00',1),(111,12,'2015-06-09 19:20:00',1),(112,12,'2015-06-09 19:45:00',1),(113,12,'2015-06-09 19:50:00',4),(114,12,'2015-06-09 19:55:00',3),(115,12,'2015-06-09 20:00:00',6),(116,14,'2015-06-09 20:05:00',2),(117,14,'2015-06-09 20:10:00',1),(118,14,'2015-06-09 20:15:00',4),(119,13,'2015-06-09 20:20:00',5),(120,30,'2015-06-09 20:20:00',6),(121,7,'2015-06-09 20:20:00',6),(122,7,'2015-06-09 20:25:00',1),(123,7,'2015-06-09 20:30:00',1),(124,30,'2015-06-09 20:40:00',4),(125,30,'2015-06-09 20:45:00',5),(126,12,'2015-06-09 20:55:00',4),(127,12,'2015-06-09 21:00:00',1),(128,30,'2015-06-09 21:00:00',1),(129,8,'2015-06-09 21:00:00',6),(130,30,'2015-06-10 16:20:00',1),(131,30,'2015-06-10 16:25:00',1),(132,30,'2015-06-10 16:30:00',4),(133,30,'2015-06-10 16:35:00',5),(134,30,'2015-06-10 17:45:00',6),(135,30,'2015-06-10 17:50:00',7),(136,30,'2015-06-10 17:55:00',4),(137,30,'2015-06-10 18:00:00',2),(138,12,'2015-06-10 19:15:00',5),(139,7,'2015-06-13 09:45:00',5),(140,7,'2015-06-13 10:00:00',5),(141,30,'2015-06-13 10:00:00',5),(142,30,'2015-06-13 10:05:00',6),(143,30,'2015-06-13 10:10:00',4),(144,30,'2015-06-13 10:15:00',4),(145,30,'2015-06-13 10:20:00',1),(146,8,'2015-06-13 10:20:00',5),(147,7,'2015-06-19 14:10:00',5),(148,30,'2015-06-19 14:10:00',5),(149,14,'2015-06-20 15:30:00',5),(150,7,'2015-06-20 19:10:00',4),(151,30,'2015-06-20 19:10:00',3),(152,30,'2015-06-20 19:25:00',3),(153,30,'2015-06-20 19:30:00',2),(154,30,'2015-06-20 19:35:00',2),(155,12,'2015-06-20 20:10:00',4),(156,12,'2015-06-20 20:15:00',4),(157,12,'2015-06-20 20:20:00',4),(158,30,'2015-06-23 23:50:00',4),(159,7,'2015-06-23 23:50:00',2),(160,8,'2015-06-23 23:50:00',2),(161,30,'2015-06-23 23:55:00',8),(162,14,'2015-06-24 21:40:00',3),(163,12,'2015-06-24 21:40:00',3),(164,8,'2015-06-24 21:40:00',5),(165,30,'2015-06-24 21:40:00',7),(166,19,'2015-06-24 21:40:00',5),(167,18,'2015-06-24 21:40:00',5),(168,8,'2015-06-24 21:45:00',3),(169,8,'2015-07-05 12:05:00',4),(170,30,'2015-07-05 12:05:00',2),(171,8,'2015-07-05 13:40:00',2),(172,30,'2015-07-05 13:40:00',2),(173,9,'2015-07-05 13:55:00',4),(174,30,'2015-07-05 14:05:00',2),(175,14,'2015-07-07 21:40:00',5),(176,14,'2015-07-09 20:00:00',4),(177,19,'2015-07-14 22:00:00',5),(178,14,'2015-07-18 17:20:00',5),(179,14,'2015-07-21 19:40:00',5),(180,14,'2015-07-23 15:20:00',5),(181,13,'2015-07-23 15:20:00',5),(182,30,'2015-07-23 15:20:00',5),(183,14,'2015-07-27 18:50:00',4),(184,18,'2015-07-27 19:00:00',4),(185,14,'2015-07-28 14:30:00',11),(186,14,'2015-07-28 14:40:00',3),(187,14,'2015-07-28 14:55:00',2),(188,14,'2015-07-28 15:00:00',2),(189,14,'2015-07-28 15:05:00',1),(190,30,'2015-07-30 17:10:00',2),(191,19,'2015-07-30 17:15:00',2),(192,7,'2015-07-30 17:30:00',3),(193,19,'2015-08-05 12:00:00',2),(194,19,'2015-08-05 12:05:00',6),(195,19,'2015-08-05 12:10:00',9),(196,19,'2015-08-05 12:15:00',3),(197,19,'2015-08-05 12:20:00',3),(198,19,'2015-08-05 12:25:00',6),(199,19,'2015-08-05 12:30:00',2),(200,14,'2015-08-05 12:40:00',3),(201,14,'2015-08-05 12:45:00',5),(202,14,'2015-08-05 12:50:00',6),(203,14,'2015-08-05 13:00:00',4),(204,14,'2015-08-06 17:05:00',5),(205,30,'2015-08-06 20:05:00',4),(206,14,'2015-08-29 17:35:00',1),(207,14,'2015-08-29 22:35:00',5),(208,14,'2015-09-01 09:05:00',10),(209,14,'2015-09-01 10:30:00',1),(210,14,'2015-09-02 18:00:00',5),(211,14,'2015-09-02 18:05:00',1),(212,14,'2015-09-04 19:45:00',2),(213,14,'2015-09-07 09:30:00',3),(214,8,'2015-09-07 11:20:00',5),(215,8,'2015-09-07 17:15:00',3),(216,7,'2015-09-07 17:15:00',3),(217,30,'2015-09-07 17:15:00',1),(218,30,'2015-09-07 17:20:00',7),(219,8,'2015-09-07 17:20:00',1),(220,7,'2015-09-07 17:20:00',1),(221,14,'2015-09-09 19:20:00',1),(222,9,'2015-09-11 13:15:00',1),(223,13,'2015-09-11 14:25:00',2),(224,9,'2015-09-11 14:45:00',2),(225,14,'2015-09-11 21:05:00',3),(226,14,'2015-09-11 21:10:00',3),(227,14,'2015-09-11 21:15:00',4),(228,14,'2015-09-11 21:20:00',4),(229,14,'2015-09-11 21:25:00',4),(230,14,'2015-09-11 21:30:00',4),(231,14,'2015-09-11 21:35:00',5),(232,14,'2015-09-11 21:40:00',8),(233,14,'2015-09-11 21:45:00',2),(234,14,'2015-09-11 21:50:00',2),(235,14,'2015-09-11 21:55:00',10),(236,14,'2015-09-11 22:00:00',6),(237,14,'2015-09-11 22:05:00',1),(238,14,'2015-09-11 22:10:00',11),(239,14,'2015-09-11 22:15:00',6),(240,14,'2015-09-11 22:20:00',3),(241,14,'2015-09-11 22:30:00',1),(242,14,'2015-09-12 18:10:00',3),(243,7,'2015-09-14 17:40:00',3),(244,30,'2015-09-14 17:40:00',3),(245,30,'2015-09-14 18:20:00',1),(246,30,'2015-09-14 18:25:00',1),(247,30,'2015-09-14 19:45:00',3),(248,30,'2015-09-14 20:10:00',1),(249,30,'2015-09-14 20:20:00',1),(250,30,'2015-09-15 17:25:00',3),(251,14,'2015-09-16 17:05:00',3),(252,14,'2015-09-22 20:35:00',2),(253,7,'2015-09-23 19:25:00',1),(254,7,'2015-09-23 19:35:00',1),(255,7,'2015-09-23 19:45:00',2),(256,7,'2015-09-23 19:55:00',1),(257,7,'2015-09-23 20:00:00',3),(258,7,'2015-09-24 10:45:00',21),(259,7,'2015-09-24 10:50:00',1),(260,7,'2015-09-24 11:15:00',2),(261,7,'2015-09-24 11:20:00',2),(262,7,'2015-09-24 11:25:00',2),(263,7,'2015-09-24 11:30:00',2),(264,7,'2015-09-24 11:40:00',7),(265,7,'2015-09-24 11:45:00',4),(266,7,'2015-09-24 11:50:00',1),(267,7,'2015-09-24 11:55:00',7),(268,7,'2015-09-24 12:00:00',4),(269,7,'2015-09-24 12:05:00',4),(270,7,'2015-09-24 12:20:00',1),(271,7,'2015-09-24 12:35:00',1),(272,7,'2015-09-24 12:40:00',2),(273,7,'2015-09-24 12:45:00',2),(274,7,'2015-09-24 12:50:00',1),(275,14,'2015-09-24 16:05:00',2),(276,29,'2015-09-24 16:15:00',1),(277,12,'2015-09-25 19:45:00',3),(278,14,'2015-09-26 13:20:00',1),(279,14,'2015-09-27 10:15:00',4),(280,14,'2015-09-27 10:20:00',1),(281,14,'2015-09-27 10:25:00',1),(282,14,'2015-09-27 10:30:00',1),(283,8,'2015-09-28 23:05:00',1),(284,8,'2015-09-28 23:10:00',1),(285,8,'2015-09-28 23:15:00',5),(286,8,'2015-09-28 23:20:00',2),(287,8,'2015-09-28 23:30:00',3),(288,9,'2015-09-28 23:30:00',2),(289,30,'2015-09-28 23:35:00',2),(290,14,'2015-10-04 11:00:00',3),(291,14,'2015-10-04 17:15:00',2),(292,14,'2015-10-10 20:00:00',1),(293,14,'2015-10-11 11:00:00',1),(294,14,'2015-10-12 11:55:00',1),(295,12,'2015-10-12 16:20:00',2),(296,14,'2015-10-12 16:20:00',1),(297,17,'2015-10-12 22:05:00',3),(298,31,'2015-10-13 17:25:00',5),(299,14,'2015-10-13 17:30:00',4),(300,31,'2015-10-13 17:30:00',1),(301,8,'2015-10-13 21:05:00',3),(302,30,'2015-10-13 21:05:00',3),(303,7,'2015-10-13 21:05:00',3),(304,14,'2015-10-14 18:05:00',1),(305,30,'2015-10-18 11:45:00',1),(306,30,'2015-10-18 12:10:00',2),(307,30,'2015-10-18 12:15:00',7),(308,30,'2015-10-18 12:20:00',1),(309,30,'2015-10-18 13:55:00',1),(310,30,'2015-10-21 12:40:00',2),(311,30,'2015-10-23 20:30:00',1),(312,12,'2015-10-23 20:55:00',1),(313,7,'2015-10-23 20:55:00',1),(314,30,'2015-10-24 11:30:00',1),(315,29,'2015-10-24 11:35:00',1),(316,29,'2015-10-24 12:05:00',2),(317,14,'2015-10-24 20:05:00',1),(318,12,'2015-10-24 20:05:00',2),(319,12,'2015-10-25 10:50:00',1),(320,14,'2015-10-25 10:50:00',1),(321,30,'2015-10-25 16:20:00',1),(322,12,'2015-10-30 19:55:00',4),(323,8,'2015-10-31 09:30:00',3),(324,8,'2015-10-31 09:35:00',1),(325,8,'2015-10-31 09:45:00',1),(326,7,'2015-10-31 10:00:00',1),(327,14,'2015-11-08 15:45:00',4),(328,14,'2015-11-12 16:30:00',1),(329,14,'2015-11-12 16:40:00',2),(330,14,'2015-11-12 17:30:00',6),(331,14,'2015-11-12 17:50:00',1),(332,14,'2015-11-12 18:00:00',4),(333,14,'2015-11-12 19:00:00',44),(334,14,'2015-11-12 19:05:00',93),(335,14,'2015-11-12 19:10:00',145),(336,14,'2015-11-12 19:15:00',49),(337,14,'2015-11-12 19:20:00',3),(338,14,'2015-11-12 19:25:00',2),(339,14,'2015-11-12 19:30:00',7),(340,14,'2015-11-12 19:35:00',6),(341,12,'2015-11-13 10:35:00',1),(342,12,'2015-11-13 12:10:00',1),(343,12,'2015-11-13 12:20:00',4),(344,19,'2015-11-13 12:20:00',1),(345,12,'2015-11-13 12:25:00',4),(346,19,'2015-11-13 12:25:00',3),(347,12,'2015-11-13 19:00:00',1),(348,8,'2015-11-14 11:35:00',1),(349,14,'2015-11-18 15:40:00',1),(350,14,'2015-11-18 15:50:00',2),(351,14,'2015-11-18 15:55:00',1),(352,14,'2015-11-18 16:00:00',5),(353,14,'2015-11-18 19:25:00',1),(354,14,'2015-11-18 19:30:00',4),(355,14,'2015-11-18 19:35:00',1),(356,8,'2015-11-19 10:50:00',1),(357,8,'2015-11-19 10:55:00',2),(358,30,'2015-11-20 13:05:00',2),(359,14,'2015-11-20 13:50:00',4),(360,30,'2015-11-20 14:00:00',1),(361,30,'2015-11-20 14:10:00',1),(362,30,'2015-11-20 14:15:00',1),(363,30,'2015-11-20 14:20:00',2),(364,30,'2015-11-20 14:25:00',6),(365,30,'2015-11-20 14:30:00',1),(366,30,'2015-11-20 14:40:00',1),(367,30,'2015-11-20 14:45:00',4),(368,30,'2015-11-20 14:55:00',3),(369,14,'2015-11-21 21:05:00',1),(370,14,'2015-11-24 11:55:00',4),(371,14,'2015-12-04 18:45:00',1),(372,14,'2015-12-04 18:50:00',1),(373,14,'2015-12-04 19:05:00',3),(374,8,'2015-12-04 19:15:00',1),(375,14,'2015-12-08 09:30:00',1),(376,30,'2015-12-08 09:50:00',1),(377,30,'2015-12-08 10:00:00',6),(378,30,'2015-12-08 10:05:00',1),(379,30,'2015-12-08 11:25:00',2),(380,30,'2015-12-08 11:40:00',106),(381,30,'2015-12-08 11:45:00',56),(382,30,'2015-12-08 11:55:00',4),(383,30,'2015-12-08 12:00:00',1),(384,30,'2015-12-08 12:05:00',2),(385,30,'2015-12-08 12:15:00',1),(386,30,'2015-12-08 12:55:00',6),(387,30,'2015-12-08 13:00:00',1),(388,30,'2015-12-08 13:05:00',3),(389,30,'2015-12-08 13:10:00',2),(390,30,'2015-12-08 13:15:00',5),(391,30,'2015-12-08 13:30:00',1),(392,30,'2015-12-08 13:35:00',4),(393,30,'2015-12-08 13:50:00',7),(394,30,'2015-12-08 13:55:00',7),(395,30,'2015-12-08 14:00:00',1),(396,30,'2015-12-08 14:10:00',1),(397,30,'2015-12-08 14:15:00',1),(398,9,'2015-12-08 14:55:00',1),(399,30,'2015-12-08 14:55:00',2),(400,14,'2015-12-08 20:20:00',6),(401,14,'2015-12-09 17:05:00',1),(402,14,'2015-12-09 17:40:00',1),(403,14,'2015-12-09 17:45:00',1),(404,14,'2015-12-09 17:55:00',3),(405,14,'2015-12-22 17:00:00',1),(406,14,'2015-12-22 17:05:00',3),(407,8,'2015-12-24 12:55:00',1),(408,14,'2015-12-26 13:10:00',1),(409,14,'2015-12-26 13:25:00',7),(410,14,'2015-12-26 15:00:00',13),(411,30,'2015-12-28 19:10:00',1),(412,30,'2015-12-28 19:20:00',1),(413,30,'2015-12-28 19:25:00',2),(414,30,'2015-12-28 19:35:00',1),(415,30,'2015-12-28 19:40:00',4),(416,30,'2015-12-28 19:45:00',1),(417,30,'2015-12-28 20:15:00',1),(418,10,'2015-12-29 13:15:00',1),(419,12,'2015-12-29 13:25:00',1),(420,14,'2015-12-29 17:40:00',1),(421,14,'2015-12-29 19:05:00',2),(422,30,'2015-12-30 16:50:00',1),(423,30,'2015-12-30 17:00:00',2),(424,30,'2015-12-31 18:30:00',2),(425,12,'2016-01-04 21:30:00',2),(426,12,'2016-01-04 21:35:00',1),(427,7,'2016-01-05 23:45:00',1),(428,8,'2016-01-06 15:25:00',3),(429,14,'2016-01-06 16:25:00',1),(430,14,'2016-01-06 16:30:00',1),(431,11,'2016-01-07 09:50:00',1),(432,16,'2016-01-07 16:05:00',1),(433,12,'2016-01-07 16:05:00',1),(434,12,'2016-01-07 16:15:00',1),(435,8,'2016-01-09 19:35:00',2),(436,8,'2016-01-09 19:40:00',2),(437,14,'2016-01-11 12:15:00',1),(438,14,'2016-01-11 12:20:00',1),(439,8,'2016-01-11 13:35:00',1),(440,14,'2016-01-11 13:35:00',1),(441,30,'2016-01-11 13:35:00',2),(442,8,'2016-01-12 20:05:00',3),(443,8,'2016-01-17 11:20:00',3),(444,8,'2016-01-17 11:40:00',1),(445,8,'2016-01-17 11:45:00',3),(446,8,'2016-01-17 12:00:00',1),(447,14,'2016-01-17 12:00:00',3),(448,12,'2016-01-17 17:15:00',2),(449,8,'2016-01-17 17:15:00',1),(450,14,'2016-01-17 17:15:00',1),(451,30,'2016-01-17 17:15:00',1),(452,8,'2016-01-17 17:40:00',1),(453,12,'2016-01-17 19:15:00',1),(454,19,'2016-01-17 19:20:00',1),(455,8,'2016-01-17 20:55:00',3),(456,8,'2016-01-17 21:00:00',3),(457,8,'2016-01-18 18:10:00',3),(458,30,'2016-01-18 18:10:00',1),(459,8,'2016-01-21 12:20:00',3),(460,8,'2016-01-21 17:05:00',10),(461,30,'2016-01-21 17:05:00',12),(462,7,'2016-01-21 17:05:00',3),(463,14,'2016-01-21 17:05:00',5),(464,12,'2016-01-21 17:05:00',6),(465,18,'2016-01-21 17:05:00',6),(466,9,'2016-01-21 17:05:00',6),(467,19,'2016-01-21 17:05:00',6),(468,15,'2016-01-21 17:05:00',6),(469,8,'2016-01-22 18:10:00',3),(470,8,'2016-01-22 18:25:00',3),(471,8,'2016-01-22 18:30:00',3),(472,8,'2016-01-22 18:40:00',1),(473,8,'2016-01-22 18:45:00',3),(474,8,'2016-01-24 21:50:00',2),(475,12,'2016-01-24 21:55:00',4),(476,18,'2016-01-24 22:00:00',2),(477,14,'2016-01-25 12:15:00',2),(478,12,'2016-01-25 16:10:00',2),(479,8,'2016-01-25 16:10:00',2),(480,30,'2016-01-27 15:45:00',3),(481,8,'2016-01-30 17:40:00',4),(482,8,'2016-01-31 16:55:00',6),(483,8,'2016-01-31 17:00:00',10),(484,7,'2016-01-31 17:00:00',2),(485,8,'2016-02-04 14:40:00',3),(486,8,'2016-02-04 15:20:00',5),(487,8,'2016-02-04 15:25:00',4),(488,8,'2016-02-04 15:30:00',6),(489,7,'2016-02-04 15:30:00',2),(490,12,'2016-02-04 15:30:00',2),(491,8,'2016-02-04 15:40:00',2),(492,19,'2016-02-04 15:40:00',2),(493,19,'2016-02-04 16:55:00',4),(494,8,'2016-02-10 18:55:00',2),(495,8,'2016-02-10 19:00:00',2),(496,12,'2016-02-10 19:00:00',10),(497,30,'2016-02-10 19:05:00',1),(498,30,'2016-02-10 19:10:00',6),(499,30,'2016-02-10 19:15:00',2),(500,14,'2016-02-10 19:35:00',3),(501,18,'2016-02-10 19:35:00',2),(502,9,'2016-02-10 19:35:00',6),(503,19,'2016-02-10 19:35:00',3),(504,8,'2016-02-10 19:40:00',1),(505,19,'2016-02-10 19:40:00',1),(506,19,'2016-02-10 19:45:00',4),(507,16,'2016-02-10 19:50:00',5),(508,14,'2016-02-10 19:55:00',5),(509,14,'2016-02-10 20:10:00',2),(510,12,'2016-02-14 11:45:00',1),(511,12,'2016-02-14 11:50:00',1),(512,14,'2016-02-14 11:50:00',1),(513,8,'2016-02-14 11:50:00',1),(514,30,'2016-02-14 11:50:00',2),(515,19,'2016-02-14 11:50:00',2),(516,14,'2016-02-16 10:25:00',5),(517,14,'2016-02-16 10:35:00',1),(518,14,'2016-02-16 16:30:00',3),(519,14,'2016-02-16 16:55:00',3),(520,8,'2016-02-16 17:45:00',2),(521,12,'2016-02-16 19:35:00',1),(522,12,'2016-02-16 19:45:00',2),(523,8,'2016-02-17 08:40:00',1),(524,7,'2016-02-18 12:20:00',6),(525,8,'2016-02-18 12:30:00',1),(526,7,'2016-02-18 14:10:00',2),(527,8,'2016-02-18 14:10:00',1),(528,12,'2016-02-18 19:55:00',2),(529,8,'2016-02-19 11:50:00',2),(530,12,'2016-02-21 11:10:00',1),(531,12,'2016-02-21 11:35:00',2),(532,12,'2016-02-21 11:45:00',2),(533,12,'2016-02-21 11:55:00',1),(534,30,'2016-02-23 18:10:00',1),(535,8,'2016-02-23 18:10:00',4),(536,8,'2016-03-04 21:00:00',2),(537,8,'2016-03-04 21:20:00',1),(538,8,'2016-03-05 09:45:00',4),(539,12,'2016-03-06 19:35:00',1),(540,19,'2016-03-07 17:55:00',2),(541,19,'2016-03-07 19:35:00',2),(542,8,'2016-03-13 11:35:00',1),(543,14,'2016-03-14 22:40:00',1),(544,14,'2016-03-14 22:45:00',2),(545,8,'2016-03-14 22:45:00',1),(546,12,'2016-03-16 15:30:00',1),(547,14,'2016-03-16 15:30:00',2),(548,14,'2016-03-16 15:35:00',2),(549,14,'2016-03-16 15:40:00',1),(550,14,'2016-03-20 10:40:00',1),(551,14,'2016-03-20 10:45:00',1),(552,14,'2016-03-20 20:15:00',1),(553,14,'2016-03-23 22:10:00',1),(554,31,'2016-03-24 13:40:00',1),(555,31,'2016-03-24 13:45:00',4),(556,14,'2016-03-24 13:45:00',4),(557,31,'2016-03-24 13:50:00',4),(558,32,'2016-03-24 14:25:00',1),(559,32,'2016-03-24 14:40:00',4),(560,32,'2016-03-24 15:05:00',8),(561,32,'2016-03-24 15:10:00',5),(562,14,'2016-03-24 22:35:00',1),(563,14,'2016-03-24 22:40:00',2),(564,14,'2016-03-25 20:50:00',2),(565,14,'2016-03-31 17:20:00',2),(566,14,'2016-03-31 17:45:00',1),(567,14,'2016-03-31 20:20:00',1),(568,14,'2016-04-01 14:20:00',4),(569,14,'2016-04-07 22:35:00',3),(570,32,'2016-04-07 22:50:00',2),(571,14,'2016-04-08 09:50:00',2),(572,14,'2016-04-08 13:15:00',5),(573,14,'2016-04-08 13:20:00',1),(574,14,'2016-04-12 13:40:00',2),(575,14,'2016-04-12 14:40:00',3),(576,14,'2016-04-12 15:20:00',2),(577,14,'2016-04-12 15:25:00',3),(578,14,'2016-04-12 15:30:00',8),(579,14,'2016-04-12 15:35:00',1),(580,14,'2016-04-12 15:45:00',1),(581,14,'2016-04-13 14:35:00',1),(582,14,'2016-04-18 16:15:00',1),(583,12,'2016-04-18 16:15:00',1),(584,12,'2016-04-18 16:20:00',1),(585,12,'2016-04-18 17:15:00',3),(586,14,'2016-04-18 17:20:00',1),(587,12,'2016-04-21 11:30:00',3),(588,12,'2016-04-21 12:25:00',1),(589,14,'2016-04-23 18:00:00',4),(590,14,'2016-04-23 18:05:00',4),(591,14,'2016-04-24 10:35:00',1),(592,14,'2016-04-24 18:20:00',1),(593,14,'2016-04-26 14:00:00',3),(594,8,'2016-04-26 14:50:00',3),(595,8,'2016-04-26 15:10:00',3),(596,8,'2016-04-26 15:15:00',29),(597,8,'2016-04-26 15:20:00',4),(598,8,'2016-04-26 15:25:00',6),(599,8,'2016-04-26 15:30:00',3),(600,14,'2016-04-27 19:55:00',1),(601,14,'2016-04-27 20:00:00',2),(602,14,'2016-04-27 20:05:00',4),(603,14,'2016-04-27 20:10:00',6),(604,14,'2016-04-27 20:15:00',2),(605,14,'2016-04-27 20:25:00',2),(606,10,'2016-04-27 21:15:00',2),(607,14,'2016-04-27 21:25:00',2),(608,14,'2016-04-27 21:40:00',1),(609,14,'2016-04-27 21:45:00',1),(610,14,'2016-04-27 21:55:00',2),(611,14,'2016-04-27 22:00:00',5),(612,14,'2016-04-27 22:05:00',4),(613,8,'2016-04-27 22:05:00',1),(614,8,'2016-04-27 22:10:00',4),(615,14,'2016-05-02 14:15:00',1),(616,14,'2016-05-02 14:25:00',2),(617,14,'2016-05-02 14:30:00',3),(618,14,'2016-05-02 14:35:00',4),(619,14,'2016-05-02 14:55:00',1),(620,14,'2016-05-02 15:00:00',2),(621,14,'2016-05-02 15:05:00',2),(622,14,'2016-05-02 16:15:00',2),(623,14,'2016-05-02 16:25:00',8),(624,14,'2016-05-02 16:35:00',3),(625,12,'2016-05-02 16:35:00',1),(626,8,'2016-05-02 16:35:00',6),(627,8,'2016-05-02 16:40:00',2),(628,14,'2016-05-02 18:00:00',1),(629,8,'2016-05-02 22:10:00',1),(630,30,'2016-05-07 10:00:00',2),(631,14,'2016-05-10 10:05:00',33),(632,12,'2016-05-17 18:50:00',2),(633,12,'2016-05-17 18:55:00',1),(634,12,'2016-05-20 09:05:00',1),(635,12,'2016-05-20 09:10:00',1),(636,12,'2016-05-20 09:15:00',3),(637,12,'2016-06-10 22:35:00',4),(638,14,'2016-06-11 16:55:00',1),(639,15,'2016-06-28 20:10:00',1),(640,12,'2016-06-30 09:15:00',2),(641,12,'2016-06-30 16:30:00',2),(642,12,'2016-06-30 16:35:00',1),(643,12,'2016-07-05 16:10:00',1),(644,12,'2016-07-05 16:15:00',8),(645,12,'2016-07-05 16:20:00',5),(646,12,'2016-07-05 16:30:00',2),(647,12,'2016-07-05 16:45:00',2),(648,12,'2016-07-06 12:30:00',1),(649,12,'2016-07-06 16:40:00',2),(650,12,'2016-07-06 16:45:00',5),(651,12,'2016-07-06 18:00:00',2),(652,12,'2016-07-11 17:00:00',2),(653,12,'2016-07-11 17:05:00',1),(654,12,'2016-07-12 09:25:00',1),(655,12,'2016-07-12 09:30:00',3),(656,9,'2016-07-12 09:40:00',1),(657,12,'2016-07-30 10:00:00',1),(658,12,'2016-08-08 10:25:00',3),(659,29,'2016-08-08 10:45:00',1),(660,29,'2016-08-08 12:40:00',1),(661,29,'2016-08-08 12:45:00',3),(662,12,'2016-08-10 09:40:00',1),(663,12,'2016-08-10 19:20:00',1),(664,12,'2016-08-13 20:45:00',1),(665,12,'2016-08-13 20:50:00',1),(666,12,'2016-08-13 20:55:00',5),(667,10,'2016-08-13 20:55:00',1),(668,30,'2016-08-13 21:00:00',7),(669,30,'2016-08-13 21:05:00',1),(670,19,'2016-08-13 21:05:00',1),(671,12,'2016-08-13 21:25:00',1),(672,12,'2016-08-17 12:40:00',4),(673,12,'2016-08-17 13:20:00',5),(674,14,'2016-08-17 13:25:00',2),(675,8,'2016-08-17 13:30:00',2),(676,30,'2016-08-17 13:30:00',4),(677,12,'2016-08-24 17:40:00',1),(678,30,'2016-08-24 17:40:00',1),(679,30,'2016-09-23 13:50:00',1),(680,14,'2016-09-24 17:50:00',1),(681,14,'2016-10-01 23:50:00',4),(682,14,'2016-10-02 11:35:00',4),(683,14,'2016-10-16 14:40:00',4),(684,14,'2016-10-16 14:45:00',4),(685,14,'2016-10-16 14:50:00',12),(686,14,'2016-10-16 14:55:00',4),(687,12,'2016-11-03 11:45:00',1),(688,12,'2016-11-03 11:50:00',1),(689,14,'2016-11-07 18:25:00',1),(690,29,'2016-11-10 12:25:00',1),(691,29,'2016-11-10 13:25:00',1),(692,29,'2016-11-10 13:30:00',4),(693,12,'2016-11-11 16:25:00',1),(694,14,'2016-11-13 11:10:00',1),(695,30,'2016-11-13 11:15:00',2),(696,18,'2016-11-13 11:15:00',1),(697,14,'2016-11-13 11:45:00',1),(698,14,'2016-11-15 11:35:00',1),(699,14,'2016-11-15 11:40:00',2),(700,12,'2016-11-20 15:50:00',2),(701,14,'2016-11-26 14:20:00',1),(702,8,'2016-12-03 15:25:00',4),(703,12,'2016-12-05 01:05:00',3),(704,14,'2016-12-10 12:45:00',2),(705,14,'2016-12-11 18:00:00',2),(706,14,'2016-12-16 15:15:00',4),(707,18,'2016-12-18 11:15:00',4),(708,12,'2016-12-19 11:35:00',2),(709,14,'2016-12-19 11:35:00',1),(710,14,'2016-12-19 11:50:00',1),(711,30,'2016-12-19 11:50:00',1),(712,19,'2016-12-19 11:50:00',1),(713,14,'2016-12-24 16:10:00',1),(714,15,'2016-12-24 16:10:00',1),(715,30,'2017-05-17 21:10:00',2),(716,14,'2017-05-18 23:10:00',3),(717,30,'2017-06-03 20:30:00',2),(718,14,'2017-06-03 20:45:00',1),(719,12,'2017-06-06 17:05:00',1),(720,14,'2017-06-06 17:10:00',1),(721,12,'2017-06-06 19:50:00',1),(722,8,'2017-06-08 13:55:00',1),(723,30,'2017-11-20 17:15:00',1),(724,30,'2017-11-20 17:20:00',1),(725,30,'2017-11-20 18:20:00',8),(726,30,'2017-11-20 18:25:00',8),(727,30,'2017-11-20 18:30:00',2),(728,17,'2018-07-03 18:00:00',1),(729,14,'2018-07-21 12:20:00',1);

--
-- Table structure for table `stats_periods`
--

DROP TABLE IF EXISTS `stats_periods`;
/*!40101 SET @saved_cs_client     = @@character_set_client */;
/*!40101 SET character_set_client = utf8 */;
CREATE TABLE `stats_periods` (
  `id` int(11) NOT NULL AUTO_INCREMENT,
  `property_id` int(11) DEFAULT NULL,
  `period` varchar(45) COLLATE utf8_unicode_ci DEFAULT 'WEEK' COMMENT 'WEEK\nDAY\nMONTH',
  `views` int(11) DEFAULT '0',
  `date` datetime DEFAULT NULL,
  PRIMARY KEY (`id`)
) ENGINE=InnoDB AUTO_INCREMENT=708 DEFAULT CHARSET=utf8 COLLATE=utf8_unicode_ci;
/*!40101 SET character_set_client = @saved_cs_client */;

--
-- Dumping data for table `stats_periods`
--

INSERT INTO `stats_periods` VALUES (1,14,'WEEK',5,'2015-03-02 00:00:00'),(2,14,'DAY',3,'2015-03-05 00:00:00'),(3,14,'MONTH',232,'2015-03-01 00:00:00'),(4,14,'YEAR',938,'2015-01-01 00:00:00'),(5,14,'DAY',1,'2015-03-07 00:00:00'),(6,14,'DAY',1,'2015-03-08 00:00:00'),(7,14,'WEEK',1,'2015-03-09 00:00:00'),(8,14,'DAY',1,'2015-03-09 00:00:00'),(9,16,'WEEK',1,'2015-03-09 00:00:00'),(10,16,'DAY',1,'2015-03-13 00:00:00'),(11,16,'MONTH',1,'2015-03-01 00:00:00'),(12,16,'YEAR',1,'2015-01-01 00:00:00'),(13,30,'WEEK',1,'2015-03-09 00:00:00'),(14,30,'DAY',1,'2015-03-13 00:00:00'),(15,30,'MONTH',34,'2015-03-01 00:00:00'),(16,30,'YEAR',456,'2015-01-01 00:00:00'),(17,12,'WEEK',1,'2015-03-16 00:00:00'),(18,12,'DAY',1,'2015-03-17 00:00:00'),(19,12,'MONTH',1,'2015-03-01 00:00:00'),(20,12,'YEAR',96,'2015-01-01 00:00:00'),(21,8,'WEEK',1,'2015-03-16 00:00:00'),(22,8,'DAY',1,'2015-03-17 00:00:00'),(23,8,'MONTH',1,'2015-03-01 00:00:00'),(24,8,'YEAR',74,'2015-01-01 00:00:00'),(25,30,'WEEK',33,'2015-03-16 00:00:00'),(26,30,'DAY',1,'2015-03-17 00:00:00'),(27,14,'WEEK',1,'2015-03-16 00:00:00'),(28,14,'DAY',1,'2015-03-18 00:00:00'),(29,30,'DAY',32,'2015-03-19 00:00:00'),(30,14,'WEEK',225,'2015-03-23 00:00:00'),(31,14,'DAY',32,'2015-03-24 00:00:00'),(32,14,'DAY',4,'2015-03-27 00:00:00'),(33,14,'DAY',189,'2015-03-29 00:00:00'),(34,19,'WEEK',5,'2015-04-06 00:00:00'),(35,19,'DAY',2,'2015-04-07 00:00:00'),(36,19,'MONTH',5,'2015-04-01 00:00:00'),(37,19,'YEAR',52,'2015-01-01 00:00:00'),(38,19,'DAY',3,'2015-04-08 00:00:00'),(39,8,'WEEK',3,'2015-04-06 00:00:00'),(40,8,'DAY',3,'2015-04-10 00:00:00'),(41,8,'MONTH',3,'2015-04-01 00:00:00'),(42,14,'WEEK',3,'2015-04-06 00:00:00'),(43,14,'DAY',3,'2015-04-12 00:00:00'),(44,14,'MONTH',3,'2015-04-01 00:00:00'),(45,30,'WEEK',2,'2015-04-20 00:00:00'),(46,30,'DAY',2,'2015-04-26 00:00:00'),(47,30,'MONTH',2,'2015-04-01 00:00:00'),(48,8,'WEEK',3,'2015-05-25 00:00:00'),(49,8,'DAY',1,'2015-05-25 00:00:00'),(50,8,'MONTH',3,'2015-05-01 00:00:00'),(51,8,'DAY',2,'2015-05-29 00:00:00'),(52,14,'WEEK',21,'2015-06-01 00:00:00'),(53,14,'DAY',20,'2015-06-06 00:00:00'),(54,14,'MONTH',56,'2015-06-01 00:00:00'),(55,30,'WEEK',1,'2015-06-01 00:00:00'),(56,30,'DAY',1,'2015-06-07 00:00:00'),(57,30,'MONTH',101,'2015-06-01 00:00:00'),(58,14,'DAY',1,'2015-06-07 00:00:00'),(59,14,'WEEK',27,'2015-06-08 00:00:00'),(60,14,'DAY',2,'2015-06-08 00:00:00'),(61,8,'WEEK',16,'2015-06-08 00:00:00'),(62,8,'DAY',5,'2015-06-08 00:00:00'),(63,8,'MONTH',26,'2015-06-01 00:00:00'),(64,14,'DAY',25,'2015-06-09 00:00:00'),(65,12,'WEEK',55,'2015-06-08 00:00:00'),(66,12,'DAY',50,'2015-06-09 00:00:00'),(67,12,'MONTH',70,'2015-06-01 00:00:00'),(68,13,'WEEK',5,'2015-06-08 00:00:00'),(69,13,'DAY',5,'2015-06-09 00:00:00'),(70,13,'MONTH',5,'2015-06-01 00:00:00'),(71,13,'YEAR',12,'2015-01-01 00:00:00'),(72,30,'WEEK',66,'2015-06-08 00:00:00'),(73,30,'DAY',16,'2015-06-09 00:00:00'),(74,7,'WEEK',18,'2015-06-08 00:00:00'),(75,7,'DAY',8,'2015-06-09 00:00:00'),(76,7,'MONTH',29,'2015-06-01 00:00:00'),(77,7,'YEAR',116,'2015-01-01 00:00:00'),(78,8,'DAY',6,'2015-06-09 00:00:00'),(79,30,'DAY',30,'2015-06-10 00:00:00'),(80,12,'DAY',5,'2015-06-10 00:00:00'),(81,7,'DAY',10,'2015-06-13 00:00:00'),(82,30,'DAY',20,'2015-06-13 00:00:00'),(83,8,'DAY',5,'2015-06-13 00:00:00'),(84,7,'WEEK',9,'2015-06-15 00:00:00'),(85,7,'DAY',5,'2015-06-19 00:00:00'),(86,30,'WEEK',15,'2015-06-15 00:00:00'),(87,30,'DAY',5,'2015-06-19 00:00:00'),(88,14,'WEEK',5,'2015-06-15 00:00:00'),(89,14,'DAY',5,'2015-06-20 00:00:00'),(90,7,'DAY',4,'2015-06-20 00:00:00'),(91,30,'DAY',10,'2015-06-20 00:00:00'),(92,12,'WEEK',12,'2015-06-15 00:00:00'),(93,12,'DAY',12,'2015-06-20 00:00:00'),(94,30,'WEEK',19,'2015-06-22 00:00:00'),(95,30,'DAY',12,'2015-06-23 00:00:00'),(96,7,'WEEK',2,'2015-06-22 00:00:00'),(97,7,'DAY',2,'2015-06-23 00:00:00'),(98,8,'WEEK',10,'2015-06-22 00:00:00'),(99,8,'DAY',2,'2015-06-23 00:00:00'),(100,14,'WEEK',3,'2015-06-22 00:00:00'),(101,14,'DAY',3,'2015-06-24 00:00:00'),(102,12,'WEEK',3,'2015-06-22 00:00:00'),(103,12,'DAY',3,'2015-06-24 00:00:00'),(104,8,'DAY',8,'2015-06-24 00:00:00'),(105,30,'DAY',7,'2015-06-24 00:00:00'),(106,19,'WEEK',5,'2015-06-22 00:00:00'),(107,19,'DAY',5,'2015-06-24 00:00:00'),(108,19,'MONTH',5,'2015-06-01 00:00:00'),(109,18,'WEEK',5,'2015-06-22 00:00:00'),(110,18,'DAY',5,'2015-06-24 00:00:00'),(111,18,'MONTH',5,'2015-06-01 00:00:00'),(112,18,'YEAR',9,'2015-01-01 00:00:00'),(113,8,'WEEK',6,'2015-06-29 00:00:00'),(114,8,'DAY',6,'2015-07-05 00:00:00'),(115,8,'MONTH',6,'2015-07-01 00:00:00'),(116,30,'WEEK',6,'2015-06-29 00:00:00'),(117,30,'DAY',6,'2015-07-05 00:00:00'),(118,30,'MONTH',13,'2015-07-01 00:00:00'),(119,9,'WEEK',4,'2015-06-29 00:00:00'),(120,9,'DAY',4,'2015-07-05 00:00:00'),(121,9,'MONTH',4,'2015-07-01 00:00:00'),(122,9,'YEAR',10,'2015-01-01 00:00:00'),(123,14,'WEEK',9,'2015-07-06 00:00:00'),(124,14,'DAY',5,'2015-07-07 00:00:00'),(125,14,'MONTH',47,'2015-07-01 00:00:00'),(126,14,'DAY',4,'2015-07-09 00:00:00'),(127,19,'WEEK',5,'2015-07-13 00:00:00'),(128,19,'DAY',5,'2015-07-14 00:00:00'),(129,19,'MONTH',7,'2015-07-01 00:00:00'),(130,14,'WEEK',5,'2015-07-13 00:00:00'),(131,14,'DAY',5,'2015-07-18 00:00:00'),(132,14,'WEEK',10,'2015-07-20 00:00:00'),(133,14,'DAY',5,'2015-07-21 00:00:00'),(134,14,'DAY',5,'2015-07-23 00:00:00'),(135,13,'WEEK',5,'2015-07-20 00:00:00'),(136,13,'DAY',5,'2015-07-23 00:00:00'),(137,13,'MONTH',5,'2015-07-01 00:00:00'),(138,30,'WEEK',5,'2015-07-20 00:00:00'),(139,30,'DAY',5,'2015-07-23 00:00:00'),(140,14,'WEEK',23,'2015-07-27 00:00:00'),(141,14,'DAY',4,'2015-07-27 00:00:00'),(142,18,'WEEK',4,'2015-07-27 00:00:00'),(143,18,'DAY',4,'2015-07-27 00:00:00'),(144,18,'MONTH',4,'2015-07-01 00:00:00'),(145,14,'DAY',19,'2015-07-28 00:00:00'),(146,30,'WEEK',2,'2015-07-27 00:00:00'),(147,30,'DAY',2,'2015-07-30 00:00:00'),(148,19,'WEEK',2,'2015-07-27 00:00:00'),(149,19,'DAY',2,'2015-07-30 00:00:00'),(150,7,'WEEK',3,'2015-07-27 00:00:00'),(151,7,'DAY',3,'2015-07-30 00:00:00'),(152,7,'MONTH',3,'2015-07-01 00:00:00'),(153,19,'WEEK',31,'2015-08-03 00:00:00'),(154,19,'DAY',31,'2015-08-05 00:00:00'),(155,19,'MONTH',31,'2015-08-01 00:00:00'),(156,14,'WEEK',23,'2015-08-03 00:00:00'),(157,14,'DAY',18,'2015-08-05 00:00:00'),(158,14,'MONTH',29,'2015-08-01 00:00:00'),(159,14,'DAY',5,'2015-08-06 00:00:00'),(160,30,'WEEK',4,'2015-08-03 00:00:00'),(161,30,'DAY',4,'2015-08-06 00:00:00'),(162,30,'MONTH',4,'2015-08-01 00:00:00'),(163,14,'WEEK',6,'2015-08-24 00:00:00'),(164,14,'DAY',6,'2015-08-29 00:00:00'),(165,14,'WEEK',19,'2015-08-31 00:00:00'),(166,14,'DAY',11,'2015-09-01 00:00:00'),(167,14,'MONTH',118,'2015-09-01 00:00:00'),(168,14,'DAY',6,'2015-09-02 00:00:00'),(169,14,'DAY',2,'2015-09-04 00:00:00'),(170,14,'WEEK',84,'2015-09-07 00:00:00'),(171,14,'DAY',3,'2015-09-07 00:00:00'),(172,8,'WEEK',9,'2015-09-07 00:00:00'),(173,8,'DAY',9,'2015-09-07 00:00:00'),(174,8,'MONTH',21,'2015-09-01 00:00:00'),(175,7,'WEEK',4,'2015-09-07 00:00:00'),(176,7,'DAY',4,'2015-09-07 00:00:00'),(177,7,'MONTH',79,'2015-09-01 00:00:00'),(178,30,'WEEK',8,'2015-09-07 00:00:00'),(179,30,'DAY',8,'2015-09-07 00:00:00'),(180,30,'MONTH',23,'2015-09-01 00:00:00'),(181,14,'DAY',1,'2015-09-09 00:00:00'),(182,9,'WEEK',3,'2015-09-07 00:00:00'),(183,9,'DAY',3,'2015-09-11 00:00:00'),(184,9,'MONTH',5,'2015-09-01 00:00:00'),(185,13,'WEEK',2,'2015-09-07 00:00:00'),(186,13,'DAY',2,'2015-09-11 00:00:00'),(187,13,'MONTH',2,'2015-09-01 00:00:00'),(188,14,'DAY',77,'2015-09-11 00:00:00'),(189,14,'DAY',3,'2015-09-12 00:00:00'),(190,7,'WEEK',3,'2015-09-14 00:00:00'),(191,7,'DAY',3,'2015-09-14 00:00:00'),(192,30,'WEEK',13,'2015-09-14 00:00:00'),(193,30,'DAY',10,'2015-09-14 00:00:00'),(194,30,'DAY',3,'2015-09-15 00:00:00'),(195,14,'WEEK',3,'2015-09-14 00:00:00'),(196,14,'DAY',3,'2015-09-16 00:00:00'),(197,14,'WEEK',12,'2015-09-21 00:00:00'),(198,14,'DAY',2,'2015-09-22 00:00:00'),(199,7,'WEEK',72,'2015-09-21 00:00:00'),(200,7,'DAY',8,'2015-09-23 00:00:00'),(201,7,'DAY',64,'2015-09-24 00:00:00'),(202,14,'DAY',2,'2015-09-24 00:00:00'),(203,29,'WEEK',1,'2015-09-21 00:00:00'),(204,29,'DAY',1,'2015-09-24 00:00:00'),(205,29,'MONTH',1,'2015-09-01 00:00:00'),(206,29,'YEAR',4,'2015-01-01 00:00:00'),(207,12,'WEEK',3,'2015-09-21 00:00:00'),(208,12,'DAY',3,'2015-09-25 00:00:00'),(209,12,'MONTH',3,'2015-09-01 00:00:00'),(210,14,'DAY',1,'2015-09-26 00:00:00'),(211,14,'DAY',7,'2015-09-27 00:00:00'),(212,8,'WEEK',12,'2015-09-28 00:00:00'),(213,8,'DAY',12,'2015-09-28 00:00:00'),(214,9,'WEEK',2,'2015-09-28 00:00:00'),(215,9,'DAY',2,'2015-09-28 00:00:00'),(216,30,'WEEK',2,'2015-09-28 00:00:00'),(217,30,'DAY',2,'2015-09-28 00:00:00'),(218,14,'WEEK',5,'2015-09-28 00:00:00'),(219,14,'DAY',5,'2015-10-04 00:00:00'),(220,14,'MONTH',16,'2015-10-01 00:00:00'),(221,14,'WEEK',2,'2015-10-05 00:00:00'),(222,14,'DAY',1,'2015-10-10 00:00:00'),(223,14,'DAY',1,'2015-10-11 00:00:00'),(224,14,'WEEK',7,'2015-10-12 00:00:00'),(225,14,'DAY',2,'2015-10-12 00:00:00'),(226,12,'WEEK',2,'2015-10-12 00:00:00'),(227,12,'DAY',2,'2015-10-12 00:00:00'),(228,12,'MONTH',10,'2015-10-01 00:00:00'),(229,17,'WEEK',3,'2015-10-12 00:00:00'),(230,17,'DAY',3,'2015-10-12 00:00:00'),(231,17,'MONTH',3,'2015-10-01 00:00:00'),(232,17,'YEAR',3,'2015-01-01 00:00:00'),(233,31,'WEEK',6,'2015-10-12 00:00:00'),(234,31,'DAY',6,'2015-10-13 00:00:00'),(235,31,'MONTH',6,'2015-10-01 00:00:00'),(236,31,'YEAR',6,'2015-01-01 00:00:00'),(237,14,'DAY',4,'2015-10-13 00:00:00'),(238,8,'WEEK',3,'2015-10-12 00:00:00'),(239,8,'DAY',3,'2015-10-13 00:00:00'),(240,8,'MONTH',8,'2015-10-01 00:00:00'),(241,30,'WEEK',15,'2015-10-12 00:00:00'),(242,30,'DAY',3,'2015-10-13 00:00:00'),(243,30,'MONTH',20,'2015-10-01 00:00:00'),(244,7,'WEEK',3,'2015-10-12 00:00:00'),(245,7,'DAY',3,'2015-10-13 00:00:00'),(246,7,'MONTH',5,'2015-10-01 00:00:00'),(247,14,'DAY',1,'2015-10-14 00:00:00'),(248,30,'DAY',12,'2015-10-18 00:00:00'),(249,30,'WEEK',5,'2015-10-19 00:00:00'),(250,30,'DAY',2,'2015-10-21 00:00:00'),(251,30,'DAY',1,'2015-10-23 00:00:00'),(252,12,'WEEK',4,'2015-10-19 00:00:00'),(253,12,'DAY',1,'2015-10-23 00:00:00'),(254,7,'WEEK',1,'2015-10-19 00:00:00'),(255,7,'DAY',1,'2015-10-23 00:00:00'),(256,30,'DAY',1,'2015-10-24 00:00:00'),(257,29,'WEEK',3,'2015-10-19 00:00:00'),(258,29,'DAY',3,'2015-10-24 00:00:00'),(259,29,'MONTH',3,'2015-10-01 00:00:00'),(260,14,'WEEK',2,'2015-10-19 00:00:00'),(261,14,'DAY',1,'2015-10-24 00:00:00'),(262,12,'DAY',2,'2015-10-24 00:00:00'),(263,12,'DAY',1,'2015-10-25 00:00:00'),(264,14,'DAY',1,'2015-10-25 00:00:00'),(265,30,'DAY',1,'2015-10-25 00:00:00'),(266,12,'WEEK',4,'2015-10-26 00:00:00'),(267,12,'DAY',4,'2015-10-30 00:00:00'),(268,8,'WEEK',5,'2015-10-26 00:00:00'),(269,8,'DAY',5,'2015-10-31 00:00:00'),(270,7,'WEEK',1,'2015-10-26 00:00:00'),(271,7,'DAY',1,'2015-10-31 00:00:00'),(272,14,'WEEK',4,'2015-11-02 00:00:00'),(273,14,'DAY',4,'2015-11-08 00:00:00'),(274,14,'MONTH',391,'2015-11-01 00:00:00'),(275,14,'WEEK',363,'2015-11-09 00:00:00'),(276,14,'DAY',363,'2015-11-12 00:00:00'),(277,12,'WEEK',11,'2015-11-09 00:00:00'),(278,12,'DAY',11,'2015-11-13 00:00:00'),(279,12,'MONTH',11,'2015-11-01 00:00:00'),(280,19,'WEEK',4,'2015-11-09 00:00:00'),(281,19,'DAY',4,'2015-11-13 00:00:00'),(282,19,'MONTH',4,'2015-11-01 00:00:00'),(283,8,'WEEK',1,'2015-11-09 00:00:00'),(284,8,'DAY',1,'2015-11-14 00:00:00'),(285,8,'MONTH',4,'2015-11-01 00:00:00'),(286,14,'WEEK',20,'2015-11-16 00:00:00'),(287,14,'DAY',15,'2015-11-18 00:00:00'),(288,8,'WEEK',3,'2015-11-16 00:00:00'),(289,8,'DAY',3,'2015-11-19 00:00:00'),(290,30,'WEEK',22,'2015-11-16 00:00:00'),(291,30,'DAY',22,'2015-11-20 00:00:00'),(292,30,'MONTH',22,'2015-11-01 00:00:00'),(293,14,'DAY',4,'2015-11-20 00:00:00'),(294,14,'DAY',1,'2015-11-21 00:00:00'),(295,14,'WEEK',4,'2015-11-23 00:00:00'),(296,14,'DAY',4,'2015-11-24 00:00:00'),(297,14,'WEEK',5,'2015-11-30 00:00:00'),(298,14,'DAY',5,'2015-12-04 00:00:00'),(299,14,'MONTH',46,'2015-12-01 00:00:00'),(300,8,'WEEK',1,'2015-11-30 00:00:00'),(301,8,'DAY',1,'2015-12-04 00:00:00'),(302,8,'MONTH',2,'2015-12-01 00:00:00'),(303,14,'WEEK',13,'2015-12-07 00:00:00'),(304,14,'DAY',7,'2015-12-08 00:00:00'),(305,30,'WEEK',221,'2015-12-07 00:00:00'),(306,30,'DAY',221,'2015-12-08 00:00:00'),(307,30,'MONTH',237,'2015-12-01 00:00:00'),(308,9,'WEEK',1,'2015-12-07 00:00:00'),(309,9,'DAY',1,'2015-12-08 00:00:00'),(310,9,'MONTH',1,'2015-12-01 00:00:00'),(311,14,'DAY',6,'2015-12-09 00:00:00'),(312,14,'WEEK',25,'2015-12-21 00:00:00'),(313,14,'DAY',4,'2015-12-22 00:00:00'),(314,8,'WEEK',1,'2015-12-21 00:00:00'),(315,8,'DAY',1,'2015-12-24 00:00:00'),(316,14,'DAY',21,'2015-12-26 00:00:00'),(317,30,'WEEK',16,'2015-12-28 00:00:00'),(318,30,'DAY',11,'2015-12-28 00:00:00'),(319,10,'WEEK',1,'2015-12-28 00:00:00'),(320,10,'DAY',1,'2015-12-29 00:00:00'),(321,10,'MONTH',1,'2015-12-01 00:00:00'),(322,10,'YEAR',1,'2015-01-01 00:00:00'),(323,12,'WEEK',1,'2015-12-28 00:00:00'),(324,12,'DAY',1,'2015-12-29 00:00:00'),(325,12,'MONTH',1,'2015-12-01 00:00:00'),(326,14,'WEEK',3,'2015-12-28 00:00:00'),(327,14,'DAY',3,'2015-12-29 00:00:00'),(328,30,'DAY',3,'2015-12-30 00:00:00'),(329,30,'DAY',2,'2015-12-31 00:00:00'),(330,12,'WEEK',5,'2016-01-04 00:00:00'),(331,12,'DAY',3,'2016-01-04 00:00:00'),(332,12,'MONTH',20,'2016-01-01 00:00:00'),(333,12,'YEAR',143,'2016-01-01 00:00:00'),(334,7,'WEEK',1,'2016-01-04 00:00:00'),(335,7,'DAY',1,'2016-01-05 00:00:00'),(336,7,'MONTH',6,'2016-01-01 00:00:00'),(337,7,'YEAR',16,'2016-01-01 00:00:00'),(338,8,'WEEK',7,'2016-01-04 00:00:00'),(339,8,'DAY',3,'2016-01-06 00:00:00'),(340,8,'MONTH',80,'2016-01-01 00:00:00'),(341,8,'YEAR',194,'2016-01-01 00:00:00'),(342,14,'WEEK',2,'2016-01-04 00:00:00'),(343,14,'DAY',2,'2016-01-06 00:00:00'),(344,14,'MONTH',16,'2016-01-01 00:00:00'),(345,14,'YEAR',263,'2016-01-01 00:00:00'),(346,11,'WEEK',1,'2016-01-04 00:00:00'),(347,11,'DAY',1,'2016-01-07 00:00:00'),(348,11,'MONTH',1,'2016-01-01 00:00:00'),(349,11,'YEAR',1,'2016-01-01 00:00:00'),(350,16,'WEEK',1,'2016-01-04 00:00:00'),(351,16,'DAY',1,'2016-01-07 00:00:00'),(352,16,'MONTH',1,'2016-01-01 00:00:00'),(353,16,'YEAR',6,'2016-01-01 00:00:00'),(354,12,'DAY',2,'2016-01-07 00:00:00'),(355,8,'DAY',4,'2016-01-09 00:00:00'),(356,14,'WEEK',7,'2016-01-11 00:00:00'),(357,14,'DAY',3,'2016-01-11 00:00:00'),(358,8,'WEEK',20,'2016-01-11 00:00:00'),(359,8,'DAY',1,'2016-01-11 00:00:00'),(360,30,'WEEK',3,'2016-01-11 00:00:00'),(361,30,'DAY',2,'2016-01-11 00:00:00'),(362,30,'MONTH',19,'2016-01-01 00:00:00'),(363,30,'YEAR',50,'2016-01-01 00:00:00'),(364,8,'DAY',3,'2016-01-12 00:00:00'),(365,8,'DAY',16,'2016-01-17 00:00:00'),(366,14,'DAY',4,'2016-01-17 00:00:00'),(367,12,'WEEK',3,'2016-01-11 00:00:00'),(368,12,'DAY',3,'2016-01-17 00:00:00'),(369,30,'DAY',1,'2016-01-17 00:00:00'),(370,19,'WEEK',1,'2016-01-11 00:00:00'),(371,19,'DAY',1,'2016-01-17 00:00:00'),(372,19,'MONTH',7,'2016-01-01 00:00:00'),(373,19,'YEAR',29,'2016-01-01 00:00:00'),(374,8,'WEEK',31,'2016-01-18 00:00:00'),(375,8,'DAY',3,'2016-01-18 00:00:00'),(376,30,'WEEK',13,'2016-01-18 00:00:00'),(377,30,'DAY',1,'2016-01-18 00:00:00'),(378,8,'DAY',13,'2016-01-21 00:00:00'),(379,30,'DAY',12,'2016-01-21 00:00:00'),(380,7,'WEEK',3,'2016-01-18 00:00:00'),(381,7,'DAY',3,'2016-01-21 00:00:00'),(382,14,'WEEK',5,'2016-01-18 00:00:00'),(383,14,'DAY',5,'2016-01-21 00:00:00'),(384,12,'WEEK',10,'2016-01-18 00:00:00'),(385,12,'DAY',6,'2016-01-21 00:00:00'),(386,18,'WEEK',8,'2016-01-18 00:00:00'),(387,18,'DAY',6,'2016-01-21 00:00:00'),(388,18,'MONTH',8,'2016-01-01 00:00:00'),(389,18,'YEAR',15,'2016-01-01 00:00:00'),(390,9,'WEEK',6,'2016-01-18 00:00:00'),(391,9,'DAY',6,'2016-01-21 00:00:00'),(392,9,'MONTH',6,'2016-01-01 00:00:00'),(393,9,'YEAR',13,'2016-01-01 00:00:00'),(394,19,'WEEK',6,'2016-01-18 00:00:00'),(395,19,'DAY',6,'2016-01-21 00:00:00'),(396,15,'WEEK',6,'2016-01-18 00:00:00'),(397,15,'DAY',6,'2016-01-21 00:00:00'),(398,15,'MONTH',6,'2016-01-01 00:00:00'),(399,15,'YEAR',8,'2016-01-01 00:00:00'),(400,8,'DAY',13,'2016-01-22 00:00:00'),(401,8,'DAY',2,'2016-01-24 00:00:00'),(402,12,'DAY',4,'2016-01-24 00:00:00'),(403,18,'DAY',2,'2016-01-24 00:00:00'),(404,14,'WEEK',2,'2016-01-25 00:00:00'),(405,14,'DAY',2,'2016-01-25 00:00:00'),(406,12,'WEEK',2,'2016-01-25 00:00:00'),(407,12,'DAY',2,'2016-01-25 00:00:00'),(408,8,'WEEK',22,'2016-01-25 00:00:00'),(409,8,'DAY',2,'2016-01-25 00:00:00'),(410,30,'WEEK',3,'2016-01-25 00:00:00'),(411,30,'DAY',3,'2016-01-27 00:00:00'),(412,8,'DAY',4,'2016-01-30 00:00:00'),(413,8,'DAY',16,'2016-01-31 00:00:00'),(414,7,'WEEK',2,'2016-01-25 00:00:00'),(415,7,'DAY',2,'2016-01-31 00:00:00'),(416,8,'WEEK',20,'2016-02-01 00:00:00'),(417,8,'DAY',20,'2016-02-04 00:00:00'),(418,8,'MONTH',37,'2016-02-01 00:00:00'),(419,7,'WEEK',2,'2016-02-01 00:00:00'),(420,7,'DAY',2,'2016-02-04 00:00:00'),(421,7,'MONTH',10,'2016-02-01 00:00:00'),(422,12,'WEEK',2,'2016-02-01 00:00:00'),(423,12,'DAY',2,'2016-02-04 00:00:00'),(424,12,'MONTH',25,'2016-02-01 00:00:00'),(425,19,'WEEK',6,'2016-02-01 00:00:00'),(426,19,'DAY',6,'2016-02-04 00:00:00'),(427,19,'MONTH',16,'2016-02-01 00:00:00'),(428,8,'WEEK',6,'2016-02-08 00:00:00'),(429,8,'DAY',5,'2016-02-10 00:00:00'),(430,12,'WEEK',12,'2016-02-08 00:00:00'),(431,12,'DAY',10,'2016-02-10 00:00:00'),(432,30,'WEEK',11,'2016-02-08 00:00:00'),(433,30,'DAY',9,'2016-02-10 00:00:00'),(434,30,'MONTH',12,'2016-02-01 00:00:00'),(435,14,'WEEK',11,'2016-02-08 00:00:00'),(436,14,'DAY',10,'2016-02-10 00:00:00'),(437,14,'MONTH',23,'2016-02-01 00:00:00'),(438,18,'WEEK',2,'2016-02-08 00:00:00'),(439,18,'DAY',2,'2016-02-10 00:00:00'),(440,18,'MONTH',2,'2016-02-01 00:00:00'),(441,9,'WEEK',6,'2016-02-08 00:00:00'),(442,9,'DAY',6,'2016-02-10 00:00:00'),(443,9,'MONTH',6,'2016-02-01 00:00:00'),(444,19,'WEEK',10,'2016-02-08 00:00:00'),(445,19,'DAY',8,'2016-02-10 00:00:00'),(446,16,'WEEK',5,'2016-02-08 00:00:00'),(447,16,'DAY',5,'2016-02-10 00:00:00'),(448,16,'MONTH',5,'2016-02-01 00:00:00'),(449,12,'DAY',2,'2016-02-14 00:00:00'),(450,14,'DAY',1,'2016-02-14 00:00:00'),(451,8,'DAY',1,'2016-02-14 00:00:00'),(452,30,'DAY',2,'2016-02-14 00:00:00'),(453,19,'DAY',2,'2016-02-14 00:00:00'),(454,14,'WEEK',12,'2016-02-15 00:00:00'),(455,14,'DAY',12,'2016-02-16 00:00:00'),(456,8,'WEEK',7,'2016-02-15 00:00:00'),(457,8,'DAY',2,'2016-02-16 00:00:00'),(458,12,'WEEK',11,'2016-02-15 00:00:00'),(459,12,'DAY',3,'2016-02-16 00:00:00'),(460,8,'DAY',1,'2016-02-17 00:00:00'),(461,7,'WEEK',8,'2016-02-15 00:00:00'),(462,7,'DAY',8,'2016-02-18 00:00:00'),(463,8,'DAY',2,'2016-02-18 00:00:00'),(464,12,'DAY',2,'2016-02-18 00:00:00'),(465,8,'DAY',2,'2016-02-19 00:00:00'),(466,12,'DAY',6,'2016-02-21 00:00:00'),(467,30,'WEEK',1,'2016-02-22 00:00:00'),(468,30,'DAY',1,'2016-02-23 00:00:00'),(469,8,'WEEK',4,'2016-02-22 00:00:00'),(470,8,'DAY',4,'2016-02-23 00:00:00'),(471,8,'WEEK',7,'2016-02-29 00:00:00'),(472,8,'DAY',3,'2016-03-04 00:00:00'),(473,8,'MONTH',9,'2016-03-01 00:00:00'),(474,8,'DAY',4,'2016-03-05 00:00:00'),(475,12,'WEEK',1,'2016-02-29 00:00:00'),(476,12,'DAY',1,'2016-03-06 00:00:00'),(477,12,'MONTH',2,'2016-03-01 00:00:00'),(478,19,'WEEK',4,'2016-03-07 00:00:00'),(479,19,'DAY',4,'2016-03-07 00:00:00'),(480,19,'MONTH',4,'2016-03-01 00:00:00'),(481,8,'WEEK',1,'2016-03-07 00:00:00'),(482,8,'DAY',1,'2016-03-13 00:00:00'),(483,14,'WEEK',11,'2016-03-14 00:00:00'),(484,14,'DAY',3,'2016-03-14 00:00:00'),(485,14,'MONTH',25,'2016-03-01 00:00:00'),(486,8,'WEEK',1,'2016-03-14 00:00:00'),(487,8,'DAY',1,'2016-03-14 00:00:00'),(488,12,'WEEK',1,'2016-03-14 00:00:00'),(489,12,'DAY',1,'2016-03-16 00:00:00'),(490,14,'DAY',5,'2016-03-16 00:00:00'),(491,14,'DAY',3,'2016-03-20 00:00:00'),(492,14,'WEEK',10,'2016-03-21 00:00:00'),(493,14,'DAY',1,'2016-03-23 00:00:00'),(494,31,'WEEK',9,'2016-03-21 00:00:00'),(495,31,'DAY',9,'2016-03-24 00:00:00'),(496,31,'MONTH',9,'2016-03-01 00:00:00'),(497,31,'YEAR',9,'2016-01-01 00:00:00'),(498,14,'DAY',7,'2016-03-24 00:00:00'),(499,32,'WEEK',18,'2016-03-21 00:00:00'),(500,32,'DAY',18,'2016-03-24 00:00:00'),(501,32,'MONTH',18,'2016-03-01 00:00:00'),(502,32,'YEAR',20,'2016-01-01 00:00:00'),(503,14,'DAY',2,'2016-03-25 00:00:00'),(504,14,'WEEK',8,'2016-03-28 00:00:00'),(505,14,'DAY',4,'2016-03-31 00:00:00'),(506,14,'DAY',4,'2016-04-01 00:00:00'),(507,14,'MONTH',83,'2016-04-01 00:00:00'),(508,14,'WEEK',11,'2016-04-04 00:00:00'),(509,14,'DAY',3,'2016-04-07 00:00:00'),(510,32,'WEEK',2,'2016-04-04 00:00:00'),(511,32,'DAY',2,'2016-04-07 00:00:00'),(512,32,'MONTH',2,'2016-04-01 00:00:00'),(513,14,'DAY',8,'2016-04-08 00:00:00'),(514,14,'WEEK',21,'2016-04-11 00:00:00'),(515,14,'DAY',20,'2016-04-12 00:00:00'),(516,14,'DAY',1,'2016-04-13 00:00:00'),(517,14,'WEEK',12,'2016-04-18 00:00:00'),(518,14,'DAY',2,'2016-04-18 00:00:00'),(519,12,'WEEK',9,'2016-04-18 00:00:00'),(520,12,'DAY',5,'2016-04-18 00:00:00'),(521,12,'MONTH',9,'2016-04-01 00:00:00'),(522,12,'DAY',4,'2016-04-21 00:00:00'),(523,14,'DAY',8,'2016-04-23 00:00:00'),(524,14,'DAY',2,'2016-04-24 00:00:00'),(525,14,'WEEK',35,'2016-04-25 00:00:00'),(526,14,'DAY',3,'2016-04-26 00:00:00'),(527,8,'WEEK',53,'2016-04-25 00:00:00'),(528,8,'DAY',48,'2016-04-26 00:00:00'),(529,8,'MONTH',53,'2016-04-01 00:00:00'),(530,14,'DAY',32,'2016-04-27 00:00:00'),(531,10,'WEEK',2,'2016-04-25 00:00:00'),(532,10,'DAY',2,'2016-04-27 00:00:00'),(533,10,'MONTH',2,'2016-04-01 00:00:00'),(534,10,'YEAR',3,'2016-01-01 00:00:00'),(535,8,'DAY',5,'2016-04-27 00:00:00'),(536,14,'WEEK',29,'2016-05-02 00:00:00'),(537,14,'DAY',29,'2016-05-02 00:00:00'),(538,14,'MONTH',62,'2016-05-01 00:00:00'),(539,12,'WEEK',1,'2016-05-02 00:00:00'),(540,12,'DAY',1,'2016-05-02 00:00:00'),(541,12,'MONTH',9,'2016-05-01 00:00:00'),(542,8,'WEEK',9,'2016-05-02 00:00:00'),(543,8,'DAY',9,'2016-05-02 00:00:00'),(544,8,'MONTH',9,'2016-05-01 00:00:00'),(545,30,'WEEK',2,'2016-05-02 00:00:00'),(546,30,'DAY',2,'2016-05-07 00:00:00'),(547,30,'MONTH',2,'2016-05-01 00:00:00'),(548,14,'WEEK',33,'2016-05-09 00:00:00'),(549,14,'DAY',33,'2016-05-10 00:00:00'),(550,12,'WEEK',8,'2016-05-16 00:00:00'),(551,12,'DAY',3,'2016-05-17 00:00:00'),(552,12,'DAY',5,'2016-05-20 00:00:00'),(553,12,'WEEK',4,'2016-06-06 00:00:00'),(554,12,'DAY',4,'2016-06-10 00:00:00'),(555,12,'MONTH',9,'2016-06-01 00:00:00'),(556,14,'WEEK',1,'2016-06-06 00:00:00'),(557,14,'DAY',1,'2016-06-11 00:00:00'),(558,14,'MONTH',1,'2016-06-01 00:00:00'),(559,15,'WEEK',1,'2016-06-27 00:00:00'),(560,15,'DAY',1,'2016-06-28 00:00:00'),(561,15,'MONTH',1,'2016-06-01 00:00:00'),(562,12,'WEEK',5,'2016-06-27 00:00:00'),(563,12,'DAY',5,'2016-06-30 00:00:00'),(564,12,'WEEK',28,'2016-07-04 00:00:00'),(565,12,'DAY',18,'2016-07-05 00:00:00'),(566,12,'MONTH',36,'2016-07-01 00:00:00'),(567,12,'DAY',10,'2016-07-06 00:00:00'),(568,12,'WEEK',7,'2016-07-11 00:00:00'),(569,12,'DAY',3,'2016-07-11 00:00:00'),(570,12,'DAY',4,'2016-07-12 00:00:00'),(571,9,'WEEK',1,'2016-07-11 00:00:00'),(572,9,'DAY',1,'2016-07-12 00:00:00'),(573,9,'MONTH',1,'2016-07-01 00:00:00'),(574,12,'WEEK',1,'2016-07-25 00:00:00'),(575,12,'DAY',1,'2016-07-30 00:00:00'),(576,12,'WEEK',13,'2016-08-08 00:00:00'),(577,12,'DAY',3,'2016-08-08 00:00:00'),(578,12,'MONTH',23,'2016-08-01 00:00:00'),(579,29,'WEEK',5,'2016-08-08 00:00:00'),(580,29,'DAY',5,'2016-08-08 00:00:00'),(581,29,'MONTH',5,'2016-08-01 00:00:00'),(582,29,'YEAR',11,'2016-01-01 00:00:00'),(583,12,'DAY',2,'2016-08-10 00:00:00'),(584,12,'DAY',8,'2016-08-13 00:00:00'),(585,10,'WEEK',1,'2016-08-08 00:00:00'),(586,10,'DAY',1,'2016-08-13 00:00:00'),(587,10,'MONTH',1,'2016-08-01 00:00:00'),(588,30,'WEEK',8,'2016-08-08 00:00:00'),(589,30,'DAY',8,'2016-08-13 00:00:00'),(590,30,'MONTH',13,'2016-08-01 00:00:00'),(591,19,'WEEK',1,'2016-08-08 00:00:00'),(592,19,'DAY',1,'2016-08-13 00:00:00'),(593,19,'MONTH',1,'2016-08-01 00:00:00'),(594,12,'WEEK',9,'2016-08-15 00:00:00'),(595,12,'DAY',9,'2016-08-17 00:00:00'),(596,14,'WEEK',2,'2016-08-15 00:00:00'),(597,14,'DAY',2,'2016-08-17 00:00:00'),(598,14,'MONTH',2,'2016-08-01 00:00:00'),(599,8,'WEEK',2,'2016-08-15 00:00:00'),(600,8,'DAY',2,'2016-08-17 00:00:00'),(601,8,'MONTH',2,'2016-08-01 00:00:00'),(602,30,'WEEK',4,'2016-08-15 00:00:00'),(603,30,'DAY',4,'2016-08-17 00:00:00'),(604,12,'WEEK',1,'2016-08-22 00:00:00'),(605,12,'DAY',1,'2016-08-24 00:00:00'),(606,30,'WEEK',1,'2016-08-22 00:00:00'),(607,30,'DAY',1,'2016-08-24 00:00:00'),(608,30,'WEEK',1,'2016-09-19 00:00:00'),(609,30,'DAY',1,'2016-09-23 00:00:00'),(610,30,'MONTH',1,'2016-09-01 00:00:00'),(611,14,'WEEK',1,'2016-09-19 00:00:00'),(612,14,'DAY',1,'2016-09-24 00:00:00'),(613,14,'MONTH',1,'2016-09-01 00:00:00'),(614,14,'WEEK',8,'2016-09-26 00:00:00'),(615,14,'DAY',4,'2016-10-01 00:00:00'),(616,14,'MONTH',32,'2016-10-01 00:00:00'),(617,14,'DAY',4,'2016-10-02 00:00:00'),(618,14,'WEEK',24,'2016-10-10 00:00:00'),(619,14,'DAY',24,'2016-10-16 00:00:00'),(620,12,'WEEK',2,'2016-10-31 00:00:00'),(621,12,'DAY',2,'2016-11-03 00:00:00'),(622,12,'MONTH',5,'2016-11-01 00:00:00'),(623,14,'WEEK',3,'2016-11-07 00:00:00'),(624,14,'DAY',1,'2016-11-07 00:00:00'),(625,14,'MONTH',7,'2016-11-01 00:00:00'),(626,29,'WEEK',6,'2016-11-07 00:00:00'),(627,29,'DAY',6,'2016-11-10 00:00:00'),(628,29,'MONTH',6,'2016-11-01 00:00:00'),(629,12,'WEEK',1,'2016-11-07 00:00:00'),(630,12,'DAY',1,'2016-11-11 00:00:00'),(631,14,'DAY',2,'2016-11-13 00:00:00'),(632,30,'WEEK',2,'2016-11-07 00:00:00'),(633,30,'DAY',2,'2016-11-13 00:00:00'),(634,30,'MONTH',2,'2016-11-01 00:00:00'),(635,18,'WEEK',1,'2016-11-07 00:00:00'),(636,18,'DAY',1,'2016-11-13 00:00:00'),(637,18,'MONTH',1,'2016-11-01 00:00:00'),(638,14,'WEEK',3,'2016-11-14 00:00:00'),(639,14,'DAY',3,'2016-11-15 00:00:00'),(640,12,'WEEK',2,'2016-11-14 00:00:00'),(641,12,'DAY',2,'2016-11-20 00:00:00'),(642,14,'WEEK',1,'2016-11-21 00:00:00'),(643,14,'DAY',1,'2016-11-26 00:00:00'),(644,8,'WEEK',4,'2016-11-28 00:00:00'),(645,8,'DAY',4,'2016-12-03 00:00:00'),(646,8,'MONTH',4,'2016-12-01 00:00:00'),(647,12,'WEEK',3,'2016-12-05 00:00:00'),(648,12,'DAY',3,'2016-12-05 00:00:00'),(649,12,'MONTH',5,'2016-12-01 00:00:00'),(650,14,'WEEK',4,'2016-12-05 00:00:00'),(651,14,'DAY',2,'2016-12-10 00:00:00'),(652,14,'MONTH',11,'2016-12-01 00:00:00'),(653,14,'DAY',2,'2016-12-11 00:00:00'),(654,14,'WEEK',4,'2016-12-12 00:00:00'),(655,14,'DAY',4,'2016-12-16 00:00:00'),(656,18,'WEEK',4,'2016-12-12 00:00:00'),(657,18,'DAY',4,'2016-12-18 00:00:00'),(658,18,'MONTH',4,'2016-12-01 00:00:00'),(659,12,'WEEK',2,'2016-12-19 00:00:00'),(660,12,'DAY',2,'2016-12-19 00:00:00'),(661,14,'WEEK',3,'2016-12-19 00:00:00'),(662,14,'DAY',2,'2016-12-19 00:00:00'),(663,30,'WEEK',1,'2016-12-19 00:00:00'),(664,30,'DAY',1,'2016-12-19 00:00:00'),(665,30,'MONTH',1,'2016-12-01 00:00:00'),(666,19,'WEEK',1,'2016-12-19 00:00:00'),(667,19,'DAY',1,'2016-12-19 00:00:00'),(668,19,'MONTH',1,'2016-12-01 00:00:00'),(669,14,'DAY',1,'2016-12-24 00:00:00'),(670,15,'WEEK',1,'2016-12-19 00:00:00'),(671,15,'DAY',1,'2016-12-24 00:00:00'),(672,15,'MONTH',1,'2016-12-01 00:00:00'),(673,30,'WEEK',2,'2017-05-15 00:00:00'),(674,30,'DAY',2,'2017-05-17 00:00:00'),(675,30,'MONTH',2,'2017-05-01 00:00:00'),(676,30,'YEAR',24,'2017-01-01 00:00:00'),(677,14,'WEEK',3,'2017-05-15 00:00:00'),(678,14,'DAY',3,'2017-05-18 00:00:00'),(679,14,'MONTH',3,'2017-05-01 00:00:00'),(680,14,'YEAR',5,'2017-01-01 00:00:00'),(681,30,'WEEK',2,'2017-05-29 00:00:00'),(682,30,'DAY',2,'2017-06-03 00:00:00'),(683,30,'MONTH',2,'2017-06-01 00:00:00'),(684,14,'WEEK',1,'2017-05-29 00:00:00'),(685,14,'DAY',1,'2017-06-03 00:00:00'),(686,14,'MONTH',2,'2017-06-01 00:00:00'),(687,12,'WEEK',2,'2017-06-05 00:00:00'),(688,12,'DAY',2,'2017-06-06 00:00:00'),(689,12,'MONTH',2,'2017-06-01 00:00:00'),(690,12,'YEAR',2,'2017-01-01 00:00:00'),(691,14,'WEEK',1,'2017-06-05 00:00:00'),(692,14,'DAY',1,'2017-06-06 00:00:00'),(693,8,'WEEK',1,'2017-06-05 00:00:00'),(694,8,'DAY',1,'2017-06-08 00:00:00'),(695,8,'MONTH',1,'2017-06-01 00:00:00'),(696,8,'YEAR',1,'2017-01-01 00:00:00'),(697,30,'WEEK',20,'2017-11-20 00:00:00'),(698,30,'DAY',20,'2017-11-20 00:00:00'),(699,30,'MONTH',20,'2017-11-01 00:00:00'),(700,17,'WEEK',1,'2018-07-02 00:00:00'),(701,17,'DAY',1,'2018-07-03 00:00:00'),(702,17,'MONTH',1,'2018-07-01 00:00:00'),(703,17,'YEAR',1,'2018-01-01 00:00:00'),(704,14,'WEEK',1,'2018-07-16 00:00:00'),(705,14,'DAY',1,'2018-07-21 00:00:00'),(706,14,'MONTH',1,'2018-07-01 00:00:00'),(707,14,'YEAR',1,'2018-01-01 00:00:00');

--
-- Table structure for table `token_api`
--

DROP TABLE IF EXISTS `token_api`;
/*!40101 SET @saved_cs_client     = @@character_set_client */;
/*!40101 SET character_set_client = utf8 */;
CREATE TABLE `token_api` (
  `id` int(11) NOT NULL AUTO_INCREMENT,
  `date_last_access` datetime NOT NULL,
  `ip` varchar(50) COLLATE utf8_unicode_ci NOT NULL,
  `username` varchar(50) COLLATE utf8_unicode_ci NOT NULL,
  `user_id` int(11) NOT NULL,
  `token` varchar(50) COLLATE utf8_unicode_ci NOT NULL,
  `other` text COLLATE utf8_unicode_ci NOT NULL,
  `json` text COLLATE utf8_unicode_ci,
  PRIMARY KEY (`id`)
) ENGINE=InnoDB AUTO_INCREMENT=15 DEFAULT CHARSET=utf8 COLLATE=utf8_unicode_ci;
/*!40101 SET character_set_client = @saved_cs_client */;

--
-- Dumping data for table `token_api`
--

INSERT INTO `token_api` VALUES (14,'2016-12-08 14:23:37','::1','admin',8,'b02ec8d9b3d7ca1bb8e9e8880245166c','',NULL);

--
-- Table structure for table `trates`
--

DROP TABLE IF EXISTS `trates`;
/*!40101 SET @saved_cs_client     = @@character_set_client */;
/*!40101 SET character_set_client = utf8 */;
CREATE TABLE `trates` (
  `id` int(11) NOT NULL AUTO_INCREMENT,
  `property_id` int(11) NOT NULL,
  `date_from` datetime DEFAULT NULL,
  `date_to` datetime DEFAULT NULL,
  `min_stay` int(11) DEFAULT '1',
  `changeover_day` int(11) DEFAULT '6',
  `table_row_index` int(11) DEFAULT NULL,
  `dates` text COLLATE utf8_unicode_ci,
  `rates` text COLLATE utf8_unicode_ci,
  PRIMARY KEY (`id`)
) ENGINE=InnoDB AUTO_INCREMENT=12 DEFAULT CHARSET=utf8 COLLATE=utf8_unicode_ci;
/*!40101 SET character_set_client = @saved_cs_client */;

--
-- Dumping data for table `trates`
--

INSERT INTO `trates` VALUES (9,30,NULL,NULL,1,6,1,'2015-12-16\r\n2015-12-17\r\n2015-12-18\r\n2015-12-19\r\n2015-12-20\r\n2015-12-21\r\n2015-12-22\r\n2015-12-23\r\n2016-01-12\r\n2016-01-13\r\n2016-01-14\r\n2016-01-15\r\n2016-01-16\r\n2016-01-17\r\n2016-01-18\r\n2016-01-19',NULL),(11,30,NULL,NULL,1,6,3,'2016-02-01\r\n2016-02-02\r\n2016-02-03\r\n2016-02-04\r\n2016-02-05\r\n2016-02-06\r\n2016-02-07\r\n2016-02-08\r\n2016-02-09\r\n2016-02-10\r\n2016-02-11\r\n2016-02-12\r\n2016-02-13\r\n2016-02-14\r\n2016-02-15\r\n2016-02-16\r\n2016-02-17\r\n2016-02-18\r\n2016-02-19\r\n2016-02-20\r\n2016-02-21\r\n2016-02-22\r\n2016-02-23\r\n2016-02-24\r\n2016-02-25\r\n2016-02-26\r\n2016-02-27\r\n2016-02-28\r\n2016-02-29','<tr><td>2015-12-31</td><td>2016-01-09</td><td>5</td><td>100EUR</td></tr><tr><td>2015-12-31</td><td>2016-01-09</td><td>5</td><td>100EUR</td></tr><tr><td>2015-12-31</td><td>2016-01-09</td><td>5</td><td>100EUR</td></tr>');

--
-- Table structure for table `treefield`
--

DROP TABLE IF EXISTS `treefield`;
/*!40101 SET @saved_cs_client     = @@character_set_client */;
/*!40101 SET character_set_client = utf8 */;
CREATE TABLE `treefield` (
  `id` int(11) NOT NULL AUTO_INCREMENT,
  `field_id` int(11) DEFAULT NULL,
  `root_id` int(11) DEFAULT NULL,
  `parent_id` int(11) DEFAULT NULL,
  `order` int(11) DEFAULT NULL,
  `level` int(11) DEFAULT NULL,
  `field_name` varchar(100) COLLATE utf8_unicode_ci DEFAULT NULL,
  `template` varchar(100) COLLATE utf8_unicode_ci DEFAULT 'treefield',
  `repository_id` int(11) DEFAULT NULL,
  `image_filename` varchar(200) COLLATE utf8_unicode_ci DEFAULT NULL,
  `affilate_price` decimal(10,2) DEFAULT NULL,
  `notifications_sent` tinyint(1) DEFAULT '1',
  `font_icon_code` varchar(64) COLLATE utf8_unicode_ci DEFAULT NULL,
  `code` varchar(6) COLLATE utf8_unicode_ci DEFAULT NULL,
  PRIMARY KEY (`id`)
) ENGINE=InnoDB AUTO_INCREMENT=145 DEFAULT CHARSET=utf8 COLLATE=utf8_unicode_ci;
/*!40101 SET character_set_client = @saved_cs_client */;

--
-- Dumping data for table `treefield`
--

INSERT INTO `treefield` VALUES (88,64,NULL,0,NULL,0,NULL,'treefield_treefield',NULL,NULL,NULL,1,'',NULL),(89,64,NULL,88,NULL,1,NULL,'treefield_treefield',NULL,NULL,NULL,1,'',NULL),(90,64,NULL,88,NULL,1,NULL,'treefield_treefield',NULL,NULL,NULL,1,'',NULL),(91,64,NULL,88,NULL,1,NULL,'treefield_treefield',NULL,NULL,NULL,1,'',NULL),(92,64,NULL,88,NULL,1,NULL,'treefield_treefield',NULL,NULL,NULL,1,'',NULL),(93,64,NULL,88,NULL,1,NULL,'treefield_treefield',NULL,NULL,NULL,1,'',NULL),(94,64,NULL,88,NULL,1,NULL,'treefield_treefield',NULL,NULL,NULL,1,'',NULL),(95,64,NULL,88,NULL,1,NULL,'treefield_treefield',NULL,NULL,NULL,1,'',NULL),(96,64,NULL,88,NULL,1,NULL,'treefield_treefield',NULL,NULL,NULL,1,'',NULL),(97,64,NULL,88,NULL,1,NULL,'treefield_treefield',NULL,NULL,NULL,1,'',NULL),(98,64,NULL,88,NULL,1,NULL,'treefield_treefield',NULL,NULL,NULL,1,'',NULL),(99,64,NULL,88,NULL,1,NULL,'treefield_treefield',NULL,NULL,NULL,1,'',NULL),(100,64,NULL,88,NULL,1,NULL,'treefield_treefield',NULL,NULL,NULL,1,'',NULL),(101,64,NULL,88,NULL,1,NULL,'treefield_treefield',NULL,NULL,NULL,1,'',NULL),(102,64,NULL,88,NULL,1,NULL,'treefield_treefield',NULL,NULL,NULL,1,'',NULL),(103,64,NULL,88,NULL,1,NULL,'treefield_treefield',NULL,NULL,NULL,1,'',NULL),(104,64,NULL,88,NULL,1,NULL,'treefield_treefield',NULL,NULL,NULL,1,'',NULL),(105,64,NULL,88,NULL,1,NULL,'treefield_treefield',NULL,NULL,NULL,1,'',NULL),(106,64,NULL,88,NULL,1,NULL,'treefield_treefield',NULL,NULL,NULL,1,'',NULL),(107,64,NULL,88,NULL,1,NULL,'treefield_treefield',NULL,NULL,NULL,1,'',NULL),(108,64,NULL,88,NULL,1,NULL,'treefield_treefield',NULL,NULL,NULL,1,'',NULL),(109,64,NULL,88,NULL,1,NULL,'treefield_treefield',NULL,NULL,NULL,1,'',NULL),(110,64,NULL,88,NULL,1,NULL,'treefield_treefield',NULL,NULL,NULL,1,'',NULL),(111,64,NULL,88,NULL,1,NULL,'treefield_treefield',NULL,NULL,NULL,1,'',NULL),(112,64,NULL,88,NULL,1,NULL,'treefield_treefield',NULL,NULL,NULL,1,'',NULL),(113,64,NULL,88,NULL,1,NULL,'treefield_treefield',NULL,NULL,NULL,1,'',NULL),(114,64,NULL,88,NULL,1,NULL,'treefield_treefield',NULL,NULL,NULL,1,'',NULL),(115,64,NULL,88,NULL,1,NULL,'treefield_treefield',NULL,NULL,NULL,1,'',NULL),(116,64,NULL,88,NULL,1,NULL,'treefield_treefield',NULL,NULL,NULL,1,'',NULL),(117,64,NULL,88,NULL,1,NULL,'treefield_treefield',NULL,NULL,NULL,1,'',NULL),(118,64,NULL,88,NULL,1,NULL,'treefield_treefield',NULL,NULL,NULL,1,'',NULL),(119,64,NULL,88,NULL,1,NULL,'treefield_treefield',NULL,NULL,NULL,1,'',NULL),(120,64,NULL,88,NULL,1,NULL,'treefield_treefield',NULL,NULL,NULL,1,'',NULL),(121,64,NULL,88,NULL,1,NULL,'treefield_treefield',NULL,NULL,NULL,1,'',NULL),(122,64,NULL,88,NULL,1,NULL,'treefield_treefield',NULL,NULL,NULL,1,'',NULL),(123,64,NULL,88,NULL,1,NULL,'treefield_treefield',NULL,NULL,NULL,1,'',NULL),(124,64,NULL,88,NULL,1,NULL,'treefield_treefield',NULL,NULL,NULL,1,'',NULL),(125,64,NULL,88,NULL,1,NULL,'treefield_treefield',NULL,NULL,NULL,1,'',NULL),(126,64,NULL,88,NULL,1,NULL,'treefield_treefield',NULL,NULL,NULL,1,'',NULL),(127,64,NULL,88,NULL,1,NULL,'treefield_treefield',NULL,NULL,NULL,1,'',NULL),(128,64,NULL,88,NULL,1,NULL,'treefield_treefield',NULL,NULL,NULL,1,'',NULL),(129,64,NULL,88,NULL,1,NULL,'treefield_treefield',NULL,NULL,NULL,1,'',NULL),(130,64,NULL,88,NULL,1,NULL,'treefield_treefield',NULL,NULL,NULL,1,'',NULL),(131,64,NULL,88,NULL,1,NULL,'treefield_treefield',NULL,NULL,NULL,1,'',NULL),(132,64,NULL,88,NULL,1,NULL,'treefield_treefield',NULL,NULL,NULL,1,'',NULL),(133,64,NULL,88,NULL,1,NULL,'treefield_treefield',NULL,NULL,NULL,1,'',NULL),(134,64,NULL,88,NULL,1,NULL,'treefield_treefield',NULL,NULL,NULL,1,'',NULL),(135,64,NULL,88,NULL,1,NULL,'treefield_treefield',NULL,NULL,NULL,1,'',NULL),(136,64,NULL,88,NULL,1,NULL,'treefield_treefield',NULL,NULL,NULL,1,'',NULL),(137,64,NULL,88,NULL,1,NULL,'treefield_treefield',NULL,NULL,NULL,1,'',NULL),(138,64,NULL,88,NULL,1,NULL,'treefield_treefield',NULL,NULL,NULL,1,'',NULL),(139,64,NULL,88,NULL,1,NULL,'treefield_treefield',NULL,NULL,NULL,1,'',NULL),(140,79,NULL,0,NULL,0,NULL,'treefield_treefield',NULL,NULL,NULL,1,'fa fa-building',NULL),(141,79,NULL,0,NULL,0,NULL,'treefield_treefield',NULL,NULL,NULL,1,'fa fa-home',NULL),(142,79,NULL,0,NULL,0,NULL,'treefield_treefield',NULL,NULL,NULL,1,'fa fa-usd',NULL),(143,79,NULL,0,NULL,0,NULL,'treefield_treefield',NULL,NULL,NULL,1,'fa fa-cutlery',NULL),(144,79,NULL,0,NULL,0,NULL,'treefield_treefield',NULL,NULL,NULL,1,'fa fa-pagelines',NULL);

--
-- Table structure for table `treefield_lang`
--

DROP TABLE IF EXISTS `treefield_lang`;
/*!40101 SET @saved_cs_client     = @@character_set_client */;
/*!40101 SET character_set_client = utf8 */;
CREATE TABLE `treefield_lang` (
  `id` int(11) NOT NULL AUTO_INCREMENT,
  `treefield_id` int(11) DEFAULT NULL,
  `language_id` int(11) DEFAULT NULL,
  `value` text COLLATE utf8_unicode_ci,
  `value_path` text COLLATE utf8_unicode_ci,
  `title` varchar(160) COLLATE utf8_unicode_ci DEFAULT NULL,
  `path_title` varchar(160) COLLATE utf8_unicode_ci DEFAULT NULL,
  `address` varchar(160) COLLATE utf8_unicode_ci DEFAULT NULL,
  `body` text COLLATE utf8_unicode_ci,
  `keywords` varchar(160) COLLATE utf8_unicode_ci DEFAULT NULL,
  `description` varchar(160) COLLATE utf8_unicode_ci DEFAULT NULL,
  `slug` varchar(100) COLLATE utf8_unicode_ci DEFAULT NULL,
  `adcode1` text COLLATE utf8_unicode_ci,
  `adcode2` text COLLATE utf8_unicode_ci,
  `adcode3` text COLLATE utf8_unicode_ci,
  `adcode4` text COLLATE utf8_unicode_ci,
  `adcode5` text COLLATE utf8_unicode_ci,
  `adcode6` text COLLATE utf8_unicode_ci,
  PRIMARY KEY (`id`),
  KEY `treefield_id` (`treefield_id`),
  KEY `language_id` (`language_id`)
) ENGINE=InnoDB AUTO_INCREMENT=623 DEFAULT CHARSET=utf8 COLLATE=utf8_unicode_ci;
/*!40101 SET character_set_client = @saved_cs_client */;

--
-- Dumping data for table `treefield_lang`
--

INSERT INTO `treefield_lang` VALUES (509,88,1,'United States','United States',NULL,NULL,NULL,NULL,NULL,NULL,NULL,NULL,NULL,NULL,NULL,NULL,NULL),(510,88,2,'United States','United States',NULL,NULL,NULL,NULL,NULL,NULL,NULL,NULL,NULL,NULL,NULL,NULL,NULL),(511,89,1,'Massachusetts','United States - Massachusetts',NULL,NULL,NULL,NULL,NULL,NULL,NULL,NULL,NULL,NULL,NULL,NULL,NULL),(512,89,2,'Massachusetts','United States - Massachusetts',NULL,NULL,NULL,NULL,NULL,NULL,NULL,NULL,NULL,NULL,NULL,NULL,NULL),(513,90,1,'Minnesota','United States - Minnesota',NULL,NULL,NULL,NULL,NULL,NULL,NULL,NULL,NULL,NULL,NULL,NULL,NULL),(514,90,2,'Minnesota','United States - Minnesota',NULL,NULL,NULL,NULL,NULL,NULL,NULL,NULL,NULL,NULL,NULL,NULL,NULL),(515,91,1,'Montana','United States - Montana',NULL,NULL,NULL,NULL,NULL,NULL,NULL,NULL,NULL,NULL,NULL,NULL,NULL),(516,91,2,'Montana','United States - Montana',NULL,NULL,NULL,NULL,NULL,NULL,NULL,NULL,NULL,NULL,NULL,NULL,NULL),(517,92,1,'North Dakota','United States - North Dakota',NULL,NULL,NULL,NULL,NULL,NULL,NULL,NULL,NULL,NULL,NULL,NULL,NULL),(518,92,2,'North Dakota','United States - North Dakota',NULL,NULL,NULL,NULL,NULL,NULL,NULL,NULL,NULL,NULL,NULL,NULL,NULL),(519,93,1,'Hawaii','United States - Hawaii',NULL,NULL,NULL,NULL,NULL,NULL,NULL,NULL,NULL,NULL,NULL,NULL,NULL),(520,93,2,'Hawaii','United States - Hawaii',NULL,NULL,NULL,NULL,NULL,NULL,NULL,NULL,NULL,NULL,NULL,NULL,NULL),(521,94,1,'Idaho','United States - Idaho',NULL,NULL,NULL,NULL,NULL,NULL,NULL,NULL,NULL,NULL,NULL,NULL,NULL),(522,94,2,'Idaho','United States - Idaho',NULL,NULL,NULL,NULL,NULL,NULL,NULL,NULL,NULL,NULL,NULL,NULL,NULL),(523,95,1,'Washington','United States - Washington',NULL,NULL,NULL,NULL,NULL,NULL,NULL,NULL,NULL,NULL,NULL,NULL,NULL),(524,95,2,'Washington','United States - Washington',NULL,NULL,NULL,NULL,NULL,NULL,NULL,NULL,NULL,NULL,NULL,NULL,NULL),(525,96,1,'Arizona','United States - Arizona',NULL,NULL,NULL,NULL,NULL,NULL,NULL,NULL,NULL,NULL,NULL,NULL,NULL),(526,96,2,'Arizona','United States - Arizona',NULL,NULL,NULL,NULL,NULL,NULL,NULL,NULL,NULL,NULL,NULL,NULL,NULL),(527,97,1,'California','United States - California',NULL,NULL,NULL,NULL,NULL,NULL,NULL,NULL,NULL,NULL,NULL,NULL,NULL),(528,97,2,'California','United States - California',NULL,NULL,NULL,NULL,NULL,NULL,NULL,NULL,NULL,NULL,NULL,NULL,NULL),(529,98,1,'Colorado','United States - Colorado',NULL,NULL,NULL,NULL,NULL,NULL,NULL,NULL,NULL,NULL,NULL,NULL,NULL),(530,98,2,'Colorado','United States - Colorado',NULL,NULL,NULL,NULL,NULL,NULL,NULL,NULL,NULL,NULL,NULL,NULL,NULL),(531,99,1,'Nevada','United States - Nevada',NULL,NULL,NULL,NULL,NULL,NULL,NULL,NULL,NULL,NULL,NULL,NULL,NULL),(532,99,2,'Nevada','United States - Nevada',NULL,NULL,NULL,NULL,NULL,NULL,NULL,NULL,NULL,NULL,NULL,NULL,NULL),(533,100,1,'New Mexico','United States - New Mexico',NULL,NULL,NULL,NULL,NULL,NULL,NULL,NULL,NULL,NULL,NULL,NULL,NULL),(534,100,2,'New Mexico','United States - New Mexico',NULL,NULL,NULL,NULL,NULL,NULL,NULL,NULL,NULL,NULL,NULL,NULL,NULL),(535,101,1,'Oregon','United States - Oregon',NULL,NULL,NULL,NULL,NULL,NULL,NULL,NULL,NULL,NULL,NULL,NULL,NULL),(536,101,2,'Oregon','United States - Oregon',NULL,NULL,NULL,NULL,NULL,NULL,NULL,NULL,NULL,NULL,NULL,NULL,NULL),(537,102,1,'Utah','United States - Utah',NULL,NULL,NULL,NULL,NULL,NULL,NULL,NULL,NULL,NULL,NULL,NULL,NULL),(538,102,2,'Utah','United States - Utah',NULL,NULL,NULL,NULL,NULL,NULL,NULL,NULL,NULL,NULL,NULL,NULL,NULL),(539,103,1,'Wyoming','United States - Wyoming',NULL,NULL,NULL,NULL,NULL,NULL,NULL,NULL,NULL,NULL,NULL,NULL,NULL),(540,103,2,'Wyoming','United States - Wyoming',NULL,NULL,NULL,NULL,NULL,NULL,NULL,NULL,NULL,NULL,NULL,NULL,NULL),(541,104,1,'Arkansas','United States - Arkansas',NULL,NULL,NULL,NULL,NULL,NULL,NULL,NULL,NULL,NULL,NULL,NULL,NULL),(542,104,2,'Arkansas','United States - Arkansas',NULL,NULL,NULL,NULL,NULL,NULL,NULL,NULL,NULL,NULL,NULL,NULL,NULL),(543,105,1,'Iowa','United States - Iowa',NULL,NULL,NULL,NULL,NULL,NULL,NULL,NULL,NULL,NULL,NULL,NULL,NULL),(544,105,2,'Iowa','United States - Iowa',NULL,NULL,NULL,NULL,NULL,NULL,NULL,NULL,NULL,NULL,NULL,NULL,NULL),(545,106,1,'Kansas','United States - Kansas',NULL,NULL,NULL,NULL,NULL,NULL,NULL,NULL,NULL,NULL,NULL,NULL,NULL),(546,106,2,'Kansas','United States - Kansas',NULL,NULL,NULL,NULL,NULL,NULL,NULL,NULL,NULL,NULL,NULL,NULL,NULL),(547,107,1,'Missouri','United States - Missouri',NULL,NULL,NULL,NULL,NULL,NULL,NULL,NULL,NULL,NULL,NULL,NULL,NULL),(548,107,2,'Missouri','United States - Missouri',NULL,NULL,NULL,NULL,NULL,NULL,NULL,NULL,NULL,NULL,NULL,NULL,NULL),(549,108,1,'Nebraska','United States - Nebraska',NULL,NULL,NULL,NULL,NULL,NULL,NULL,NULL,NULL,NULL,NULL,NULL,NULL),(550,108,2,'Nebraska','United States - Nebraska',NULL,NULL,NULL,NULL,NULL,NULL,NULL,NULL,NULL,NULL,NULL,NULL,NULL),(551,109,1,'Oklahoma','United States - Oklahoma',NULL,NULL,NULL,NULL,NULL,NULL,NULL,NULL,NULL,NULL,NULL,NULL,NULL),(552,109,2,'Oklahoma','United States - Oklahoma',NULL,NULL,NULL,NULL,NULL,NULL,NULL,NULL,NULL,NULL,NULL,NULL,NULL),(553,110,1,'South Dakota','United States - South Dakota',NULL,NULL,NULL,NULL,NULL,NULL,NULL,NULL,NULL,NULL,NULL,NULL,NULL),(554,110,2,'South Dakota','United States - South Dakota',NULL,NULL,NULL,NULL,NULL,NULL,NULL,NULL,NULL,NULL,NULL,NULL,NULL),(555,111,1,'Louisiana','United States - Louisiana',NULL,NULL,NULL,NULL,NULL,NULL,NULL,NULL,NULL,NULL,NULL,NULL,NULL),(556,111,2,'Louisiana','United States - Louisiana',NULL,NULL,NULL,NULL,NULL,NULL,NULL,NULL,NULL,NULL,NULL,NULL,NULL),(557,112,1,'Texas','United States - Texas',NULL,NULL,NULL,NULL,NULL,NULL,NULL,NULL,NULL,NULL,NULL,NULL,NULL),(558,112,2,'Texas','United States - Texas',NULL,NULL,NULL,NULL,NULL,NULL,NULL,NULL,NULL,NULL,NULL,NULL,NULL),(559,113,1,'Connecticut','United States - Connecticut',NULL,NULL,NULL,NULL,NULL,NULL,NULL,NULL,NULL,NULL,NULL,NULL,NULL),(560,113,2,'Connecticut','United States - Connecticut',NULL,NULL,NULL,NULL,NULL,NULL,NULL,NULL,NULL,NULL,NULL,NULL,NULL),(561,114,1,'New Hampshire','United States - New Hampshire',NULL,NULL,NULL,NULL,NULL,NULL,NULL,NULL,NULL,NULL,NULL,NULL,NULL),(562,114,2,'New Hampshire','United States - New Hampshire',NULL,NULL,NULL,NULL,NULL,NULL,NULL,NULL,NULL,NULL,NULL,NULL,NULL),(563,115,1,'Rhode Island','United States - Rhode Island',NULL,NULL,NULL,NULL,NULL,NULL,NULL,NULL,NULL,NULL,NULL,NULL,NULL),(564,115,2,'Rhode Island','United States - Rhode Island',NULL,NULL,NULL,NULL,NULL,NULL,NULL,NULL,NULL,NULL,NULL,NULL,NULL),(565,116,1,'Vermont','United States - Vermont',NULL,NULL,NULL,NULL,NULL,NULL,NULL,NULL,NULL,NULL,NULL,NULL,NULL),(566,116,2,'Vermont','United States - Vermont',NULL,NULL,NULL,NULL,NULL,NULL,NULL,NULL,NULL,NULL,NULL,NULL,NULL),(567,117,1,'Alabama','United States - Alabama',NULL,NULL,NULL,NULL,NULL,NULL,NULL,NULL,NULL,NULL,NULL,NULL,NULL),(568,117,2,'Alabama','United States - Alabama',NULL,NULL,NULL,NULL,NULL,NULL,NULL,NULL,NULL,NULL,NULL,NULL,NULL),(569,118,1,'Florida','United States - Florida',NULL,NULL,NULL,NULL,NULL,NULL,NULL,NULL,NULL,NULL,NULL,NULL,NULL),(570,118,2,'Florida','United States - Florida',NULL,NULL,NULL,NULL,NULL,NULL,NULL,NULL,NULL,NULL,NULL,NULL,NULL),(571,119,1,'Georgia','United States - Georgia',NULL,NULL,NULL,NULL,NULL,NULL,NULL,NULL,NULL,NULL,NULL,NULL,NULL),(572,119,2,'Georgia','United States - Georgia',NULL,NULL,NULL,NULL,NULL,NULL,NULL,NULL,NULL,NULL,NULL,NULL,NULL),(573,120,1,'Mississippi','United States - Mississippi',NULL,NULL,NULL,NULL,NULL,NULL,NULL,NULL,NULL,NULL,NULL,NULL,NULL),(574,120,2,'Mississippi','United States - Mississippi',NULL,NULL,NULL,NULL,NULL,NULL,NULL,NULL,NULL,NULL,NULL,NULL,NULL),(575,121,1,'South Carolina','United States - South Carolina',NULL,NULL,NULL,NULL,NULL,NULL,NULL,NULL,NULL,NULL,NULL,NULL,NULL),(576,121,2,'South Carolina','United States - South Carolina',NULL,NULL,NULL,NULL,NULL,NULL,NULL,NULL,NULL,NULL,NULL,NULL,NULL),(577,122,1,'Illinois','United States - Illinois',NULL,NULL,NULL,NULL,NULL,NULL,NULL,NULL,NULL,NULL,NULL,NULL,NULL),(578,122,2,'Illinois','United States - Illinois',NULL,NULL,NULL,NULL,NULL,NULL,NULL,NULL,NULL,NULL,NULL,NULL,NULL),(579,123,1,'Indiana','United States - Indiana',NULL,NULL,NULL,NULL,NULL,NULL,NULL,NULL,NULL,NULL,NULL,NULL,NULL),(580,123,2,'Indiana','United States - Indiana',NULL,NULL,NULL,NULL,NULL,NULL,NULL,NULL,NULL,NULL,NULL,NULL,NULL),(581,124,1,'Kentucky','United States - Kentucky',NULL,NULL,NULL,NULL,NULL,NULL,NULL,NULL,NULL,NULL,NULL,NULL,NULL),(582,124,2,'Kentucky','United States - Kentucky',NULL,NULL,NULL,NULL,NULL,NULL,NULL,NULL,NULL,NULL,NULL,NULL,NULL),(583,125,1,'North Carolina','United States - North Carolina',NULL,NULL,NULL,NULL,NULL,NULL,NULL,NULL,NULL,NULL,NULL,NULL,NULL),(584,125,2,'North Carolina','United States - North Carolina',NULL,NULL,NULL,NULL,NULL,NULL,NULL,NULL,NULL,NULL,NULL,NULL,NULL),(585,126,1,'Ohio','United States - Ohio',NULL,NULL,NULL,NULL,NULL,NULL,NULL,NULL,NULL,NULL,NULL,NULL,NULL),(586,126,2,'Ohio','United States - Ohio',NULL,NULL,NULL,NULL,NULL,NULL,NULL,NULL,NULL,NULL,NULL,NULL,NULL),(587,127,1,'Tennessee','United States - Tennessee',NULL,NULL,NULL,NULL,NULL,NULL,NULL,NULL,NULL,NULL,NULL,NULL,NULL),(588,127,2,'Tennessee','United States - Tennessee',NULL,NULL,NULL,NULL,NULL,NULL,NULL,NULL,NULL,NULL,NULL,NULL,NULL),(589,128,1,'Virginia','United States - Virginia',NULL,NULL,NULL,NULL,NULL,NULL,NULL,NULL,NULL,NULL,NULL,NULL,NULL),(590,128,2,'Virginia','United States - Virginia',NULL,NULL,NULL,NULL,NULL,NULL,NULL,NULL,NULL,NULL,NULL,NULL,NULL),(591,129,1,'Wisconsin','United States - Wisconsin',NULL,NULL,NULL,NULL,NULL,NULL,NULL,NULL,NULL,NULL,NULL,NULL,NULL),(592,129,2,'Wisconsin','United States - Wisconsin',NULL,NULL,NULL,NULL,NULL,NULL,NULL,NULL,NULL,NULL,NULL,NULL,NULL),(593,130,1,'West Virginia','United States - West Virginia',NULL,NULL,NULL,NULL,NULL,NULL,NULL,NULL,NULL,NULL,NULL,NULL,NULL),(594,130,2,'West Virginia','United States - West Virginia',NULL,NULL,NULL,NULL,NULL,NULL,NULL,NULL,NULL,NULL,NULL,NULL,NULL),(595,131,1,'Delaware','United States - Delaware',NULL,NULL,NULL,NULL,NULL,NULL,NULL,NULL,NULL,NULL,NULL,NULL,NULL),(596,131,2,'Delaware','United States - Delaware',NULL,NULL,NULL,NULL,NULL,NULL,NULL,NULL,NULL,NULL,NULL,NULL,NULL),(597,132,1,'District of Columbia','United States - District of Columbia',NULL,NULL,NULL,NULL,NULL,NULL,NULL,NULL,NULL,NULL,NULL,NULL,NULL),(598,132,2,'District of Columbia','United States - District of Columbia',NULL,NULL,NULL,NULL,NULL,NULL,NULL,NULL,NULL,NULL,NULL,NULL,NULL),(599,133,1,'Maryland','United States - Maryland',NULL,NULL,NULL,NULL,NULL,NULL,NULL,NULL,NULL,NULL,NULL,NULL,NULL),(600,133,2,'Maryland','United States - Maryland',NULL,NULL,NULL,NULL,NULL,NULL,NULL,NULL,NULL,NULL,NULL,NULL,NULL),(601,134,1,'New Jersey','United States - New Jersey',NULL,NULL,NULL,NULL,NULL,NULL,NULL,NULL,NULL,NULL,NULL,NULL,NULL),(602,134,2,'New Jersey','United States - New Jersey',NULL,NULL,NULL,NULL,NULL,NULL,NULL,NULL,NULL,NULL,NULL,NULL,NULL),(603,135,1,'New York','United States - New York',NULL,NULL,NULL,NULL,NULL,NULL,NULL,NULL,NULL,NULL,NULL,NULL,NULL),(604,135,2,'New York','United States - New York',NULL,NULL,NULL,NULL,NULL,NULL,NULL,NULL,NULL,NULL,NULL,NULL,NULL),(605,136,1,'Pennsylvania','United States - Pennsylvania',NULL,NULL,NULL,NULL,NULL,NULL,NULL,NULL,NULL,NULL,NULL,NULL,NULL),(606,136,2,'Pennsylvania','United States - Pennsylvania',NULL,NULL,NULL,NULL,NULL,NULL,NULL,NULL,NULL,NULL,NULL,NULL,NULL),(607,137,1,'Maine','United States - Maine',NULL,NULL,NULL,NULL,NULL,NULL,NULL,NULL,NULL,NULL,NULL,NULL,NULL),(608,137,2,'Maine','United States - Maine',NULL,NULL,NULL,NULL,NULL,NULL,NULL,NULL,NULL,NULL,NULL,NULL,NULL),(609,138,1,'Michigan','United States - Michigan',NULL,NULL,NULL,NULL,NULL,NULL,NULL,NULL,NULL,NULL,NULL,NULL,NULL),(610,138,2,'Michigan','United States - Michigan',NULL,NULL,NULL,NULL,NULL,NULL,NULL,NULL,NULL,NULL,NULL,NULL,NULL),(611,139,1,'Alaska','United States - Alaska',NULL,NULL,NULL,NULL,NULL,NULL,NULL,NULL,NULL,NULL,NULL,NULL,NULL),(612,139,2,'Alaska','United States - Alaska',NULL,NULL,NULL,NULL,NULL,NULL,NULL,NULL,NULL,NULL,NULL,NULL,NULL),(613,140,1,'Apartment','Apartment',NULL,NULL,NULL,NULL,NULL,NULL,NULL,NULL,NULL,NULL,NULL,NULL,NULL),(614,140,2,'Apartment','Apartment',NULL,NULL,NULL,NULL,NULL,NULL,NULL,NULL,NULL,NULL,NULL,NULL,NULL),(615,141,1,'House','House',NULL,NULL,NULL,NULL,NULL,NULL,NULL,NULL,NULL,NULL,NULL,NULL,NULL),(616,141,2,'House','House',NULL,NULL,NULL,NULL,NULL,NULL,NULL,NULL,NULL,NULL,NULL,NULL,NULL),(617,142,1,'Commercial','Commercial',NULL,NULL,NULL,NULL,NULL,NULL,NULL,NULL,NULL,NULL,NULL,NULL,NULL),(618,142,2,'Commercial','Commercial',NULL,NULL,NULL,NULL,NULL,NULL,NULL,NULL,NULL,NULL,NULL,NULL,NULL),(619,143,1,'Restaurant','Restaurant',NULL,NULL,NULL,NULL,NULL,NULL,NULL,NULL,NULL,NULL,NULL,NULL,NULL),(620,143,2,'Restaurant','Restaurant',NULL,NULL,NULL,NULL,NULL,NULL,NULL,NULL,NULL,NULL,NULL,NULL,NULL),(621,144,1,'Land','Land',NULL,NULL,NULL,NULL,NULL,NULL,NULL,NULL,NULL,NULL,NULL,NULL,NULL),(622,144,2,'Land','Land',NULL,NULL,NULL,NULL,NULL,NULL,NULL,NULL,NULL,NULL,NULL,NULL,NULL);

--
-- Table structure for table `treelevel`
--

DROP TABLE IF EXISTS `treelevel`;
/*!40101 SET @saved_cs_client     = @@character_set_client */;
/*!40101 SET character_set_client = utf8 */;
CREATE TABLE `treelevel` (
  `id` int(11) NOT NULL AUTO_INCREMENT,
  `root_id` int(11) DEFAULT NULL,
  `level` int(11) DEFAULT NULL,
  `language_id` int(11) DEFAULT NULL,
  `level_name` text COLLATE utf8_unicode_ci,
  PRIMARY KEY (`id`)
) ENGINE=InnoDB DEFAULT CHARSET=utf8 COLLATE=utf8_unicode_ci;
/*!40101 SET character_set_client = @saved_cs_client */;

--
-- Dumping data for table `treelevel`
--


--
-- Table structure for table `update_debug`
--

DROP TABLE IF EXISTS `update_debug`;
/*!40101 SET @saved_cs_client     = @@character_set_client */;
/*!40101 SET character_set_client = utf8 */;
CREATE TABLE `update_debug` (
  `id` int(11) NOT NULL AUTO_INCREMENT,
  `version` varchar(45) COLLATE utf8_unicode_ci DEFAULT NULL,
  `message` text COLLATE utf8_unicode_ci,
  PRIMARY KEY (`id`)
) ENGINE=InnoDB AUTO_INCREMENT=2 DEFAULT CHARSET=utf8 COLLATE=utf8_unicode_ci;
/*!40101 SET character_set_client = @saved_cs_client */;

--
-- Dumping data for table `update_debug`
--

INSERT INTO `update_debug` VALUES (1,'1.5.1','initial update_debug message');

--
-- Table structure for table `user`
--

DROP TABLE IF EXISTS `user`;
/*!40101 SET @saved_cs_client     = @@character_set_client */;
/*!40101 SET character_set_client = utf8 */;
CREATE TABLE `user` (
  `id` int(11) NOT NULL AUTO_INCREMENT,
  `username` varchar(45) COLLATE utf8_unicode_ci DEFAULT NULL,
  `password` varchar(45) COLLATE utf8_unicode_ci DEFAULT NULL,
  `name_surname` varchar(100) COLLATE utf8_unicode_ci DEFAULT NULL,
  `address` text COLLATE utf8_unicode_ci,
  `description` text COLLATE utf8_unicode_ci,
  `phone` varchar(45) COLLATE utf8_unicode_ci DEFAULT NULL,
  `phone2` varchar(45) COLLATE utf8_unicode_ci DEFAULT NULL,
  `mail` varchar(100) COLLATE utf8_unicode_ci DEFAULT NULL,
  `last_login` datetime DEFAULT NULL,
  `registration_date` datetime DEFAULT NULL,
  `type` varchar(30) COLLATE utf8_unicode_ci DEFAULT NULL COMMENT 'ADMIN\nAGENT\nUSER',
  `language` varchar(20) COLLATE utf8_unicode_ci DEFAULT NULL,
  `repository_id` int(11) DEFAULT NULL,
  `activated` tinyint(1) DEFAULT '0',
  `qa_id` int(11) DEFAULT NULL,
  `package_id` int(11) DEFAULT '0',
  `package_last_payment` datetime DEFAULT NULL,
  `facebook_id` varchar(160) COLLATE utf8_unicode_ci DEFAULT NULL,
  `mail_verified` tinyint(1) DEFAULT '0',
  `phone_verified` tinyint(1) DEFAULT '0',
  `image_user_filename` varchar(200) COLLATE utf8_unicode_ci DEFAULT NULL,
  `image_agency_filename` varchar(200) COLLATE utf8_unicode_ci DEFAULT NULL,
  `company_name` varchar(200) COLLATE utf8_unicode_ci DEFAULT NULL,
  `zip_city` varchar(100) COLLATE utf8_unicode_ci DEFAULT NULL,
  `prename_name` varchar(100) COLLATE utf8_unicode_ci DEFAULT NULL,
  `vat_number` varchar(100) COLLATE utf8_unicode_ci DEFAULT NULL,
  `facebook_link` varchar(150) COLLATE utf8_unicode_ci DEFAULT NULL,
  `gplus_link` varchar(150) COLLATE utf8_unicode_ci DEFAULT NULL,
  `youtube_link` varchar(150) COLLATE utf8_unicode_ci DEFAULT NULL,
  `twitter_link` varchar(150) COLLATE utf8_unicode_ci DEFAULT NULL,
  `linkedin_link` varchar(150) COLLATE utf8_unicode_ci DEFAULT NULL,
  `county_affiliate_values` text COLLATE utf8_unicode_ci,
  `embed_video_code` text COLLATE utf8_unicode_ci,
  `payment_details` text COLLATE utf8_unicode_ci,
  `custom_fields` text COLLATE utf8_unicode_ci,
  `research_sms_notifications` tinyint(1) DEFAULT '0',
  `research_mail_notifications` tinyint(1) DEFAULT '1',
  `agency_id` int(11) DEFAULT NULL,
  `last_edit_ip` varchar(64) COLLATE utf8_unicode_ci DEFAULT NULL,
  `is_password_locked` int(1) DEFAULT NULL,
  `promocode_added` varchar(128) COLLATE utf8_unicode_ci NOT NULL DEFAULT '',
  `promocode_activated` varchar(128) COLLATE utf8_unicode_ci NOT NULL DEFAULT '',
  `data_expire_package_sent` datetime DEFAULT NULL,
  `recurring_plan_id` varchar(160) COLLATE utf8_unicode_ci DEFAULT NULL,
  `recurring_subscription_id` varchar(160) COLLATE utf8_unicode_ci DEFAULT NULL,
  `recurring_package_id` int(11) DEFAULT NULL,
  PRIMARY KEY (`id`)
) ENGINE=InnoDB AUTO_INCREMENT=37 DEFAULT CHARSET=utf8 COLLATE=utf8_unicode_ci;
/*!40101 SET character_set_client = @saved_cs_client */;

--
-- Dumping data for table `user`
--

INSERT INTO `user` VALUES (1,'sandi.winter','281ff','Sandi Winter','Vinogradska 15','','+385 (0)98 734 513',NULL,'sandi@winter.hr','2014-06-14 16:44:09','2013-11-21 11:17:27','ADMIN','english',6,1,0,0,NULL,'',0,0,'sandi.winter.jpg',NULL,NULL,NULL,NULL,NULL,NULL,NULL,NULL,NULL,NULL,NULL,NULL,NULL,NULL,0,1,NULL,NULL,NULL,'','',NULL,NULL,NULL,NULL),(8,'admin','a114285c9e','Admin','','','+385 (0)91 234 654','0','admin@admin.admin','2022-02-10 18:10:24','2013-12-29 11:39:04','ADMIN','english',186,1,0,0,NULL,'',0,0,NULL,NULL,NULL,NULL,NULL,NULL,'','','','','','0','','','[]',0,1,NULL,NULL,NULL,'','',NULL,NULL,NULL,NULL),(9,'agent','782c9a0f0c','Kety Springs','Vinogradska 14','Lorem ipsum dolor sit amet, consectetur adipiscing elit. Donec auctor diam in quam molestie ullamcorper. Praesent a tellus massa. Nulla laoreet tempus congue. Praesent ut ultrices nunc. Etiam at libero sed turpis tempor placerat in eget lectus. Curabitur pretium, ante vel aliquam lacinia, ipsum felis hendrerit leo, ut aliquet neque odio at nisl.','+385 (0)91 123 321','0','kety@estatepoint.com','2016-10-08 11:00:53','2013-12-29 11:40:16','AGENT','english',21,1,0,3,'2016-12-07 12:05:40','',0,0,'agent.jpg','remax.png',NULL,NULL,NULL,NULL,'#','#','#','#','#','0','','','{\"cinput_1\":\"ae\",\"cinput_2\":\"be\",\"cinput_3\":\"1\"}',0,1,NULL,'::1',NULL,'','',NULL,NULL,NULL,NULL),(10,'lazobiskup','281ff','Lazo BiÅ¡kup','Ilica 234, Zagreb','Lorem ipsum dolor sit amet, consectetur adipiscing elit. Donec auctor diam in quam molestie ullamcorper. Praesent a tellus massa. Nulla laoreet tempus congue. Praesent ut ultrices nunc. Etiam at libero sed turpis tempor placerat in eget lectus. Curabitur pretium, ante vel aliquam lacinia, ipsum felis hendrerit leo, ut aliquet neque odio at nisl.','+385 (0)98 676 565',NULL,'lazo@estatepoint.com',NULL,'2014-01-05 14:44:11','AGENT','english',184,1,0,0,NULL,'',0,0,'agent-lazo.jpg','alogo4.png',NULL,NULL,NULL,NULL,NULL,NULL,NULL,NULL,NULL,NULL,NULL,NULL,NULL,0,1,NULL,NULL,NULL,'','',NULL,NULL,NULL,NULL),(11,'peropetric','281ff','Pero PetriÄ‡','VaraÅ¾dinska 34, VaraÅ¾din','Lorem ipsum dolor sit amet, consectetur adipiscing elit. Donec auctor diam in quam molestie ullamcorper. Praesent a tellus massa. Nulla laoreet tempus congue. Praesent ut ultrices nunc. Etiam at libero sed turpis tempor placerat in eget lectus. Curabitur pretium, ante vel aliquam lacinia, ipsum felis hendrerit leo, ut aliquet neque odio at nisl.','+385 (0)92 123 321',NULL,'pero@estatepoint.com',NULL,'2014-01-05 14:47:58','AGENT','english',185,1,1,0,NULL,'',0,0,'pero-agent.jpg','alogo3.png',NULL,NULL,NULL,NULL,'','','','','','','<iframe width=\"560\" height=\"315\" src=\"https://www.youtube.com/embed/jyze_lz6uDw\" frameborder=\"0\" allowfullscreen></iframe>',NULL,NULL,0,1,NULL,NULL,NULL,'','',NULL,NULL,NULL,NULL),(18,'user','f341be9a30','Test user','Cyro trento 23','My description 2','+385959055516','0','sanljiljan@geniuscript.com','2018-07-18 23:01:05','2014-01-26 12:23:26','USER','english',196,1,0,3,'2018-12-13 17:06:19','',0,0,NULL,NULL,'My real estate ltd','21000','Prename','0945621378','','','','','','0','','','{\"cinput_1\":\"aa\",\"cinput_2\":\"bbbc\",\"cinput_3\":\"1\"}',0,1,NULL,'::1',NULL,'','',NULL,NULL,NULL,NULL),(21,'user007','281ff','Imenko GubiÄ‡','','','',NULL,'user007@gemail.com','2014-06-03 18:45:48','2014-06-03 18:45:48','USER','croatian',247,1,0,0,NULL,NULL,0,0,'cute-baby-wallpapers-4.jpg',NULL,NULL,NULL,NULL,NULL,NULL,NULL,NULL,NULL,NULL,NULL,NULL,NULL,NULL,0,1,NULL,NULL,NULL,'','',NULL,NULL,NULL,NULL),(22,'tagent2','281ff','test agent 2','Vinogradska 567','Lorem ipsum dolor sit amet, consectetur adipiscing elit. Donec auctor diam in quam molestie ullamcorper. Praesent a tellus massa. Nulla laoreet tempus congue. Praesent ut ultrices nunc. Etiam at libero sed turpis tempor placerat in eget lectus. Curabitur pretium, ante vel aliquam lacinia, ipsum felis hendrerit leo, ut aliquet neque odio at nisl.','',NULL,'agent@ppoint.com',NULL,'2014-07-11 20:52:32','AGENT','croatian',254,0,1,0,NULL,'',0,0,NULL,NULL,NULL,NULL,NULL,NULL,NULL,NULL,NULL,NULL,NULL,NULL,NULL,NULL,NULL,0,1,NULL,NULL,NULL,'','',NULL,NULL,NULL,NULL),(28,'sandi@geniuscript.com','281ff','sandi@geniuscript.com','0','','0',NULL,'sandi@geniuscript.com','2014-12-17 12:16:26','2014-12-17 12:14:15','USER','',282,1,NULL,1,NULL,NULL,0,0,NULL,NULL,NULL,NULL,NULL,NULL,NULL,NULL,NULL,NULL,NULL,NULL,NULL,NULL,NULL,0,1,NULL,NULL,NULL,'','',NULL,NULL,NULL,NULL),(29,'agent2','281ff','agent2','','','',NULL,'agent2@gmail.com','2015-10-08 11:58:58','2015-09-21 19:06:33','AGENT_COUNTY_AFFILIATE','english',288,0,0,0,NULL,'',0,0,NULL,NULL,NULL,NULL,NULL,NULL,'','','','','','Ontario - Toronto - Downtown - City place -','','',NULL,0,1,NULL,NULL,NULL,'','',NULL,NULL,NULL,NULL),(35,'test5','281ff','test 5','','','+38598123',NULL,'test5@gmail.com',NULL,'2015-10-30 16:14:06','USER','english',NULL,1,NULL,1,NULL,NULL,0,0,NULL,NULL,NULL,NULL,NULL,NULL,NULL,NULL,NULL,NULL,NULL,NULL,NULL,NULL,NULL,0,1,NULL,NULL,NULL,'','',NULL,NULL,NULL,NULL),(36,'nlazar','27854382d5','NIkica Lazar','Luko Paljetka 34\r\n10000 Zagreb','','01234432','0','nlazar@gmail.com',NULL,'2017-06-03 20:16:23','AGENT','english',329,1,0,0,NULL,'',0,0,'photodune_712564_agent_xs.jpg','agencie_3.png',NULL,NULL,NULL,NULL,'','','','','','0','','','[]',0,0,0,'::1',NULL,'','',NULL,NULL,NULL,NULL);

--
-- Table structure for table `user_attend_listing`
--

DROP TABLE IF EXISTS `user_attend_listing`;
/*!40101 SET @saved_cs_client     = @@character_set_client */;
/*!40101 SET character_set_client = utf8 */;
CREATE TABLE `user_attend_listing` (
  `id` int(11) NOT NULL AUTO_INCREMENT,
  `user_id` int(11) DEFAULT NULL,
  `listing_id` int(11) DEFAULT NULL,
  `date` datetime DEFAULT NULL,
  `ip` varchar(45) COLLATE utf8_unicode_ci DEFAULT NULL,
  PRIMARY KEY (`id`)
) ENGINE=InnoDB DEFAULT CHARSET=utf8 COLLATE=utf8_unicode_ci;
/*!40101 SET character_set_client = @saved_cs_client */;

--
-- Dumping data for table `user_attend_listing`
--


--
-- Table structure for table `visits`
--

DROP TABLE IF EXISTS `visits`;
/*!40101 SET @saved_cs_client     = @@character_set_client */;
/*!40101 SET character_set_client = utf8 */;
CREATE TABLE `visits` (
  `id` int(11) NOT NULL AUTO_INCREMENT,
  `date_visit` datetime DEFAULT NULL,
  `date_created` datetime DEFAULT NULL,
  `date_confirmed` datetime DEFAULT NULL,
  `date_canceled` datetime DEFAULT NULL,
  `property_id` int(11) NOT NULL,
  `message` text NOT NULL,
  `client_id` int(11) NOT NULL,
  PRIMARY KEY (`id`)
) ENGINE=InnoDB DEFAULT CHARSET=utf8;
/*!40101 SET character_set_client = @saved_cs_client */;

--
-- Dumping data for table `visits`
--


--
-- Table structure for table `weather_cacher`
--

DROP TABLE IF EXISTS `weather_cacher`;
/*!40101 SET @saved_cs_client     = @@character_set_client */;
/*!40101 SET character_set_client = utf8 */;
CREATE TABLE `weather_cacher` (
  `id` int(11) NOT NULL AUTO_INCREMENT,
  `property_id` int(11) DEFAULT NULL,
  `lang_id` int(11) DEFAULT NULL,
  `weather_api` varchar(32) DEFAULT NULL,
  `value` text,
  `expire_date` datetime DEFAULT NULL,
  PRIMARY KEY (`id`)
) ENGINE=InnoDB AUTO_INCREMENT=9 DEFAULT CHARSET=utf8;
/*!40101 SET character_set_client = @saved_cs_client */;

--
-- Dumping data for table `weather_cacher`
--

INSERT INTO `weather_cacher` VALUES (1,14,1,'openweathermap','{\"city\":{\"id\":6695952,\"name\":\"Malarm\",\"coord\":{\"lon\":15.97716,\"lat\":45.75758},\"country\":\"HR\",\"population\":0},\"cod\":\"200\",\"message\":0.0076,\"cnt\":8,\"list\":[{\"dt\":1482141600,\"temp\":{\"day\":-2,\"min\":-5.23,\"max\":-1.01,\"night\":-5.23,\"eve\":-1.92,\"morn\":-2},\"pressure\":1020.66,\"humidity\":90,\"weather\":[{\"id\":600,\"main\":\"Snow\",\"description\":\"light snow\",\"icon\":\"13d\"}],\"speed\":1.52,\"deg\":17,\"clouds\":76,\"snow\":0.27},{\"dt\":1482228000,\"temp\":{\"day\":-4.23,\"min\":-5.86,\"max\":-2.76,\"night\":-4.89,\"eve\":-3.23,\"morn\":-5.83},\"pressure\":1019.78,\"humidity\":84,\"weather\":[{\"id\":800,\"main\":\"Clear\",\"description\":\"clear sky\",\"icon\":\"01d\"}],\"speed\":1.77,\"deg\":12,\"clouds\":68},{\"dt\":1482314400,\"temp\":{\"day\":-4.67,\"min\":-9.65,\"max\":-3.39,\"night\":-9.65,\"eve\":-4.17,\"morn\":-5.3},\"pressure\":1019.59,\"humidity\":94,\"weather\":[{\"id\":803,\"main\":\"Clouds\",\"description\":\"broken clouds\",\"icon\":\"04d\"}],\"speed\":1.36,\"deg\":2,\"clouds\":64},{\"dt\":1482400800,\"temp\":{\"day\":-4.78,\"min\":-12.7,\"max\":-4.78,\"night\":-12.7,\"eve\":-10.08,\"morn\":-8.9},\"pressure\":1016.27,\"humidity\":0,\"weather\":[{\"id\":800,\"main\":\"Clear\",\"description\":\"clear sky\",\"icon\":\"01d\"}],\"speed\":1.09,\"deg\":53,\"clouds\":26},{\"dt\":1482487200,\"temp\":{\"day\":-6.83,\"min\":-13.08,\"max\":-6.83,\"night\":-13.08,\"eve\":-11.33,\"morn\":-11.55},\"pressure\":1013.22,\"humidity\":0,\"weather\":[{\"id\":800,\"main\":\"Clear\",\"description\":\"clear sky\",\"icon\":\"01d\"}],\"speed\":1.51,\"deg\":0,\"clouds\":7},{\"dt\":1482573600,\"temp\":{\"day\":0.43,\"min\":-12.34,\"max\":0.43,\"night\":-9.87,\"eve\":-6.65,\"morn\":-12.34},\"pressure\":1012.97,\"humidity\":0,\"weather\":[{\"id\":800,\"main\":\"Clear\",\"description\":\"clear sky\",\"icon\":\"01d\"}],\"speed\":1.32,\"deg\":252,\"clouds\":50},{\"dt\":1482660000,\"temp\":{\"day\":-0.3,\"min\":-11.95,\"max\":-0.3,\"night\":-10.02,\"eve\":-7.89,\"morn\":-11.95},\"pressure\":1010.35,\"humidity\":0,\"weather\":[{\"id\":800,\"main\":\"Clear\",\"description\":\"clear sky\",\"icon\":\"01d\"}],\"speed\":0.17,\"deg\":92,\"clouds\":4},{\"dt\":1482746400,\"temp\":{\"day\":7.4,\"min\":-8.05,\"max\":7.4,\"night\":-1.87,\"eve\":0.53,\"morn\":-8.05},\"pressure\":1005.74,\"humidity\":0,\"weather\":[{\"id\":800,\"main\":\"Clear\",\"description\":\"clear sky\",\"icon\":\"01d\"}],\"speed\":2.37,\"deg\":259,\"clouds\":55}]}','2016-12-19 15:50:55'),(2,12,1,'openweathermap','{\"city\":{\"id\":3196893,\"name\":\"Kursanec\",\"coord\":{\"lon\":16.40167,\"lat\":46.33028},\"country\":\"HR\",\"population\":0},\"cod\":\"200\",\"message\":0.0076,\"cnt\":8,\"list\":[{\"dt\":1482141600,\"temp\":{\"day\":-2,\"min\":-5.23,\"max\":-1.01,\"night\":-5.23,\"eve\":-1.92,\"morn\":-2},\"pressure\":1020.66,\"humidity\":90,\"weather\":[{\"id\":600,\"main\":\"Snow\",\"description\":\"light snow\",\"icon\":\"13d\"}],\"speed\":1.52,\"deg\":17,\"clouds\":76,\"snow\":0.27},{\"dt\":1482228000,\"temp\":{\"day\":-4.23,\"min\":-5.86,\"max\":-2.76,\"night\":-4.89,\"eve\":-3.23,\"morn\":-5.83},\"pressure\":1019.78,\"humidity\":84,\"weather\":[{\"id\":800,\"main\":\"Clear\",\"description\":\"clear sky\",\"icon\":\"01d\"}],\"speed\":1.77,\"deg\":12,\"clouds\":68},{\"dt\":1482314400,\"temp\":{\"day\":-4.67,\"min\":-9.65,\"max\":-3.39,\"night\":-9.65,\"eve\":-4.17,\"morn\":-5.3},\"pressure\":1019.59,\"humidity\":94,\"weather\":[{\"id\":803,\"main\":\"Clouds\",\"description\":\"broken clouds\",\"icon\":\"04d\"}],\"speed\":1.36,\"deg\":2,\"clouds\":64},{\"dt\":1482400800,\"temp\":{\"day\":-4.78,\"min\":-12.7,\"max\":-4.78,\"night\":-12.7,\"eve\":-10.08,\"morn\":-8.9},\"pressure\":1016.27,\"humidity\":0,\"weather\":[{\"id\":800,\"main\":\"Clear\",\"description\":\"clear sky\",\"icon\":\"01d\"}],\"speed\":1.09,\"deg\":53,\"clouds\":26},{\"dt\":1482487200,\"temp\":{\"day\":-6.83,\"min\":-13.08,\"max\":-6.83,\"night\":-13.08,\"eve\":-11.33,\"morn\":-11.55},\"pressure\":1013.22,\"humidity\":0,\"weather\":[{\"id\":800,\"main\":\"Clear\",\"description\":\"clear sky\",\"icon\":\"01d\"}],\"speed\":1.51,\"deg\":0,\"clouds\":7},{\"dt\":1482573600,\"temp\":{\"day\":0.43,\"min\":-12.34,\"max\":0.43,\"night\":-9.87,\"eve\":-6.65,\"morn\":-12.34},\"pressure\":1012.97,\"humidity\":0,\"weather\":[{\"id\":800,\"main\":\"Clear\",\"description\":\"clear sky\",\"icon\":\"01d\"}],\"speed\":1.32,\"deg\":252,\"clouds\":50},{\"dt\":1482660000,\"temp\":{\"day\":-0.3,\"min\":-11.95,\"max\":-0.3,\"night\":-10.02,\"eve\":-7.89,\"morn\":-11.95},\"pressure\":1010.35,\"humidity\":0,\"weather\":[{\"id\":800,\"main\":\"Clear\",\"description\":\"clear sky\",\"icon\":\"01d\"}],\"speed\":0.17,\"deg\":92,\"clouds\":4},{\"dt\":1482746400,\"temp\":{\"day\":7.4,\"min\":-8.05,\"max\":7.4,\"night\":-1.87,\"eve\":0.53,\"morn\":-8.05},\"pressure\":1005.74,\"humidity\":0,\"weather\":[{\"id\":800,\"main\":\"Clear\",\"description\":\"clear sky\",\"icon\":\"01d\"}],\"speed\":2.37,\"deg\":259,\"clouds\":55}]}','2016-12-19 15:38:50'),(3,8,1,'openweathermap','{\"city\":{\"id\":3193754,\"name\":\"Ozalj\",\"coord\":{\"lon\":15.46194,\"lat\":45.60667},\"country\":\"HR\",\"population\":0},\"cod\":\"200\",\"message\":0.2268,\"cnt\":8,\"list\":[{\"dt\":1480759200,\"temp\":{\"day\":5.53,\"min\":-0.93,\"max\":5.53,\"night\":-0.93,\"eve\":3.62,\"morn\":5.53},\"pressure\":970.99,\"humidity\":72,\"weather\":[{\"id\":600,\"main\":\"Snow\",\"description\":\"light snow\",\"icon\":\"13d\"}],\"speed\":1.24,\"deg\":110,\"clouds\":32,\"snow\":0.06},{\"dt\":1480845600,\"temp\":{\"day\":-3.3,\"min\":-8.3,\"max\":0.25,\"night\":-8.3,\"eve\":-1.49,\"morn\":-5.21},\"pressure\":977.15,\"humidity\":82,\"weather\":[{\"id\":800,\"main\":\"Clear\",\"description\":\"clear sky\",\"icon\":\"01d\"}],\"speed\":1.16,\"deg\":30,\"clouds\":0,\"snow\":0.02},{\"dt\":1480932000,\"temp\":{\"day\":-4.64,\"min\":-9.86,\"max\":0.33,\"night\":-8.08,\"eve\":-1.14,\"morn\":-9.42},\"pressure\":977.48,\"humidity\":72,\"weather\":[{\"id\":800,\"main\":\"Clear\",\"description\":\"clear sky\",\"icon\":\"01d\"}],\"speed\":1.06,\"deg\":327,\"clouds\":8,\"snow\":0.01},{\"dt\":1481018400,\"temp\":{\"day\":0.18,\"min\":-9.78,\"max\":0.18,\"night\":-8.51,\"eve\":-5.96,\"morn\":-9.78},\"pressure\":975.52,\"humidity\":0,\"weather\":[{\"id\":800,\"main\":\"Clear\",\"description\":\"clear sky\",\"icon\":\"01d\"}],\"speed\":1.19,\"deg\":317,\"clouds\":1},{\"dt\":1481104800,\"temp\":{\"day\":1.29,\"min\":-9.11,\"max\":1.29,\"night\":-7.96,\"eve\":-5.5,\"morn\":-9.11},\"pressure\":973.95,\"humidity\":0,\"weather\":[{\"id\":800,\"main\":\"Clear\",\"description\":\"clear sky\",\"icon\":\"01d\"}],\"speed\":0.94,\"deg\":341,\"clouds\":0},{\"dt\":1481191200,\"temp\":{\"day\":4.46,\"min\":-6.83,\"max\":4.46,\"night\":-1.48,\"eve\":-1.67,\"morn\":-6.83},\"pressure\":966.83,\"humidity\":0,\"weather\":[{\"id\":500,\"main\":\"Rain\",\"description\":\"light rain\",\"icon\":\"10d\"}],\"speed\":1.26,\"deg\":279,\"clouds\":18},{\"dt\":1481277600,\"temp\":{\"day\":5.44,\"min\":-4.52,\"max\":5.44,\"night\":-4.52,\"eve\":-2.31,\"morn\":-3.42},\"pressure\":967.54,\"humidity\":0,\"weather\":[{\"id\":800,\"main\":\"Clear\",\"description\":\"clear sky\",\"icon\":\"01d\"}],\"speed\":1.21,\"deg\":330,\"clouds\":4},{\"dt\":1481364000,\"temp\":{\"day\":4.82,\"min\":-5.02,\"max\":4.82,\"night\":-2.83,\"eve\":-1.14,\"morn\":-5.02},\"pressure\":964.43,\"humidity\":0,\"weather\":[{\"id\":500,\"main\":\"Rain\",\"description\":\"light rain\",\"icon\":\"10d\"}],\"speed\":1.26,\"deg\":276,\"clouds\":94}]}','2016-12-03 19:29:35'),(4,29,1,'openweathermap','{\"city\":{\"id\":3188040,\"name\":\"Veliki LovreÄan\",\"coord\":{\"lon\":16.08333,\"lat\":46.383331},\"country\":\"HR\",\"population\":0},\"cod\":\"200\",\"message\":0.0079,\"cnt\":8,\"list\":[{\"dt\":1478772000,\"temp\":{\"day\":8,\"min\":-0.64,\"max\":8.39,\"night\":-0.64,\"eve\":7.21,\"morn\":8},\"pressure\":994.65,\"humidity\":100,\"weather\":[{\"id\":600,\"main\":\"Snow\",\"description\":\"light snow\",\"icon\":\"13d\"}],\"speed\":1.61,\"deg\":205,\"clouds\":92,\"rain\":1.63,\"snow\":0.37},{\"dt\":1478858400,\"temp\":{\"day\":0.92,\"min\":-0.83,\"max\":3.28,\"night\":3.28,\"eve\":2.9,\"morn\":-0.83},\"pressure\":999.21,\"humidity\":100,\"weather\":[{\"id\":501,\"main\":\"Rain\",\"description\":\"moderate rain\",\"icon\":\"10d\"}],\"speed\":1.48,\"deg\":336,\"clouds\":80,\"rain\":6.99},{\"dt\":1478944800,\"temp\":{\"day\":2.55,\"min\":-4.12,\"max\":3.96,\"night\":-4.12,\"eve\":2.85,\"morn\":1.93},\"pressure\":1005.21,\"humidity\":90,\"weather\":[{\"id\":600,\"main\":\"Snow\",\"description\":\"light snow\",\"icon\":\"13d\"}],\"speed\":4.51,\"deg\":24,\"clouds\":76,\"rain\":2.43,\"snow\":0.54},{\"dt\":1479031200,\"temp\":{\"day\":5.38,\"min\":1.8,\"max\":5.38,\"night\":2.23,\"eve\":3.51,\"morn\":1.8},\"pressure\":1003.75,\"humidity\":0,\"weather\":[{\"id\":600,\"main\":\"Snow\",\"description\":\"light snow\",\"icon\":\"13d\"}],\"speed\":3.02,\"deg\":3,\"clouds\":34,\"rain\":1.78,\"snow\":0.12},{\"dt\":1479117600,\"temp\":{\"day\":3.5,\"min\":1.03,\"max\":3.5,\"night\":2.78,\"eve\":2.75,\"morn\":1.03},\"pressure\":1010.92,\"humidity\":0,\"weather\":[{\"id\":600,\"main\":\"Snow\",\"description\":\"light snow\",\"icon\":\"13d\"}],\"speed\":5.01,\"deg\":19,\"clouds\":33,\"rain\":1.51,\"snow\":0.23},{\"dt\":1479204000,\"temp\":{\"day\":5.17,\"min\":-1.34,\"max\":5.17,\"night\":-1.34,\"eve\":1.36,\"morn\":2.66},\"pressure\":1008.44,\"humidity\":0,\"weather\":[{\"id\":600,\"main\":\"Snow\",\"description\":\"light snow\",\"icon\":\"13d\"}],\"speed\":1.51,\"deg\":13,\"clouds\":85,\"rain\":1.48,\"snow\":0.11},{\"dt\":1479290400,\"temp\":{\"day\":8.84,\"min\":-3.2,\"max\":8.84,\"night\":2.44,\"eve\":3.9,\"morn\":-3.2},\"pressure\":1030.94,\"humidity\":0,\"weather\":[{\"id\":800,\"main\":\"Clear\",\"description\":\"clear sky\",\"icon\":\"01d\"}],\"speed\":0,\"deg\":0,\"clouds\":0},{\"dt\":1479376800,\"temp\":{\"day\":8.56,\"min\":3.72,\"max\":8.56,\"night\":3.72,\"eve\":4.42,\"morn\":3.8},\"pressure\":992.49,\"humidity\":0,\"weather\":[{\"id\":500,\"main\":\"Rain\",\"description\":\"light rain\",\"icon\":\"10d\"}],\"speed\":3.02,\"deg\":236,\"clouds\":99,\"rain\":2.87}]}','2016-11-10 16:25:39'),(5,10,1,'openweathermap','{\"city\":{\"id\":3197230,\"name\":\"Krizevci\",\"coord\":{\"lon\":16.5425,\"lat\":46.021938},\"country\":\"HR\",\"population\":0},\"cod\":\"200\",\"message\":0.0494,\"cnt\":8,\"list\":[{\"dt\":1471082400,\"temp\":{\"day\":19.81,\"min\":15.83,\"max\":19.81,\"night\":15.83,\"eve\":19.81,\"morn\":19.81},\"pressure\":1019.28,\"humidity\":80,\"weather\":[{\"id\":800,\"main\":\"Clear\",\"description\":\"clear sky\",\"icon\":\"01d\"}],\"speed\":1.26,\"deg\":162,\"clouds\":0},{\"dt\":1471168800,\"temp\":{\"day\":23.49,\"min\":12.81,\"max\":26.07,\"night\":17.1,\"eve\":26.07,\"morn\":12.81},\"pressure\":1018.8,\"humidity\":80,\"weather\":[{\"id\":800,\"main\":\"Clear\",\"description\":\"clear sky\",\"icon\":\"01d\"}],\"speed\":2.57,\"deg\":212,\"clouds\":0},{\"dt\":1471255200,\"temp\":{\"day\":24.02,\"min\":14.24,\"max\":26.68,\"night\":19.27,\"eve\":25.89,\"morn\":14.24},\"pressure\":1015.77,\"humidity\":80,\"weather\":[{\"id\":802,\"main\":\"Clouds\",\"description\":\"scattered clouds\",\"icon\":\"03d\"}],\"speed\":1.87,\"deg\":4,\"clouds\":32},{\"dt\":1471341600,\"temp\":{\"day\":21.03,\"min\":17.37,\"max\":24.78,\"night\":18.73,\"eve\":24.78,\"morn\":17.37},\"pressure\":1013.62,\"humidity\":81,\"weather\":[{\"id\":804,\"main\":\"Clouds\",\"description\":\"overcast clouds\",\"icon\":\"04d\"}],\"speed\":2.21,\"deg\":82,\"clouds\":88},{\"dt\":1471428000,\"temp\":{\"day\":29.3,\"min\":18.39,\"max\":29.3,\"night\":18.39,\"eve\":24.63,\"morn\":21.79},\"pressure\":1003.41,\"humidity\":0,\"weather\":[{\"id\":500,\"main\":\"Rain\",\"description\":\"light rain\",\"icon\":\"10d\"}],\"speed\":0.95,\"deg\":235,\"clouds\":0,\"rain\":0.42},{\"dt\":1471514400,\"temp\":{\"day\":30.1,\"min\":19.74,\"max\":30.1,\"night\":19.74,\"eve\":24.8,\"morn\":21.44},\"pressure\":1001.65,\"humidity\":0,\"weather\":[{\"id\":500,\"main\":\"Rain\",\"description\":\"light rain\",\"icon\":\"10d\"}],\"speed\":2.69,\"deg\":210,\"clouds\":3,\"rain\":1.06},{\"dt\":1471600800,\"temp\":{\"day\":27.64,\"min\":18.73,\"max\":27.64,\"night\":18.73,\"eve\":23.17,\"morn\":20.81},\"pressure\":1003.71,\"humidity\":0,\"weather\":[{\"id\":500,\"main\":\"Rain\",\"description\":\"light rain\",\"icon\":\"10d\"}],\"speed\":2.15,\"deg\":316,\"clouds\":3,\"rain\":1.74},{\"dt\":1471687200,\"temp\":{\"day\":27.1,\"min\":18.92,\"max\":27.1,\"night\":18.92,\"eve\":23.8,\"morn\":20.93},\"pressure\":1006.23,\"humidity\":0,\"weather\":[{\"id\":500,\"main\":\"Rain\",\"description\":\"light rain\",\"icon\":\"10d\"}],\"speed\":1.69,\"deg\":151,\"clouds\":34,\"rain\":0.5}]}','2016-08-14 00:57:55'),(6,30,1,'openweathermap','{\"city\":{\"id\":3188040,\"name\":\"Veliki LovreÄan\",\"coord\":{\"lon\":16.08333,\"lat\":46.383331},\"country\":\"HR\",\"population\":0},\"cod\":\"200\",\"message\":0.0076,\"cnt\":8,\"list\":[{\"dt\":1482141600,\"temp\":{\"day\":-2,\"min\":-5.23,\"max\":-1.01,\"night\":-5.23,\"eve\":-1.92,\"morn\":-2},\"pressure\":1020.66,\"humidity\":90,\"weather\":[{\"id\":600,\"main\":\"Snow\",\"description\":\"light snow\",\"icon\":\"13d\"}],\"speed\":1.52,\"deg\":17,\"clouds\":76,\"snow\":0.27},{\"dt\":1482228000,\"temp\":{\"day\":-4.23,\"min\":-5.86,\"max\":-2.76,\"night\":-4.89,\"eve\":-3.23,\"morn\":-5.83},\"pressure\":1019.78,\"humidity\":84,\"weather\":[{\"id\":800,\"main\":\"Clear\",\"description\":\"clear sky\",\"icon\":\"01d\"}],\"speed\":1.77,\"deg\":12,\"clouds\":68},{\"dt\":1482314400,\"temp\":{\"day\":-4.67,\"min\":-9.65,\"max\":-3.39,\"night\":-9.65,\"eve\":-4.17,\"morn\":-5.3},\"pressure\":1019.59,\"humidity\":94,\"weather\":[{\"id\":803,\"main\":\"Clouds\",\"description\":\"broken clouds\",\"icon\":\"04d\"}],\"speed\":1.36,\"deg\":2,\"clouds\":64},{\"dt\":1482400800,\"temp\":{\"day\":-4.78,\"min\":-12.7,\"max\":-4.78,\"night\":-12.7,\"eve\":-10.08,\"morn\":-8.9},\"pressure\":1016.27,\"humidity\":0,\"weather\":[{\"id\":800,\"main\":\"Clear\",\"description\":\"clear sky\",\"icon\":\"01d\"}],\"speed\":1.09,\"deg\":53,\"clouds\":26},{\"dt\":1482487200,\"temp\":{\"day\":-6.83,\"min\":-13.08,\"max\":-6.83,\"night\":-13.08,\"eve\":-11.33,\"morn\":-11.55},\"pressure\":1013.22,\"humidity\":0,\"weather\":[{\"id\":800,\"main\":\"Clear\",\"description\":\"clear sky\",\"icon\":\"01d\"}],\"speed\":1.51,\"deg\":0,\"clouds\":7},{\"dt\":1482573600,\"temp\":{\"day\":0.43,\"min\":-12.34,\"max\":0.43,\"night\":-9.87,\"eve\":-6.65,\"morn\":-12.34},\"pressure\":1012.97,\"humidity\":0,\"weather\":[{\"id\":800,\"main\":\"Clear\",\"description\":\"clear sky\",\"icon\":\"01d\"}],\"speed\":1.32,\"deg\":252,\"clouds\":50},{\"dt\":1482660000,\"temp\":{\"day\":-0.3,\"min\":-11.95,\"max\":-0.3,\"night\":-10.02,\"eve\":-7.89,\"morn\":-11.95},\"pressure\":1010.35,\"humidity\":0,\"weather\":[{\"id\":800,\"main\":\"Clear\",\"description\":\"clear sky\",\"icon\":\"01d\"}],\"speed\":0.17,\"deg\":92,\"clouds\":4},{\"dt\":1482746400,\"temp\":{\"day\":7.4,\"min\":-8.05,\"max\":7.4,\"night\":-1.87,\"eve\":0.53,\"morn\":-8.05},\"pressure\":1005.74,\"humidity\":0,\"weather\":[{\"id\":800,\"main\":\"Clear\",\"description\":\"clear sky\",\"icon\":\"01d\"}],\"speed\":2.37,\"deg\":259,\"clouds\":55}]}','2016-12-19 15:51:11'),(7,19,1,'openweathermap','{\"city\":{\"id\":3204383,\"name\":\"Bedenica\",\"coord\":{\"lon\":16.242781,\"lat\":46.033329},\"country\":\"HR\",\"population\":0},\"cod\":\"200\",\"message\":0.0076,\"cnt\":8,\"list\":[{\"dt\":1482141600,\"temp\":{\"day\":-2,\"min\":-5.23,\"max\":-1.01,\"night\":-5.23,\"eve\":-1.92,\"morn\":-2},\"pressure\":1020.66,\"humidity\":90,\"weather\":[{\"id\":600,\"main\":\"Snow\",\"description\":\"light snow\",\"icon\":\"13d\"}],\"speed\":1.52,\"deg\":17,\"clouds\":76,\"snow\":0.27},{\"dt\":1482228000,\"temp\":{\"day\":-4.23,\"min\":-5.86,\"max\":-2.76,\"night\":-4.89,\"eve\":-3.23,\"morn\":-5.83},\"pressure\":1019.78,\"humidity\":84,\"weather\":[{\"id\":800,\"main\":\"Clear\",\"description\":\"clear sky\",\"icon\":\"01d\"}],\"speed\":1.77,\"deg\":12,\"clouds\":68},{\"dt\":1482314400,\"temp\":{\"day\":-4.67,\"min\":-9.65,\"max\":-3.39,\"night\":-9.65,\"eve\":-4.17,\"morn\":-5.3},\"pressure\":1019.59,\"humidity\":94,\"weather\":[{\"id\":803,\"main\":\"Clouds\",\"description\":\"broken clouds\",\"icon\":\"04d\"}],\"speed\":1.36,\"deg\":2,\"clouds\":64},{\"dt\":1482400800,\"temp\":{\"day\":-4.78,\"min\":-12.7,\"max\":-4.78,\"night\":-12.7,\"eve\":-10.08,\"morn\":-8.9},\"pressure\":1016.27,\"humidity\":0,\"weather\":[{\"id\":800,\"main\":\"Clear\",\"description\":\"clear sky\",\"icon\":\"01d\"}],\"speed\":1.09,\"deg\":53,\"clouds\":26},{\"dt\":1482487200,\"temp\":{\"day\":-6.83,\"min\":-13.08,\"max\":-6.83,\"night\":-13.08,\"eve\":-11.33,\"morn\":-11.55},\"pressure\":1013.22,\"humidity\":0,\"weather\":[{\"id\":800,\"main\":\"Clear\",\"description\":\"clear sky\",\"icon\":\"01d\"}],\"speed\":1.51,\"deg\":0,\"clouds\":7},{\"dt\":1482573600,\"temp\":{\"day\":0.43,\"min\":-12.34,\"max\":0.43,\"night\":-9.87,\"eve\":-6.65,\"morn\":-12.34},\"pressure\":1012.97,\"humidity\":0,\"weather\":[{\"id\":800,\"main\":\"Clear\",\"description\":\"clear sky\",\"icon\":\"01d\"}],\"speed\":1.32,\"deg\":252,\"clouds\":50},{\"dt\":1482660000,\"temp\":{\"day\":-0.3,\"min\":-11.95,\"max\":-0.3,\"night\":-10.02,\"eve\":-7.89,\"morn\":-11.95},\"pressure\":1010.35,\"humidity\":0,\"weather\":[{\"id\":800,\"main\":\"Clear\",\"description\":\"clear sky\",\"icon\":\"01d\"}],\"speed\":0.17,\"deg\":92,\"clouds\":4},{\"dt\":1482746400,\"temp\":{\"day\":7.4,\"min\":-8.05,\"max\":7.4,\"night\":-1.87,\"eve\":0.53,\"morn\":-8.05},\"pressure\":1005.74,\"humidity\":0,\"weather\":[{\"id\":800,\"main\":\"Clear\",\"description\":\"clear sky\",\"icon\":\"01d\"}],\"speed\":2.37,\"deg\":259,\"clouds\":55}]}','2016-12-19 15:51:31'),(8,18,1,'openweathermap','{\"city\":{\"id\":3194367,\"name\":\"Novi Marof\",\"coord\":{\"lon\":16.33028,\"lat\":46.161942},\"country\":\"HR\",\"population\":0},\"cod\":\"200\",\"message\":4.4379,\"cnt\":8,\"list\":[{\"dt\":1482055200,\"temp\":{\"day\":-4.23,\"min\":-11.05,\"max\":-2.39,\"night\":-11.05,\"eve\":-3.5,\"morn\":-4.46},\"pressure\":1020.37,\"humidity\":90,\"weather\":[{\"id\":802,\"main\":\"Clouds\",\"description\":\"scattered clouds\",\"icon\":\"03d\"}],\"speed\":1.32,\"deg\":302,\"clouds\":48},{\"dt\":1482141600,\"temp\":{\"day\":-3.08,\"min\":-11.2,\"max\":-2.84,\"night\":-2.84,\"eve\":-4.45,\"morn\":-11.2},\"pressure\":1004.1,\"humidity\":0,\"weather\":[{\"id\":800,\"main\":\"Clear\",\"description\":\"clear sky\",\"icon\":\"01d\"}],\"speed\":1.16,\"deg\":216,\"clouds\":98,\"snow\":0.02},{\"dt\":1482228000,\"temp\":{\"day\":1.39,\"min\":-5.8,\"max\":1.39,\"night\":-5.8,\"eve\":-2.3,\"morn\":-2.58},\"pressure\":1008.33,\"humidity\":0,\"weather\":[{\"id\":600,\"main\":\"Snow\",\"description\":\"light snow\",\"icon\":\"13d\"}],\"speed\":4.44,\"deg\":23,\"clouds\":91,\"snow\":0.35},{\"dt\":1482314400,\"temp\":{\"day\":-5.58,\"min\":-13.64,\"max\":-5.58,\"night\":-13.64,\"eve\":-10.12,\"morn\":-10.05},\"pressure\":1022.15,\"humidity\":0,\"weather\":[{\"id\":800,\"main\":\"Clear\",\"description\":\"clear sky\",\"icon\":\"01d\"}],\"speed\":1.72,\"deg\":30,\"clouds\":0},{\"dt\":1482400800,\"temp\":{\"day\":-4.36,\"min\":-15.05,\"max\":-4.36,\"night\":-14.68,\"eve\":-10.49,\"morn\":-15.05},\"pressure\":1021.43,\"humidity\":0,\"weather\":[{\"id\":800,\"main\":\"Clear\",\"description\":\"clear sky\",\"icon\":\"01d\"}],\"speed\":0.73,\"deg\":80,\"clouds\":2},{\"dt\":1482487200,\"temp\":{\"day\":-7.51,\"min\":-17.2,\"max\":-7.51,\"night\":-14.12,\"eve\":-12.46,\"morn\":-17.2},\"pressure\":1020.66,\"humidity\":0,\"weather\":[{\"id\":600,\"main\":\"Snow\",\"description\":\"light snow\",\"icon\":\"13d\"}],\"speed\":0.72,\"deg\":40,\"clouds\":4,\"snow\":0.04},{\"dt\":1482573600,\"temp\":{\"day\":-4.18,\"min\":-15.62,\"max\":-4.18,\"night\":-14.11,\"eve\":-11.33,\"morn\":-15.62},\"pressure\":1019.39,\"humidity\":0,\"weather\":[{\"id\":800,\"main\":\"Clear\",\"description\":\"clear sky\",\"icon\":\"01d\"}],\"speed\":0.57,\"deg\":173,\"clouds\":2},{\"dt\":1482660000,\"temp\":{\"day\":-1.99,\"min\":-14.92,\"max\":-1.99,\"night\":-13.53,\"eve\":-10.37,\"morn\":-14.92},\"pressure\":1014.73,\"humidity\":0,\"weather\":[{\"id\":800,\"main\":\"Clear\",\"description\":\"clear sky\",\"icon\":\"01d\"}],\"speed\":0.79,\"deg\":91,\"clouds\":0}]}','2016-12-18 15:17:35');

--
-- Table structure for table `widget_options`
--

DROP TABLE IF EXISTS `widget_options`;
/*!40101 SET @saved_cs_client     = @@character_set_client */;
/*!40101 SET character_set_client = utf8 */;
CREATE TABLE `widget_options` (
  `id` int(11) NOT NULL AUTO_INCREMENT,
  `template` varchar(64) COLLATE utf8_unicode_ci NOT NULL DEFAULT '',
  `page_id` int(11) DEFAULT NULL,
  `widget_name` varchar(256) COLLATE utf8_unicode_ci NOT NULL DEFAULT '',
  `option_name` varchar(256) COLLATE utf8_unicode_ci NOT NULL DEFAULT '',
  PRIMARY KEY (`id`)
) ENGINE=InnoDB DEFAULT CHARSET=utf8 COLLATE=utf8_unicode_ci;
/*!40101 SET character_set_client = @saved_cs_client */;

--
-- Dumping data for table `widget_options`
--


--
-- Table structure for table `widget_options_lang`
--

DROP TABLE IF EXISTS `widget_options_lang`;
/*!40101 SET @saved_cs_client     = @@character_set_client */;
/*!40101 SET character_set_client = utf8 */;
CREATE TABLE `widget_options_lang` (
  `id` int(11) NOT NULL AUTO_INCREMENT,
  `widget_options_id` int(11) DEFAULT NULL,
  `language_id` int(11) DEFAULT NULL,
  `value` text COLLATE utf8_unicode_ci NOT NULL,
  PRIMARY KEY (`id`)
) ENGINE=InnoDB DEFAULT CHARSET=utf8 COLLATE=utf8_unicode_ci;
/*!40101 SET character_set_client = @saved_cs_client */;

--
-- Dumping data for table `widget_options_lang`
--


--
-- Table structure for table `withdrawal`
--

DROP TABLE IF EXISTS `withdrawal`;
/*!40101 SET @saved_cs_client     = @@character_set_client */;
/*!40101 SET character_set_client = utf8 */;
CREATE TABLE `withdrawal` (
  `id_withdrawal` int(11) NOT NULL AUTO_INCREMENT,
  `user_id` int(11) DEFAULT NULL,
  `amount` decimal(10,2) DEFAULT NULL,
  `currency` varchar(45) COLLATE utf8_unicode_ci DEFAULT NULL,
  `completed` tinyint(1) DEFAULT '0',
  `date_requested` datetime DEFAULT NULL,
  `date_completed` datetime DEFAULT NULL,
  `withdrawal_email` varchar(160) COLLATE utf8_unicode_ci DEFAULT NULL,
  PRIMARY KEY (`id_withdrawal`)
) ENGINE=InnoDB AUTO_INCREMENT=5 DEFAULT CHARSET=utf8 COLLATE=utf8_unicode_ci;
/*!40101 SET character_set_client = @saved_cs_client */;

--
-- Dumping data for table `withdrawal`
--

INSERT INTO `withdrawal` VALUES (3,18,10.00,'USD',0,'2015-03-11 16:20:47',NULL,'sandi.winter@gmail.com'),(4,18,8.00,'USD',0,'2015-03-13 18:12:13',NULL,'sandi.winter@gmail.com');
/*!40103 SET TIME_ZONE=@OLD_TIME_ZONE */;

/*!40101 SET SQL_MODE=@OLD_SQL_MODE */;
/*!40014 SET FOREIGN_KEY_CHECKS=@OLD_FOREIGN_KEY_CHECKS */;
/*!40014 SET UNIQUE_CHECKS=@OLD_UNIQUE_CHECKS */;
/*!40101 SET CHARACTER_SET_CLIENT=@OLD_CHARACTER_SET_CLIENT */;
/*!40101 SET CHARACTER_SET_RESULTS=@OLD_CHARACTER_SET_RESULTS */;
/*!40101 SET COLLATION_CONNECTION=@OLD_COLLATION_CONNECTION */;
/*!40111 SET SQL_NOTES=@OLD_SQL_NOTES */;

-- Dump completed on 2022-05-20 15:34:32
